1.440651e+00,1.122856e+00,1.340508e+00,2.603947e+00,2.252907e-02,0.000000e+00,0.000000e+00,4.151541e-01,0.000000e+00,0.000000e+00
0.000000e+00,4.770166e-01,1.524932e-01,3.148783e-01,2.808090e-02,1.878886e-01,1.986796e-01,2.010021e-01,3.064785e-01,7.235971e-01
2.281891e-02,9.857207e-01,6.438666e-02,6.710140e-02,2.441376e-01,2.385229e-01,6.833407e-01,4.856533e-01,7.614369e-02,5.862154e-01
2.788088e-02,1.212555e+00,1.335555e-01,2.418197e-01,1.274995e-01,5.411502e-01,6.574085e-01,3.549353e-01,2.048668e-01,5.613100e-01
5.053551e+00,2.343435e+00,1.495547e+00,3.015568e+00,4.611919e+00,5.047491e+00,6.940555e-01,1.539610e-01,4.835541e-01,1.364040e-02
0.000000e+00,4.612383e+00,3.974382e-01,0.000000e+00,0.000000e+00,1.445428e+00,0.000000e+00,5.805921e-01,1.344126e+00,2.221827e+00
7.079580e-01,5.772702e+00,4.473106e-01,0.000000e+00,0.000000e+00,0.000000e+00,1.493198e+00,1.478720e+00,3.122750e+00,0.000000e+00
3.409211e-02,7.276779e-01,1.487283e-01,1.085353e-01,1.813346e-01,2.860850e-01,4.632381e-02,2.388848e-01,2.086677e-01,3.264978e-01
2.486096e-01,5.772488e-01,9.558804e-02,4.662647e-01,1.970119e-01,1.695833e-01,0.000000e+00,7.656636e-02,4.553316e-01,3.090743e-01
0.000000e+00,1.029089e+00,7.595836e-02,0.000000e+00,7.079601e-01,6.967426e-01,2.356365e-01,6.815671e-01,3.160613e-01,3.304491e-01
1.511084e-01,2.508347e-01,0.000000e+00,2.455004e-01,4.959331e-01,6.243802e-01,8.202717e-02,3.103390e-01,9.737419e-02,4.547601e-01
3.363116e-01,1.647077e+00,2.336647e-01,5.758859e-01,1.032468e-01,2.152348e-01,7.323683e-01,9.286180e-01,4.144555e-01,2.413446e-01
5.036475e+00,3.018424e+00,1.432830e+00,3.406960e+00,3.971337e-01,1.353097e+00,4.582346e-01,7.298996e-01,1.676967e-01,6.738768e-01
7.023398e-02,6.986176e-01,1.540567e-01,6.255189e-01,2.279488e-01,1.142394e-01,5.401424e-01,5.675632e-01,3.042632e-01,5.556129e-01
0.000000e+00,1.431393e-01,1.061663e-01,4.857373e-02,8.852873e-01,4.335980e-01,0.000000e+00,3.380349e+00,4.520458e-01,3.995499e-01
3.355538e+00,1.241874e+00,1.495389e+00,3.600815e+00,1.544993e+00,2.509049e+00,6.140581e-01,5.494986e-01,0.000000e+00,6.993537e-01
0.000000e+00,6.156120e-01,8.698304e-02,0.000000e+00,2.696781e-01,5.209736e-01,1.073133e-01,2.181208e-01,2.187244e-01,3.644383e-01
1.016549e-01,4.781846e-01,1.434011e-01,1.496143e-01,5.757445e-02,2.311975e-01,8.189605e-02,0.000000e+00,0.000000e+00,4.012071e-01
0.000000e+00,1.617167e-01,2.749947e-01,9.029766e-02,9.316994e-01,1.055827e+00,1.184861e-01,5.050677e-01,5.330262e-01,7.180440e-01
1.342400e-01,3.982684e-01,4.914078e-02,8.115338e-02,2.336276e-01,2.767678e-01,3.689616e-01,2.103263e-01,0.000000e+00,0.000000e+00
1.019317e-01,1.241749e+00,0.000000e+00,1.272810e-01,1.325669e-01,4.235089e-01,6.895226e-01,1.805716e-01,4.065165e-01,7.698335e-01
0.000000e+00,1.992946e+00,0.000000e+00,1.628478e-01,8.576233e-01,1.105836e+00,1.119975e+00,2.579440e-01,4.223174e-01,1.131061e+00
0.000000e+00,2.037616e+00,0.000000e+00,1.730656e-01,0.000000e+00,1.202804e-01,8.888202e-01,0.000000e+00,6.166863e-01,1.265851e+00
8.514959e-02,3.041632e-01,8.261815e-02,2.582999e-01,3.308089e-02,2.339057e-01,1.542749e-01,2.386538e-01,4.242683e-01,3.849979e-01
5.083204e+00,2.606590e+00,1.693245e+00,2.720995e+00,5.607663e+00,5.760312e+00,4.504022e-01,5.045276e-02,1.101854e+00,8.860073e-01
0.000000e+00,1.179287e+00,0.000000e+00,5.240387e-02,0.000000e+00,1.532132e-01,3.790310e-01,3.782944e-01,1.745084e-01,2.748205e-01
3.754099e-01,7.571156e-01,3.087318e-01,3.296428e-01,1.993839e-01,5.411635e-01,3.525906e-01,2.455047e-02,3.761269e-01,5.423160e-01
1.210098e-01,3.795560e-01,1.362873e-01,2.822942e-02,0.000000e+00,2.055289e-01,7.620210e-01,4.055582e-01,3.752213e-01,8.899584e-02
1.190691e-01,4.445636e-01,0.000000e+00,7.487543e-01,3.339136e-01,5.027346e-01,6.224515e-01,3.024907e-02,3.522001e-01,6.789098e-01
8.823728e-02,4.741000e-01,1.984697e-02,6.966707e-02,3.873160e-01,4.637006e-01,4.371229e-01,5.854756e-01,1.313669e-01,2.846257e-02
1.696687e-01,2.829606e-01,0.000000e+00,3.273098e-01,3.496818e-02,1.963663e-01,0.000000e+00,2.550358e-01,0.000000e+00,1.367315e-01
3.417660e-02,8.785843e-02,8.600700e-02,3.166844e-01,3.234363e-01,5.390354e-01,3.594827e-01,5.632134e-01,1.951041e-01,2.924034e-01
7.167350e-02,7.357662e-02,1.323592e-01,1.504334e-01,2.445714e-01,2.973604e-01,3.013422e-01,2.740056e-02,3.332165e-01,2.027861e-01
0.000000e+00,1.273982e+00,8.111146e-03,0.000000e+00,4.838235e-01,2.591412e-01,5.026315e-01,4.558429e-02,1.613809e-01,0.000000e+00
2.593975e-01,4.122233e-01,3.196589e-03,0.000000e+00,7.323088e-01,8.904055e-01,2.485355e-01,3.229235e-01,1.156173e-01,2.998195e-01
8.679750e-03,6.768743e-01,0.000000e+00,9.182893e-02,9.506375e-02,4.038204e-01,2.250858e-01,2.798609e-01,5.423496e-01,6.129767e-01
3.180813e+00,1.661864e+00,7.886353e-01,2.986298e+00,3.025200e+00,3.639729e+00,0.000000e+00,1.074555e+00,0.000000e+00,1.080842e+00
6.586823e-02,5.175535e-01,5.658337e-02,3.042605e-01,1.261840e-01,4.164063e-01,9.277736e-02,2.555661e-01,5.172670e-02,0.000000e+00
1.938753e-01,9.807063e-01,5.433208e-02,5.238217e-01,6.835409e-01,3.846758e-01,6.304336e-01,1.571466e-01,1.567940e-01,7.233496e-01
1.784068e-01,6.572193e-01,1.719224e-01,1.462032e-01,1.406379e-01,0.000000e+00,1.213921e-01,1.826011e-01,1.329638e-01,0.000000e+00
0.000000e+00,2.316039e-01,1.007683e-01,0.000000e+00,3.382367e-01,6.292428e-01,0.000000e+00,6.466707e-01,4.507502e-01,4.977830e-01
0.000000e+00,7.959889e-01,3.779303e-02,5.698823e-02,3.229293e-01,5.072266e-01,6.548827e-01,1.408813e-01,3.378164e-01,1.496230e-01
3.724232e+00,1.556295e+00,5.030611e+00,1.554464e+00,4.755554e+00,1.354980e+00,5.156419e-01,0.000000e+00,1.317173e-01,1.428692e+00
5.710200e-02,5.176855e-01,9.392446e-02,0.000000e+00,2.406168e-01,2.142753e-01,3.262588e-01,1.773351e-01,3.710476e-01,4.064033e-01
3.074431e+00,7.122049e+00,3.500375e-01,1.002452e+00,4.909257e+00,5.730732e+00,2.301797e+00,1.103093e+00,7.823740e-01,9.078868e-01
0.000000e+00,1.021145e+00,1.329664e-01,2.510741e-02,1.897195e-01,9.049605e-02,3.109960e-01,7.423537e-03,3.129355e-01,7.206581e-01
2.580008e-02,8.599000e-01,1.030904e-01,2.229871e-01,4.593726e-01,3.709163e-01,0.000000e+00,0.000000e+00,1.056320e-01,4.347145e-01
0.000000e+00,6.725029e-01,1.553172e-01,0.000000e+00,2.096856e+00,2.318241e+00,1.756294e+00,1.764955e-01,1.405454e+00,0.000000e+00
0.000000e+00,6.438278e-01,0.000000e+00,2.538868e-01,3.187819e-01,9.714673e-01,3.681028e-01,1.328058e-01,1.109725e-01,2.964100e-01
4.876081e+00,2.136467e+00,1.030998e+00,2.389985e+00,3.408327e+00,4.290989e+00,2.330654e-01,2.987792e-01,9.148111e-01,0.000000e+00
1.531209e-01,2.234975e+00,5.804002e-01,5.331509e-01,1.267588e-01,4.171025e-01,3.559636e-01,8.364253e-01,4.240557e-01,0.000000e+00
3.657376e-01,6.198875e-01,8.175053e-02,4.925069e-01,0.000000e+00,2.329339e-01,3.313200e-01,1.525253e-01,6.518244e-01,2.989031e-01
1.747345e-01,3.616224e-01,0.000000e+00,1.962010e-01,0.000000e+00,4.237559e-01,1.518440e-01,1.621517e-01,5.853276e-02,1.946727e-01
0.000000e+00,2.839444e-01,4.981822e-02,2.823721e-01,3.194657e-01,8.500831e-01,0.000000e+00,6.575292e-01,5.918617e-02,1.175163e-01
3.506117e-01,3.351151e-01,1.813490e-01,4.061810e-01,0.000000e+00,2.371905e-02,2.339665e-01,1.452864e-01,1.255693e-01,5.929835e-02
1.687152e+00,0.000000e+00,1.154226e+00,4.266623e+00,4.528522e-01,0.000000e+00,0.000000e+00,2.987188e-01,0.000000e+00,0.000000e+00
9.701154e-01,0.000000e+00,0.000000e+00,6.466519e+00,2.127093e+00,1.927770e+00,4.782431e-01,8.015341e-01,8.555107e-01,9.892550e-01
0.000000e+00,2.130926e+00,1.548086e-01,7.395900e-02,7.005551e-01,6.693533e-01,0.000000e+00,0.000000e+00,1.749580e-01,5.397620e-01
0.000000e+00,3.480395e+00,3.181967e-01,1.273860e-01,4.286689e+00,3.352287e+00,0.000000e+00,1.378876e+00,3.712214e+00,2.380157e+00
0.000000e+00,5.094889e-01,0.000000e+00,1.962099e-01,2.784165e-01,0.000000e+00,1.629265e-01,1.360069e-01,2.184448e-01,5.622166e-01
5.628105e+00,2.395680e+00,1.900445e+00,2.766067e+00,5.136448e+00,5.526519e+00,4.728570e-01,1.956621e-01,8.449407e-01,9.368994e-02
4.819783e+00,4.007343e+00,1.224400e+00,2.045441e+00,1.708479e+00,2.373435e+00,1.186107e+00,5.755043e-01,1.204248e+00,2.401611e-02
1.852829e+00,3.874507e-01,5.067104e-01,5.471261e+00,6.890637e-01,1.628528e+00,3.044520e-01,8.815123e-01,1.437171e+00,2.918534e+00
2.627599e+00,1.254315e+00,1.028500e+00,2.776005e+00,4.008212e+00,2.748669e+00,9.494934e-01,1.405756e+00,6.603222e-01,1.265182e+00
4.509683e-01,2.085660e+00,2.120191e-01,1.783160e-01,7.340924e-01,7.889067e-01,8.033397e-01,1.265206e-01,1.929279e-01,3.329017e-01
1.331163e-01,7.923219e-01,0.000000e+00,2.704393e-01,5.630217e-03,0.000000e+00,2.200888e-01,2.801787e-01,1.541009e-01,6.128957e-02
4.242685e+00,3.171994e+00,1.718971e-01,4.210680e+00,1.100042e+00,2.265439e+00,3.284492e-01,1.671939e-01,4.451805e-01,2.604704e-02
5.805688e-03,7.827273e-01,1.476424e-01,4.099398e-02,2.006186e-01,4.011092e-01,2.059348e-01,0.000000e+00,3.939583e-01,3.322983e-01
5.577802e-01,1.161757e+00,1.015197e+00,2.953032e+00,3.440073e+00,6.664720e-01,1.834435e+00,2.189345e+00,5.946275e-01,0.000000e+00
2.069277e-01,8.316853e-01,1.578657e-01,0.000000e+00,1.863240e-01,3.774306e-01,0.000000e+00,3.076008e-01,6.588307e-01,6.815967e-01
6.658838e-02,4.381964e-01,4.534269e-02,4.420730e-01,4.906313e-01,4.191935e-01,3.974052e-01,3.620065e-01,1.104509e-01,0.000000e+00
1.286005e-01,4.668327e-01,4.826511e-01,5.302806e-01,4.969114e-01,7.704418e-02,2.479040e-01,3.131007e-01,4.881256e-01,8.507136e-01
3.416404e+00,1.017051e+00,1.140883e+00,2.556500e+00,3.358678e+00,3.650595e+00,0.000000e+00,5.715276e-01,7.406045e-01,1.202354e+00
3.166793e+00,8.524185e-01,3.527078e+00,2.982506e+00,4.155024e+00,1.092134e+00,3.369179e-01,0.000000e+00,2.959672e-01,1.150762e+00
1.011529e-01,6.700716e-01,1.752704e-01,1.466729e-01,2.047713e-02,2.009802e-01,0.000000e+00,1.409101e-01,1.253468e-01,2.991391e-01
0.000000e+00,5.693932e-01,5.596581e-02,3.641572e-01,6.649365e-01,1.764563e-01,3.531948e-01,3.549132e-01,5.025839e-01,0.000000e+00
2.103404e-01,6.029974e-01,2.771551e-01,1.163292e-01,2.221504e-01,3.337677e-01,2.650535e-01,4.394792e-01,1.108151e-01,2.668057e-02
1.713357e-01,9.771704e-01,8.969483e-02,1.597428e-01,1.803458e-01,4.494464e-01,6.414998e-02,0.000000e+00,5.080299e-02,2.984610e-01
1.225318e-01,0.000000e+00,1.136665e-01,1.006332e-01,3.669862e-01,2.213815e-01,1.931102e-01,2.993319e-01,5.629083e-02,2.706856e-01
3.313512e+00,1.433035e+00,8.729367e+00,0.000000e+00,6.180615e+00,0.000000e+00,7.692538e-01,2.857952e-02,0.000000e+00,0.000000e+00
2.078134e-01,0.000000e+00,4.164777e-01,4.158810e-01,1.618753e-01,1.770046e-01,0.000000e+00,2.613810e-01,3.275127e-01,0.000000e+00
0.000000e+00,6.081267e-01,2.417314e-02,1.907539e-01,2.765985e-01,3.796930e-01,5.044594e-01,1.875305e-02,1.484866e-01,2.532884e-01
4.524651e+00,1.152692e+00,4.789652e+00,1.707186e+00,5.349012e+00,2.158011e+00,5.197063e-01,0.000000e+00,0.000000e+00,0.000000e+00
0.000000e+00,0.000000e+00,5.243416e-02,4.638110e-01,1.130748e-01,3.645899e-01,2.308552e-01,1.574112e-01,1.755917e-01,3.658103e-01
0.000000e+00,0.000000e+00,8.108985e-01,6.211738e+00,3.790320e+00,3.088278e-01,7.810690e-01,1.356987e+00,1.941157e+00,0.000000e+00
7.834258e-01,9.708665e-01,1.273800e+00,1.189702e+00,1.013032e+00,4.821287e-01,1.132538e+00,7.175403e-01,5.402490e-01,2.684079e-01
2.276248e-02,2.461567e-01,2.105704e-01,1.231575e-01,1.926036e-01,2.337057e-01,1.905810e-01,1.659741e-01,1.678664e-01,4.065558e-01
3.969715e+00,1.253464e+00,2.188862e+00,3.179288e+00,3.499454e+00,2.996648e+00,6.726577e-01,1.316516e-01,7.562498e-02,1.314112e-01
2.670263e-01,6.345886e-01,4.915113e-01,1.350632e+00,6.333115e-01,5.396223e-01,7.317494e-01,1.378306e-01,6.957383e-01,5.003510e-01
2.332274e-01,5.442465e-01,9.316709e-01,1.111507e+00,0.000000e+00,0.000000e+00,3.534673e-01,7.409711e-01,5.108383e-01,6.529639e-01
1.524122e-01,5.422885e-01,0.000000e+00,8.258743e-02,5.105804e-02,0.000000e+00,0.000000e+00,2.620070e-01,2.163423e-01,2.503527e-01
0.000000e+00,4.923057e-01,7.656069e-01,7.954906e-02,3.837872e-01,1.747099e-01,1.938372e-01,1.596237e-01,1.348976e-01,4.821899e-01
8.342954e-02,4.275775e-01,0.000000e+00,1.050719e-01,3.351409e-01,3.751374e-01,0.000000e+00,4.920516e-01,4.070175e-01,2.025895e-02
1.131649e-01,3.253050e-01,1.602227e-01,3.015571e-01,3.870848e-01,2.092693e-01,4.236876e-01,2.800404e-01,3.953871e-01,0.000000e+00
1.743109e-01,8.482033e-02,5.590932e-02,2.569880e-01,4.487588e-02,4.727688e-02,4.755222e-01,2.237238e-01,2.838991e-01,3.697671e-01
5.404237e+00,2.518056e+00,1.761605e+00,2.805352e+00,4.359002e+00,5.086023e+00,1.113190e+00,2.548588e-01,9.844869e-01,1.298732e+00
4.874279e-01,1.255900e+00,9.795795e-01,1.957053e+00,7.112930e-01,0.000000e+00,2.218924e+00,8.575135e-01,1.183554e+00,0.000000e+00
0.000000e+00,3.204200e-01,1.223853e-01,2.066419e-02,7.803897e-02,2.318286e-01,0.000000e+00,8.852482e-01,2.964867e-01,6.644106e-01
0.000000e+00,1.061337e+00,2.843597e-01,1.293683e-01,3.210251e-01,4.722003e-01,2.812357e-01,2.217533e-01,2.186793e-01,1.623671e-01
2.134410e-01,7.601682e-01,2.255111e-01,5.837166e-01,0.000000e+00,0.000000e+00,6.263523e-02,3.300182e-01,2.844474e-01,3.809614e-01
3.309099e+00,3.671033e+00,1.048923e+00,1.899965e+00,9.745011e-01,6.922437e-01,1.922737e+00,8.929704e-01,8.237696e-01,0.000000e+00
3.667664e-01,3.611089e+00,0.000000e+00,0.000000e+00,2.382439e+00,3.453785e+00,2.568159e+00,0.000000e+00,2.353850e+00,7.417125e+00
0.000000e+00,1.053999e+00,0.000000e+00,4.984068e-01,1.430763e+00,1.942821e+00,8.011647e-01,7.516711e-01,3.121576e-01,9.966312e-01
0.000000e+00,0.000000e+00,0.000000e+00,0.000000e+00,0.000000e+00,0.000000e+00,0.000000e+00,0.000000e+00,0.000000e+00,2.028926e+01
5.194063e-01,2.025423e+00,9.373334e-03,9.037312e-01,1.526006e+00,1.244157e+00,1.195565e+00,4.788687e-01,8.588986e-01,1.698260e+01
0.000000e+00,0.000000e+00,0.000000e+00,0.000000e+00,0.000000e+00,0.000000e+00,2.695562e+01,0.000000e+00,0.000000e+00,0.000000e+00
9.741000e-02,5.460499e-01,2.451594e-01,2.167455e-01,1.865973e-01,1.401723e-01,0.000000e+00,0.000000e+00,1.578544e-01,1.785567e-01
4.009801e-01,8.446581e-02,2.933058e-01,1.013800e+00,4.170504e-01,2.594851e-01,3.482919e-01,3.635951e-01,2.676766e-01,4.802872e-01
3.402827e-01,1.568101e+00,0.000000e+00,3.547259e-01,0.000000e+00,8.999695e-01,4.225369e-01,2.001066e-01,1.195474e+00,8.820831e-02
6.095004e+00,3.294255e+00,1.552930e+00,3.004401e+00,3.947170e+00,4.478335e+00,7.019436e-01,4.136049e-01,7.347541e-01,5.105583e-01
1.418004e-01,8.024472e-01,4.656523e-02,1.781911e-01,2.446558e-01,4.142414e-01,1.192051e-01,6.104847e-01,3.035819e-01,5.097458e-01
1.621021e+00,0.000000e+00,0.000000e+00,4.498575e+00,0.000000e+00,1.570375e+00,6.683209e-01,4.100228e-01,1.216597e+00,0.000000e+00
3.972260e+00,1.484847e+00,1.220108e+00,3.184999e+00,2.972345e+00,3.431812e+00,2.417672e-01,0.000000e+00,0.000000e+00,8.430858e-01
1.332186e-02,6.155843e-01,0.000000e+00,0.000000e+00,3.797812e-01,5.945456e-01,1.484753e-01,5.797649e-03,0.000000e+00,3.398009e-01
2.105209e-01,2.054196e-01,1.476573e-01,7.388209e-02,1.784066e-01,5.519212e-01,2.402227e-01,3.274612e-01,1.176375e-01,1.052226e-02
1.625819e-01,5.358665e-01,2.865780e-02,7.033213e-01,0.000000e+00,3.380254e-01,0.000000e+00,2.329557e-01,0.000000e+00,1.848273e-01
3.573153e+00,1.798907e+00,1.281307e+00,3.462689e+00,1.091977e+00,2.232852e+00,7.336660e-01,4.570914e-01,4.839210e-01,4.179172e-01
0.000000e+00,8.726923e-01,3.253092e-01,0.000000e+00,1.395859e-01,3.411903e-01,1.177185e-01,4.063783e-01,3.282584e-01,2.284917e-01
0.000000e+00,0.000000e+00,0.000000e+00,1.602519e-01,8.069399e-01,5.884625e-01,1.294801e-01,4.109576e-01,5.348812e-02,4.177332e-01
5.010749e+00,1.293506e+00,1.748453e+00,5.003709e+00,4.214768e+00,4.668474e+00,7.444774e-01,1.460547e-02,1.611247e-01,4.984322e-01
6.533526e-02,7.140711e-01,4.133834e-02,1.000046e-02,3.843546e-01,5.370882e-01,1.136941e-01,1.771710e-01,2.334926e-01,1.498557e-01
0.000000e+00,5.341521e-01,1.044617e-01,1.216923e-01,2.257921e-01,2.730201e-01,1.579048e-01,1.857186e-01,1.531019e-01,3.640323e-01
0.000000e+00,1.982163e+01,5.864992e-01,0.000000e+00,4.601253e+00,2.975393e+00,0.000000e+00,0.000000e+00,0.000000e+00,0.000000e+00
1.713680e-01,1.258869e+00,2.308155e-01,1.617078e-01,1.956964e-01,3.849914e-01,4.212383e-01,1.608717e-01,3.106880e-01,5.058212e-01
1.399244e-01,2.707761e-01,4.584443e-01,1.761716e+00,1.036599e+00,1.724347e+00,3.991208e-01,1.573202e-01,7.632881e-01,4.071600e-02
0.000000e+00,1.002676e+00,1.313422e-01,4.210440e-05,7.618146e-01,8.358657e-01,5.212799e-01,4.601596e-01,2.345055e-01,9.219051e-01
0.000000e+00,4.963523e-01,4.497419e-02,1.766708e-01,3.366867e-01,3.665587e-01,2.967444e-01,2.565327e-01,0.000000e+00,1.365463e-01
2.620383e-01,1.111806e+00,2.192384e-01,6.727635e-01,0.000000e+00,5.481301e-02,1.127936e+00,5.468299e-01,0.000000e+00,6.708409e-01
2.699174e-01,1.459057e+00,3.362259e-02,3.798605e-01,0.000000e+00,1.677713e-01,8.678015e-01,1.280219e-01,4.426945e-01,7.867514e-01
2.662748e-01,1.060348e+00,0.000000e+00,8.438138e-02,0.000000e+00,1.689378e-01,3.329207e-01,2.196988e-01,1.625659e-01,8.769109e-02
2.346643e-02,3.367080e+00,0.000000e+00,4.153601e-01,2.336074e-01,4.261765e-01,5.871154e-01,2.771372e-01,0.000000e+00,0.000000e+00
0.000000e+00,5.258117e-01,6.167035e-03,2.970778e-01,0.000000e+00,1.365322e-01,3.804519e-01,2.777464e-01,2.140527e-01,2.449664e-01
1.316335e-01,8.289218e-01,0.000000e+00,1.309541e-01,3.546921e-01,5.984416e-01,0.000000e+00,1.928309e-01,3.444886e-01,1.342303e-01
4.269857e-02,2.570997e-01,8.004977e-02,2.234750e-01,8.548722e-02,3.870126e-01,0.000000e+00,6.113732e-02,2.705872e-01,1.771211e-01
6.877692e-02,7.119673e-01,5.071381e-02,1.478209e-01,9.168790e-02,1.323824e-01,1.166471e-01,1.086845e-01,2.675077e-01,1.618329e-01
9.527771e-02,7.676776e-01,0.000000e+00,0.000000e+00,1.606447e-01,4.914267e-01,2.339974e-01,4.252947e-02,1.615305e-01,2.664392e-01
1.412017e-04,5.967844e-01,1.680292e-01,5.098391e-02,1.228933e-01,1.940111e-01,2.449380e-01,3.063790e-01,3.632645e-01,2.037020e-01
0.000000e+00,3.483404e-01,0.000000e+00,0.000000e+00,1.959767e+00,1.782164e+00,9.353477e-01,7.375651e-01,0.000000e+00,0.000000e+00
8.778757e-01,2.783154e+00,1.466636e-01,7.410047e-01,0.000000e+00,4.212668e-02,0.000000e+00,1.035001e+00,1.587807e+00,0.000000e+00
2.821948e+00,6.199131e+00,1.161444e+00,3.877762e-01,7.957796e+00,7.469534e+00,1.882889e+00,1.584085e+00,3.073248e-01,1.832208e+00
2.928473e-01,7.425834e-01,1.316542e-01,4.344847e-01,4.902194e-02,9.872174e-02,6.638646e-02,2.087591e-01,3.779290e-01,3.670619e-02
3.306860e-01,8.630445e-01,4.089726e-01,7.571806e-01,3.476547e-01,1.414872e-01,1.438880e-02,0.000000e+00,1.789665e-01,2.423301e-01
1.982287e-01,8.227686e-01,1.951395e-01,2.850847e-01,0.000000e+00,1.129580e-01,6.243854e-01,4.025040e-01,1.118437e-01,0.000000e+00
9.260859e-02,1.069858e+00,9.522693e-02,7.589903e-02,3.443555e-02,0.000000e+00,2.380587e-01,2.833143e-01,5.040811e-01,4.651707e-01
5.489225e+00,2.917865e+00,2.082343e+00,2.583190e+00,3.608844e+00,4.413331e+00,3.611456e-01,2.995507e-01,6.759506e-01,9.031195e-01
6.518323e-02,9.514552e-01,0.000000e+00,3.322695e-03,2.119044e-01,3.119857e-01,1.292134e-01,1.507377e-01,1.064769e-01,2.261195e-01
8.424303e-01,1.242404e+00,8.638212e-01,4.504191e+00,1.961832e-01,0.000000e+00,1.532745e+00,7.077319e-01,0.000000e+00,0.000000e+00
6.216436e-02,0.000000e+00,1.603187e-01,0.000000e+00,2.110159e-01,3.668053e-01,1.045905e-01,7.396362e-01,1.813681e-01,5.939781e-01
2.813032e-02,8.844682e-01,1.115393e-01,2.661128e-01,2.475976e-01,1.953036e-01,3.288470e-01,1.762402e-01,4.431321e-02,1.075006e-01
0.000000e+00,0.000000e+00,1.306197e+00,1.195337e-01,2.575245e-01,0.000000e+00,0.000000e+00,0.000000e+00,0.000000e+00,0.000000e+00
0.000000e+00,2.651549e-01,5.154067e-02,2.397270e-01,2.917912e-01,6.695985e-01,0.000000e+00,0.000000e+00,9.445268e-02,4.430896e-01
2.908990e-01,9.414924e-01,1.493780e-01,4.712168e-01,0.000000e+00,6.989568e-02,5.532907e-01,0.000000e+00,1.524494e-01,8.266504e-01
6.378034e+00,3.804559e+00,1.646435e+00,2.661498e+00,4.830825e+00,6.139536e+00,3.968966e-01,5.866358e-01,9.161904e-01,8.965964e-01
2.376270e-01,6.107177e-01,7.397443e-01,7.830279e-01,7.756544e-01,2.390124e-01,9.980054e-01,6.596808e-01,8.873714e-01,1.537178e+00
8.885740e-02,1.841594e-01,1.636718e-01,1.546140e-01,3.072730e-01,1.630574e-01,0.000000e+00,7.055375e-02,2.047892e-01,2.868481e-01
1.136949e+00,0.000000e+00,1.273321e+00,4.450149e+00,3.882967e+00,2.257088e+00,1.929926e+00,3.099428e-01,3.077829e-01,1.835666e+00
3.602164e+00,1.357324e+00,7.237388e+00,0.000000e+00,4.810966e+00,0.000000e+00,7.571555e-01,0.000000e+00,0.000000e+00,0.000000e+00
2.394469e+00,4.779657e-01,1.644176e+00,3.771962e+00,4.495574e+00,3.469831e+00,4.046556e-01,0.000000e+00,7.552754e-01,0.000000e+00
0.000000e+00,8.888477e-01,7.967404e-01,1.010660e-01,7.371309e-01,1.109001e-01,4.721155e-01,5.301860e-02,1.550613e-02,6.224449e-01
1.334735e+00,1.701485e+00,1.447882e+00,0.000000e+00,0.000000e+00,0.000000e+00,1.100810e-01,1.687748e+00,4.924534e-01,0.000000e+00
5.905265e-03,1.010460e-01,1.230261e+00,7.310014e-01,6.293770e-01,0.000000e+00,9.247142e-02,1.997174e-01,9.721697e-02,1.840342e-01
6.782137e-01,1.263478e+00,3.461634e-01,4.408218e-01,5.576818e-02,1.425109e-01,2.913775e-01,0.000000e+00,0.000000e+00,0.000000e+00
1.807513e-02,3.555804e-01,1.501708e-01,2.308075e-01,2.535683e-01,1.634047e-01,3.079103e-01,3.647467e-01,2.254275e-01,3.506765e-01
5.168529e-02,1.508621e+00,0.000000e+00,3.718131e-01,0.000000e+00,0.000000e+00,5.406266e-01,0.000000e+00,1.367431e-01,7.114820e-01
2.959007e+00,3.071067e+00,3.113151e-01,0.000000e+00,0.000000e+00,1.312919e+00,9.127557e-01,1.174076e-01,2.074910e+00,2.036407e+00
3.837545e+00,2.623207e+00,6.014661e-01,1.959367e+00,1.325479e+00,4.835789e+00,1.186903e+00,6.745819e-01,8.161266e-01,6.102331e-01
6.278372e+00,3.620775e+00,1.809008e+00,2.376646e+00,4.295342e+00,5.810443e+00,5.903877e-01,3.751740e-01,6.193626e-01,3.637375e-01
0.000000e+00,9.113519e-01,2.022280e-01,5.848906e-02,1.534351e-01,1.490715e-01,1.743795e-01,1.522501e-01,2.086634e-01,3.960843e-01
7.131835e-02,6.040708e-01,4.268795e-02,4.320136e-01,2.477017e-01,3.191996e-01,1.613370e-01,1.875853e-01,3.174314e-01,2.288243e-02
2.081026e-01,7.664275e-01,1.719978e-01,8.526357e-02,4.954161e-01,5.349138e-01,6.171796e-01,1.396070e-01,3.299530e-01,3.059682e-01
3.666016e+00,2.348089e+00,2.210352e-01,3.057453e+00,9.647264e-01,3.336584e+00,2.570103e-01,4.306367e-01,1.023973e+00,6.680152e-02
4.752681e+00,3.213832e+00,1.361606e+00,2.655139e+00,2.014227e+00,3.479399e+00,1.205656e+00,8.965084e-01,1.042131e-01,0.000000e+00
1.574719e-01,6.796486e-01,0.000000e+00,4.427663e-01,0.000000e+00,2.876847e-01,0.000000e+00,1.486691e-01,2.005702e-01,4.517597e-01
2.503311e+00,1.401178e+00,4.659782e-01,4.819883e+00,8.572107e-01,1.866414e+00,3.005384e-01,5.177360e-01,7.474891e-01,1.100057e+00
1.260675e-01,1.330886e-01,8.103194e-02,3.290157e-01,2.744610e-01,2.533446e-01,5.192294e-02,3.585129e-01,1.251557e-01,1.488262e-01
5.449029e-01,1.281006e+00,0.000000e+00,5.927842e-01,4.623131e-02,1.768134e-01,3.668007e-01,1.069407e+00,3.976557e-01,5.357541e-01
1.902764e-01,6.524933e-01,0.000000e+00,3.940202e-01,0.000000e+00,0.000000e+00,0.000000e+00,1.799902e-01,0.000000e+00,2.966633e-01
4.060423e-02,0.000000e+00,3.475427e-02,3.236656e-01,2.145557e-01,4.467513e-01,5.220560e-01,3.099029e-02,2.621461e-01,2.777890e-01
0.000000e+00,1.839295e+00,0.000000e+00,1.195298e+00,0.000000e+00,0.000000e+00,7.447102e-01,8.306144e-01,7.529388e-01,5.337653e-01
1.384929e-01,3.514708e-01,1.642250e-01,3.569395e-01,0.000000e+00,0.000000e+00,2.406259e-01,5.420949e-02,2.273703e-01,1.334366e-01
0.000000e+00,9.646267e-01,3.594407e-01,9.153534e-02,5.885656e-01,6.359353e-01,5.137692e-01,1.882827e-01,5.354421e-01,0.000000e+00
9.785886e-04,4.439011e-02,3.693283e+00,4.388365e+00,4.569345e+00,0.000000e+00,0.000000e+00,1.221595e+00,0.000000e+00,0.000000e+00
1.564349e-01,7.037938e-01,1.227882e-01,2.866054e-02,2.128448e-01,4.337175e-01,1.728570e-02,7.599189e-02,2.901546e-01,2.614712e-01
0.000000e+00,1.236254e+00,0.000000e+00,4.280656e-01,9.084892e-01,7.323890e-01,0.000000e+00,1.982422e-01,1.036658e-01,5.561091e-01
4.329664e-02,3.091682e+00,1.139401e-01,4.884941e-01,0.000000e+00,2.335236e-01,5.555737e-01,0.000000e+00,5.731362e-01,5.570061e-01
0.000000e+00,1.280282e+00,1.042359e-01,1.597079e-01,0.000000e+00,1.145076e-01,1.134560e+00,4.097772e-01,1.567867e-01,6.905473e-01
4.831304e+00,1.836446e+00,1.052575e+00,3.906816e+00,4.407241e+00,5.248475e+00,0.000000e+00,3.691617e-01,5.653534e-01,6.872339e-01
7.579762e-02,6.742599e-01,1.280782e-01,1.669307e-01,7.002010e-02,3.477623e-01,1.534548e-01,4.085005e-01,5.739743e-02,2.580871e-01
1.878654e-01,8.836038e-01,6.198262e-02,3.238245e-01,0.000000e+00,2.936857e-01,2.164445e-01,2.207449e-01,1.649680e-01,5.265579e-01
1.194335e-01,7.987861e-01,4.762368e-01,7.311716e-01,3.761469e-01,4.134704e-01,2.101541e-01,7.898368e-01,3.612957e-01,0.000000e+00
3.057639e+00,9.031223e-01,6.667730e-01,3.977610e+00,4.216675e+00,4.362668e+00,1.384478e+00,6.325413e-02,6.096105e-01,1.389633e+00
5.299864e-02,3.241832e-01,3.939501e-02,2.105702e-01,4.955852e-02,1.649663e-01,4.451016e-02,2.044491e-01,1.650905e-01,4.487384e-01
3.902121e+00,1.584092e+00,1.624130e+00,2.524763e+00,2.921978e+00,2.365778e+00,2.531804e-01,0.000000e+00,5.422336e-01,0.000000e+00
7.065003e-02,4.101237e-01,0.000000e+00,2.204782e-01,3.532910e-01,7.085776e-01,0.000000e+00,3.650500e-02,7.752181e-02,1.188399e-01
1.632273e-01,2.751134e-01,2.617682e-01,1.806194e-01,8.529492e-02,0.000000e+00,3.492811e-01,2.330598e-02,1.082244e-01,1.906010e-01
1.463456e-01,1.347231e+00,2.876112e-02,3.555140e-01,5.609743e-01,3.236361e-02,3.740431e-01,0.000000e+00,0.000000e+00,4.060613e-01
1.098911e-01,5.859380e-01,0.000000e+00,1.464229e-01,9.790221e-02,3.204685e-01,2.692362e-01,0.000000e+00,7.973682e-02,3.693316e-01
1.573488e-01,3.742158e+00,1.817769e-02,0.000000e+00,1.345338e+00,0.000000e+00,3.168908e-01,2.182048e+00,5.593198e+00,1.072660e+00
3.006231e-01,9.075128e-01,2.627532e-01,2.267476e-01,2.964410e-01,1.022269e-01,1.230184e-01,1.350630e-01,3.289711e-01,1.246308e-01
0.000000e+00,3.995669e-01,4.194066e-02,4.005614e-01,3.926965e-01,3.851939e-01,3.632665e-01,4.499483e-01,2.661565e-01,3.595993e-01
6.991541e-02,8.331682e-01,0.000000e+00,0.000000e+00,1.944336e-01,1.776548e-01,1.762396e-01,2.053501e-01,3.316047e-01,7.369395e-01
2.635237e+00,1.927460e+00,8.860275e-01,2.789596e+00,2.300685e+00,3.082927e+00,0.000000e+00,5.293114e-01,8.429677e-01,2.774497e-01
1.265258e+00,0.000000e+00,0.000000e+00,0.000000e+00,1.920186e+01,1.807582e+01,3.274662e-01,0.000000e+00,0.000000e+00,0.000000e+00
0.000000e+00,9.421672e+00,9.557193e-02,1.340116e-01,1.455356e+00,7.826953e-01,1.885388e+00,0.000000e+00,6.609684e-01,0.000000e+00
1.490339e-01,1.553081e+00,1.405216e-01,2.336838e-01,0.000000e+00,2.002234e-01,1.629577e-01,3.605749e-01,4.961575e-01,6.012970e-02
5.425494e-02,9.970331e-01,4.629880e-01,4.344970e-01,2.451377e-02,0.000000e+00,4.752810e-01,1.278718e-01,2.046163e-01,4.989281e-01
0.000000e+00,1.032585e+00,0.000000e+00,2.576803e-01,2.949425e-01,2.329265e-01,2.206704e-01,2.945042e-01,2.420863e-01,2.490578e-01
1.103424e-01,6.506514e-01,1.140418e-01,7.993061e-02,1.304629e-01,3.534634e-01,4.366120e-01,6.535946e-02,2.819747e-02,6.972464e-03
3.496021e-02,1.117950e+00,6.328446e-02,1.061578e-01,8.778224e-02,0.000000e+00,3.847488e-01,2.357542e-01,1.235658e-01,1.000136e-01
0.000000e+00,1.097875e+00,0.000000e+00,3.866196e-02,2.263180e-01,1.815561e-01,9.242962e-02,1.983505e-01,2.137328e-01,7.143613e-01
0.000000e+00,3.666907e+00,0.000000e+00,6.529176e-01,7.173513e-01,2.016828e-01,1.455537e+00,0.000000e+00,5.712226e-01,1.194749e+00
7.856822e-02,7.630665e-01,0.000000e+00,2.095798e-02,2.142545e-01,3.763843e-01,5.452051e-02,1.407715e-01,5.072556e-02,1.413290e-01
1.217069e-02,1.615265e-01,1.346457e-02,0.000000e+00,5.911445e-01,4.186743e-01,5.214154e-01,2.705608e-01,5.275007e-01,1.480127e-01
5.531031e+00,2.044935e+00,1.574603e+00,3.034216e+00,3.987018e+00,5.012213e+00,2.764250e-01,1.833051e-01,9.439867e-01,2.188389e-01
5.879670e-01,2.310751e+00,8.584534e-02,0.000000e+00,9.154170e-01,1.187561e+00,0.000000e+00,0.000000e+00,1.310738e+00,4.784165e-01
0.000000e+00,4.127298e+00,0.000000e+00,2.646935e-01,2.117215e+00,2.309424e+00,0.000000e+00,0.000000e+00,2.331089e-01,8.564057e-01
3.924038e-01,2.043146e+00,4.280493e-01,5.109739e-01,7.544212e-01,4.093754e-01,9.336936e-01,8.555417e-01,6.152411e-01,0.000000e+00
3.705411e+00,1.485564e+00,1.389128e+00,2.545413e+00,3.514515e+00,3.261576e+00,4.647681e-01,5.812472e-01,4.558015e-01,5.945128e-01
0.000000e+00,1.698352e+00,2.432445e-01,3.410676e-01,4.404434e-01,0.000000e+00,9.065286e-01,3.059710e-01,7.937546e-01,8.646428e-01
9.410177e-02,1.521762e+00,8.405376e-02,2.026674e-01,8.683692e-01,8.687272e-01,6.257534e-01,2.334763e-01,1.740494e-01,1.971539e-01
2.059184e-01,2.829978e+00,1.896308e-02,5.449393e-01,0.000000e+00,4.565341e-01,0.000000e+00,6.997034e-01,3.686541e-01,1.149156e+00
1.453555e-01,1.036437e+00,1.640063e-01,1.020247e-01,5.469278e-02,1.809579e-01,3.320364e-01,7.351495e-02,0.000000e+00,2.796879e-01
1.075950e-01,2.094503e-01,1.707806e-01,8.246957e-01,3.735688e-01,4.576806e-01,0.000000e+00,6.911865e-01,4.709053e-02,0.000000e+00
2.028614e-01,0.000000e+00,1.257406e-01,4.686006e-01,4.007649e-01,2.254597e-01,0.000000e+00,3.787547e-01,4.698164e-01,0.000000e+00
3.233898e-03,5.202425e+00,0.000000e+00,0.000000e+00,2.275930e+00,3.084338e+00,0.000000e+00,2.900086e+00,1.306837e+00,0.000000e+00
2.567319e-01,2.619618e+00,7.636667e-01,6.418626e-01,1.406163e+00,5.194462e-02,2.557367e+00,1.560362e+00,7.179430e-01,9.330650e-01
0.000000e+00,4.831503e-01,2.880849e-02,6.503345e-02,3.691173e-01,2.763163e-01,2.778206e-01,1.542219e-01,3.535533e-02,3.354120e-01
1.296062e+00,1.193985e+00,7.392561e-01,7.504332e-01,1.888018e+00,1.150849e+00,0.000000e+00,1.217894e+00,3.791120e-01,0.000000e+00
1.169180e-01,8.955411e-01,2.842758e-01,5.812048e-02,0.000000e+00,2.060463e-01,5.206892e-01,2.159567e-01,3.043339e-01,8.535002e-02
4.087930e-01,9.723741e-01,2.068038e-01,0.000000e+00,0.000000e+00,0.000000e+00,4.537022e-01,2.004446e-01,5.513731e-02,1.983003e-01
2.698672e-01,1.546076e+00,0.000000e+00,5.982458e-01,7.940027e-01,8.206587e-01,5.667362e-01,5.948401e-01,7.192213e-01,1.055894e+00
2.438415e-01,1.411988e+00,4.179415e-01,2.104021e+00,7.042292e-01,0.000000e+00,1.520244e+00,6.850156e-01,1.823088e+00,5.796161e-01
1.547702e+00,1.164698e+00,0.000000e+00,3.308505e+00,5.446000e-01,0.000000e+00,0.000000e+00,1.233583e+00,2.091606e+00,3.798523e+00
3.799246e-01,7.095982e-01,7.620953e-01,1.825781e+00,2.770404e-01,0.000000e+00,1.617794e+00,3.310816e-01,1.859511e+00,5.512582e-01
0.000000e+00,4.042055e+00,0.000000e+00,5.221811e-01,5.398430e-01,5.008801e-01,5.559814e-01,9.071720e-01,2.310020e-01,2.661905e-01
1.018386e+00,8.484371e-01,2.239887e+00,3.655629e+00,2.549597e+00,8.458742e-01,6.545063e-01,1.318961e+00,1.093958e+00,1.013467e-01
1.081490e-02,0.000000e+00,2.253039e-01,6.367826e-01,6.791291e-01,1.072445e+00,2.578822e-01,0.000000e+00,3.729679e-01,1.786546e-01
0.000000e+00,1.698923e-01,0.000000e+00,8.901677e-02,4.174473e+00,4.010978e+00,0.000000e+00,1.916949e+00,0.000000e+00,2.465181e-01
4.428201e-02,6.159909e-01,1.968817e-01,1.929094e-01,2.526970e-01,5.223326e-01,7.378644e-02,1.821807e-01,9.435147e-02,5.574820e-01
1.373687e-02,6.986056e-01,1.150517e-01,0.000000e+00,4.083227e-01,6.453995e-01,3.694532e-01,1.175678e-02,1.518103e-01,6.159323e-01
1.834360e-03,1.600757e+00,3.223239e-01,1.400030e-01,5.264905e-01,1.782546e-01,2.713027e-01,8.372466e-01,2.737064e-01,5.913346e-01
2.309771e-01,7.050506e-01,1.600008e-01,5.162915e-01,3.200411e-01,9.441294e-02,1.825599e-02,3.183942e-01,2.262169e-01,2.138241e-01
4.153151e+00,2.004141e+00,9.233186e-01,2.648346e+00,2.159289e+00,2.862663e+00,4.726479e-01,2.379531e-01,0.000000e+00,1.538651e+00
1.447768e-01,3.811678e-01,0.000000e+00,2.945172e-01,8.996197e-02,4.239973e-01,1.278264e-01,0.000000e+00,9.544437e-02,4.836699e-01
2.970780e+00,1.696075e+00,2.516173e-01,3.499932e+00,0.000000e+00,4.244348e-02,0.000000e+00,2.054229e-01,0.000000e+00,1.945079e+00
3.640498e-02,9.668086e-01,1.349718e-02,1.140041e-02,4.056426e-01,6.514979e-01,3.149964e-01,0.000000e+00,1.180222e-01,3.761329e-01
2.288083e-01,7.101511e-01,2.538572e-02,3.547582e-01,1.213083e-01,5.539482e-01,1.846625e-02,5.065955e-01,3.483306e-01,0.000000e+00
4.624384e-01,1.500183e+00,0.000000e+00,0.000000e+00,6.314547e-01,6.169217e-01,0.000000e+00,1.033324e+00,7.363124e-01,1.031564e+00
0.000000e+00,5.578557e-01,8.142195e-02,2.553212e-01,2.272074e-01,1.713814e-02,4.300443e-01,2.082658e-01,1.366925e-01,3.758942e-01
4.712962e-02,6.590277e-01,7.450597e-02,0.000000e+00,2.952200e-01,1.336875e-01,5.544596e-01,4.430995e-01,1.233465e-01,4.239753e-01
4.597934e+00,2.036615e+00,4.300041e+00,1.508160e+00,5.244960e+00,3.630087e+00,8.853049e-01,0.000000e+00,8.663448e-02,3.650527e-01
1.025087e-01,4.712691e-01,1.610965e-01,3.141030e-01,2.548936e-02,4.510929e-02,3.041535e-01,3.051711e-01,2.142943e-01,3.735826e-01
0.000000e+00,2.023936e-01,1.694195e-01,0.000000e+00,9.222300e-01,9.404253e-01,0.000000e+00,0.000000e+00,1.663141e-01,3.488281e-01
2.299056e+00,4.263926e-01,1.188834e+00,6.058396e+00,1.830842e+00,1.944412e+00,2.469033e-01,1.235692e+00,0.000000e+00,1.101378e+00
0.000000e+00,4.321528e-01,3.312507e-01,2.260244e-01,1.207579e+00,1.048578e+00,9.565651e-01,7.711854e-01,5.845652e-01,8.288747e-01
8.005279e-01,5.585314e-01,2.519251e-01,2.530806e-01,3.537430e-01,6.753998e-01,5.848733e-01,6.608221e-01,2.848660e-02,8.258893e-01
9.789166e-02,1.610524e+00,0.000000e+00,5.540470e-01,0.000000e+00,4.737786e-01,3.981051e-01,5.285367e-01,2.929683e-01,1.298761e+00
0.000000e+00,1.489385e+00,2.130072e-01,0.000000e+00,0.000000e+00,1.206105e-01,2.927546e-01,4.357496e-01,2.328434e-01,4.730543e-01
5.822477e-02,8.093763e-01,2.204791e-01,1.885811e-01,1.710906e-01,3.405936e-01,1.981402e-01,0.000000e+00,1.799394e-01,7.014689e-01
9.205512e-01,5.688527e-01,1.817187e-01,3.367510e+00,1.105182e+00,2.822919e+00,0.000000e+00,1.059109e+00,3.017211e-01,1.322452e-01
2.317926e-01,0.000000e+00,7.455122e-01,1.028470e+00,1.003544e+00,8.271194e-01,1.698014e+00,5.682038e-01,8.446435e-01,1.650911e+00
2.268158e-01,1.340443e-01,2.618630e-01,4.997017e-01,8.666848e-01,8.139173e-01,2.440782e-01,3.998706e-01,4.451674e-01,0.000000e+00
6.683045e-02,6.695346e-01,1.872213e-01,1.967474e-01,0.000000e+00,0.000000e+00,1.440040e-01,8.489231e-01,1.149744e-01,0.000000e+00
8.187328e-03,1.767142e+00,5.068882e-02,2.840045e-01,2.559754e-01,3.630515e-01,8.126336e-01,3.134306e-01,3.181967e-01,9.916942e-01
3.216911e-01,1.012093e+00,2.101789e-01,6.625794e-04,4.165357e-01,3.821055e-01,0.000000e+00,2.585335e-01,2.088206e-01,7.242064e-01
0.000000e+00,1.283647e+00,8.838011e-02,5.089885e-01,4.580579e-01,5.952810e-01,1.275199e-01,1.934314e-01,1.072112e-02,3.857772e-01
1.878148e-02,1.640471e+00,6.138847e-02,3.880883e-01,1.032594e+00,4.523759e-01,1.085152e-01,2.165153e-01,5.561122e-01,8.319095e-01
3.311111e-01,3.110691e+00,3.695441e-02,4.685795e-01,9.504248e-01,2.176297e+00,9.481370e-01,1.099150e+00,3.199622e-01,1.685239e+00
3.158758e+00,5.088054e+00,2.505950e+00,2.922854e-02,6.538862e+00,5.779768e+00,2.421474e+00,1.596020e+00,1.090558e+00,4.002377e+00
3.901291e+00,2.091975e+00,1.171300e+00,2.764417e+00,0.000000e+00,0.000000e+00,1.051997e+00,6.115525e-01,0.000000e+00,0.000000e+00
5.031439e+00,1.624367e+00,8.921756e-01,4.804220e+00,1.898497e+00,3.548032e+00,5.714731e-01,0.000000e+00,4.139241e-01,1.029042e+00
7.758040e-02,3.930467e-01,3.852217e-02,4.855271e-02,3.295176e-01,5.691135e-01,7.093394e-02,1.810140e-01,5.943288e-02,3.215693e-02
0.000000e+00,1.142083e+00,9.256822e-02,2.950954e-01,4.882473e-01,3.278011e-01,1.696393e-01,2.739806e-01,1.927571e-01,8.945373e-01
2.252320e-02,7.425485e-01,0.000000e+00,1.556418e-01,9.220666e-02,4.899628e-01,2.600493e-01,1.423191e-01,1.886158e-01,2.122589e-01
6.540402e+00,4.234969e+00,1.718134e+00,2.677002e+00,4.321034e+00,5.620224e+00,7.750265e-01,6.661903e-01,7.829427e-01,1.185642e+00
6.000964e-02,8.747389e-01,2.602983e-01,1.940832e-01,1.111079e-01,2.749978e-01,2.483083e-01,5.924412e-02,3.643884e-01,4.827100e-01
0.000000e+00,3.139855e+00,0.000000e+00,0.000000e+00,0.000000e+00,4.444541e-01,1.836176e+00,5.562907e-02,9.392838e-01,2.483591e+00
2.154379e-01,4.116524e-01,7.874369e-02,1.249783e-01,5.262413e-03,8.733383e-02,0.000000e+00,3.177121e-01,0.000000e+00,0.000000e+00
1.917057e-01,3.909840e-01,1.966507e-01,2.247150e-01,0.000000e+00,0.000000e+00,1.684927e-01,2.191485e-01,1.452814e-01,0.000000e+00
4.185933e+00,1.923721e+00,3.521108e+00,2.555142e+00,4.460822e+00,2.645170e+00,0.000000e+00,3.125818e-01,8.370093e-02,3.999095e-01
5.194662e-02,9.731833e-01,0.000000e+00,0.000000e+00,3.583235e-01,3.782858e-01,0.000000e+00,0.000000e+00,3.498887e-01,3.373107e-01
2.817334e-01,1.595691e+00,2.532223e-03,1.926542e-01,0.000000e+00,0.000000e+00,2.922791e-01,2.452821e-01,1.452547e-01,9.081671e-01
0.000000e+00,6.041399e+00,1.295001e-01,2.189600e-01,1.057787e+00,1.760710e+00,1.296045e-01,1.733900e-01,0.000000e+00,2.190462e-01
2.700472e-02,1.022443e+00,3.036608e-02,7.146151e-02,1.568389e-01,5.039031e-01,4.376630e-02,5.020717e-02,3.331789e-01,5.688643e-01
0.000000e+00,1.639640e+00,7.035633e-02,2.962704e-01,1.341308e-01,0.000000e+00,0.000000e+00,2.795254e-01,0.000000e+00,0.000000e+00
1.643539e+00,1.818743e+00,5.875115e-01,1.246599e+00,0.000000e+00,1.858717e+00,0.000000e+00,4.734246e-01,1.669500e+00,1.244350e+00
6.713615e-03,4.184816e+00,1.016293e-02,4.359738e-01,0.000000e+00,3.288802e-01,2.248226e-01,0.000000e+00,1.090989e+00,1.723280e+00
9.809061e-02,1.111743e+00,0.000000e+00,3.870151e-01,3.653264e-01,6.256705e-01,7.944929e-01,4.329123e-01,4.189480e-01,1.043411e-01
6.603007e+00,3.534820e+00,1.831583e+00,3.339767e+00,5.596445e+00,6.724723e+00,7.759748e-01,4.208824e-01,8.159821e-01,9.577794e-01
6.849369e-01,1.684177e+01,0.000000e+00,0.000000e+00,0.000000e+00,0.000000e+00,4.975585e-01,8.141922e-01,0.000000e+00,0.000000e+00
1.379777e-01,6.055849e-01,9.535678e-02,2.805380e-01,8.926906e-02,0.000000e+00,1.362732e-01,1.455950e-01,1.610879e-01,8.593900e-03
0.000000e+00,5.129629e-01,0.000000e+00,5.255705e-01,5.892413e-01,7.403016e-01,0.000000e+00,0.000000e+00,0.000000e+00,2.427204e-01
2.456710e-01,1.497435e+00,5.270381e-02,1.851669e-01,2.997321e-01,0.000000e+00,9.453868e-01,0.000000e+00,1.857766e-01,0.000000e+00
8.753662e-02,8.682239e-01,0.000000e+00,1.067242e-01,4.007836e-02,5.054946e-01,2.409105e-02,2.104369e-01,8.324089e-02,2.895902e-01
2.795535e-02,0.000000e+00,5.352329e-02,0.000000e+00,8.304657e-01,1.061558e+00,3.855437e-01,4.439586e-01,4.211846e-01,6.907419e-01
3.568522e+00,1.399107e+00,3.544875e+00,2.446381e+00,4.114293e+00,1.000806e+00,3.305680e-01,0.000000e+00,0.000000e+00,1.031228e-01
2.121069e-02,3.018175e+00,0.000000e+00,1.120634e+00,5.168048e-02,6.001996e-01,9.824664e-01,6.258548e-01,9.033786e-01,1.611120e+00
3.532947e+00,2.039937e+00,1.464359e+00,3.178359e+00,4.169489e+00,3.068172e+00,1.428481e+00,1.175909e+00,1.092543e+00,6.267006e-01
5.091152e-03,1.116731e+00,1.129922e+00,3.652070e+00,7.563304e-01,0.000000e+00,1.507638e+00,7.526122e-02,0.000000e+00,1.551386e+00
4.766811e+00,1.988640e+00,1.203855e+00,3.186318e+00,4.106725e+00,4.535188e+00,5.292323e-01,1.444257e-01,5.115701e-01,1.204493e+00
6.212172e-02,1.661781e-01,0.000000e+00,0.000000e+00,6.073406e-01,5.523618e-01,1.202501e-01,2.021971e-01,1.382047e-01,3.737009e-01
0.000000e+00,3.961720e-01,9.931991e-02,0.000000e+00,2.328436e-01,6.035366e-01,0.000000e+00,0.000000e+00,3.316524e-01,3.296489e-01
0.000000e+00,2.869803e+00,1.122073e+00,8.397167e-01,1.784145e+00,1.798012e+00,4.008932e-01,1.149548e+00,3.684043e+00,0.000000e+00
1.646686e+00,2.906345e-01,9.730710e-01,5.623094e+00,0.000000e+00,9.928654e-01,8.087163e-01,0.000000e+00,1.543237e-01,2.905931e+00
4.916051e-02,1.312131e+00,0.000000e+00,3.396849e-01,6.838189e-01,7.856790e-01,8.048984e-01,8.878870e-01,1.185733e+00,1.017535e+00
0.000000e+00,6.568480e-01,3.825451e-02,0.000000e+00,6.765718e-01,1.079662e+00,1.531367e+00,1.682435e+00,9.287037e-01,2.102129e+00
0.000000e+00,0.000000e+00,8.511445e-01,4.911914e+00,1.685447e+00,5.205367e-02,4.571725e-02,2.397402e+00,1.169713e+00,0.000000e+00
2.780371e-03,3.692373e-01,1.563450e-01,3.561271e-01,1.303179e-01,3.306704e-01,1.707348e-01,1.565430e-01,1.681267e-01,2.755526e-01
0.000000e+00,7.760894e-01,1.493330e-01,1.471889e-02,3.133991e-01,2.946787e-01,2.164051e-01,5.352892e-01,2.340237e-01,2.783872e-01
0.000000e+00,8.637672e-01,0.000000e+00,0.000000e+00,5.063129e-01,2.015680e+00,4.587931e-01,2.648471e+00,5.421143e-01,1.739214e+00
0.000000e+00,9.878835e+00,0.000000e+00,9.114233e-01,1.229001e+00,0.000000e+00,0.000000e+00,0.000000e+00,0.000000e+00,0.000000e+00
0.000000e+00,3.894244e+00,1.228827e-01,5.517311e-01,1.014684e+00,1.205674e+00,0.000000e+00,0.000000e+00,0.000000e+00,2.359657e-01
7.871637e-02,3.667738e+00,1.215014e+00,3.448707e-01,8.638666e-01,1.922956e-01,6.536940e-01,0.000000e+00,8.447666e-01,7.998738e-01
0.000000e+00,1.008134e+00,3.356026e-01,0.000000e+00,5.618268e-01,1.840676e-01,7.126095e-01,4.551893e-02,7.444116e-01,6.031564e-01
5.830509e-02,7.352929e-01,3.107022e-01,1.035897e-01,2.903070e-01,3.814305e-02,4.078116e-01,3.367341e-02,1.913692e-01,2.361898e-01
7.198057e-01,0.000000e+00,8.738393e-01,3.385051e+00,0.000000e+00,0.000000e+00,0.000000e+00,8.435496e-01,1.877790e+00,2.192335e-01
0.000000e+00,6.536581e-01,2.167766e-02,1.366171e-01,4.760208e-01,4.025653e-01,6.842487e-02,7.559282e-02,1.272426e-01,8.221901e-02
6.534371e-02,0.000000e+00,4.686856e-01,5.744269e-01,8.473929e-01,3.142356e-01,3.417241e-01,5.167194e-01,2.152035e-01,1.286063e-01
4.601487e-02,1.741769e+00,2.416415e-01,1.305174e+00,4.540511e-01,8.591138e-01,5.057882e-01,4.732550e-01,6.169495e-01,5.277127e-01
0.000000e+00,1.216456e+00,1.679065e-01,1.729365e-01,2.160228e-01,5.502756e-01,8.670870e-01,2.308450e-01,1.403744e-01,4.623217e-02
9.990917e-01,1.654686e+00,3.757614e-01,4.402059e+00,4.495444e-01,1.703716e-01,8.023341e-01,0.000000e+00,1.061622e+00,0.000000e+00
4.542296e-01,1.352728e+00,2.200290e-01,0.000000e+00,0.000000e+00,1.232832e+00,9.966136e-02,5.841960e-01,2.995832e-01,6.216869e-01
2.520418e-05,1.493958e+00,0.000000e+00,1.364286e-01,6.251486e-01,3.445325e-01,0.000000e+00,7.624753e-02,1.653894e-01,5.941729e-01
3.941118e-02,1.155777e+00,1.811035e-02,1.926550e-01,2.195977e-03,1.424692e-01,4.468400e-03,2.629603e-01,1.436685e-01,2.419451e-01
1.112200e-01,9.308434e-01,0.000000e+00,3.988919e-01,0.000000e+00,0.000000e+00,8.482339e-01,1.791444e-01,5.271228e-01,4.560927e-01
2.672120e-01,1.779392e+00,1.019335e-01,4.654470e-01,0.000000e+00,4.292637e-01,1.245938e-01,3.180480e-01,2.140802e-01,1.807080e-01
4.754979e-01,0.000000e+00,2.341833e-02,1.221155e-01,5.956930e-01,8.602049e-01,4.933048e-01,2.722833e-01,5.755475e-01,2.032381e-01
4.672139e+00,2.346295e+00,8.961472e-01,2.114245e+00,3.502925e+00,5.140834e+00,7.954552e-01,3.223763e-01,7.656588e-01,1.405311e+00
5.395967e-02,1.124857e+00,1.363084e-01,3.690303e-01,0.000000e+00,7.323702e-01,1.139131e-01,6.212869e-01,5.493039e-01,1.017080e+00
2.999323e-01,2.092204e+00,4.179783e-01,1.475084e-01,1.041597e-01,9.122093e-01,4.100001e-01,8.318726e-01,5.082698e-01,1.915743e+00
1.143113e-01,6.491700e-01,2.194052e-01,0.000000e+00,1.429784e-01,1.018607e-01,1.896088e-01,1.839853e-01,1.909273e-01,2.695929e-01
2.818913e-01,1.361340e+00,2.945458e-01,0.000000e+00,5.119130e-02,0.000000e+00,9.492156e-01,9.411130e-01,4.299771e-01,8.543519e-01
1.051195e+00,2.125982e+00,7.403778e-01,7.729958e-01,0.000000e+00,0.000000e+00,0.000000e+00,4.546294e-01,0.000000e+00,0.000000e+00
4.176526e+00,1.409626e+00,7.931607e-01,2.352884e+00,1.009252e+00,1.946700e+00,0.000000e+00,0.000000e+00,1.340713e+00,1.680784e+00
1.888521e-01,7.566327e-01,1.017502e-01,1.696610e-01,0.000000e+00,3.042909e-01,1.355651e-01,3.862780e-01,2.785976e-02,2.501697e-01
1.214410e-01,4.322631e-01,0.000000e+00,3.342334e-01,1.466821e-01,2.189736e-01,9.637107e-02,1.358286e-01,1.584294e-02,3.560192e-01
2.950828e+00,7.629298e-01,5.569118e-01,3.692016e+00,1.701714e+00,3.477955e+00,4.795493e-01,7.232807e-01,1.298718e+00,9.424579e-01
1.030313e-03,9.194655e-01,1.124912e-01,2.133904e-01,3.035990e-01,2.214900e-01,1.964445e-01,2.547998e-01,2.841915e-01,5.448773e-01
0.000000e+00,8.801504e-01,6.125033e-02,7.986832e-01,3.157848e-01,6.115910e-01,3.065370e-01,5.978795e-01,2.334874e-01,0.000000e+00
1.320709e-01,6.547964e-01,0.000000e+00,1.786228e-01,1.923143e-01,3.549783e-01,8.229769e-02,1.627583e-01,1.445632e-01,1.784249e-01
0.000000e+00,3.635740e-01,4.857097e-02,1.079290e-01,1.806146e-01,2.861199e-01,3.050222e-01,2.355724e-01,2.633350e-01,4.080414e-01
6.987166e-02,8.832975e-01,7.389655e-02,7.768354e-01,6.592378e-01,7.689966e-01,1.882377e-01,4.240972e-01,1.908015e-01,1.727643e-01
0.000000e+00,0.000000e+00,0.000000e+00,0.000000e+00,0.000000e+00,0.000000e+00,0.000000e+00,2.146642e+01,0.000000e+00,0.000000e+00
7.643388e-02,6.398802e-01,0.000000e+00,1.443237e-01,1.873534e-02,1.184811e-01,2.179613e-01,3.104580e-01,4.849521e-01,5.186644e-01
3.567467e-01,0.000000e+00,2.485350e-01,0.000000e+00,0.000000e+00,0.000000e+00,9.061960e-01,6.193995e+00,8.675346e-01,3.443034e-01
8.521669e-02,1.136714e+00,0.000000e+00,3.826860e-01,2.783513e-01,1.982936e-01,7.297248e-01,8.015691e-02,2.414641e-01,4.191321e-01
1.545904e-01,1.583435e-01,0.000000e+00,3.259809e-01,3.906146e-01,3.737071e-01,0.000000e+00,3.703491e-01,0.000000e+00,1.949362e-01
5.232560e+00,3.487792e+00,9.297139e-01,3.247438e+00,3.313708e+00,4.112790e+00,5.927275e-01,3.454038e-01,6.287648e-01,6.337232e-01
1.945584e+00,2.233729e+00,8.459814e-01,4.150328e+00,3.803096e-01,1.530075e-01,3.811306e-01,1.814793e+00,2.581951e+00,1.156395e+00
8.212342e-02,3.071534e-01,2.521421e-01,8.147475e-02,1.675543e-01,2.415027e-01,0.000000e+00,7.697685e-02,1.761534e-01,1.603000e-01
9.613507e-03,7.424789e-01,3.212742e-02,1.498869e-01,9.821824e-02,1.865896e-01,2.051933e-01,4.142740e-01,1.012220e-01,4.528119e-01
4.833758e-02,8.227504e-01,0.000000e+00,2.855871e-02,2.197519e-01,4.492578e-01,1.124056e-01,4.617757e-01,1.230811e-01,3.076345e-01
2.903202e-02,2.151724e-01,6.848980e-02,1.148672e+00,9.424223e-02,1.766063e-01,3.303782e-01,8.568989e-02,3.879675e-01,3.998999e-01
1.327033e-01,5.659872e-01,1.234185e-01,1.116681e+00,0.000000e+00,0.000000e+00,1.979802e+00,1.243127e+00,1.232739e+00,1.427834e+00
9.231074e-03,1.213761e+00,0.000000e+00,6.798705e-01,1.379694e-01,3.345271e-01,4.381683e-01,4.015190e-01,3.726088e-01,5.891916e-01
0.000000e+00,4.036315e+00,3.131803e-01,6.468904e-01,3.782471e-01,1.439730e+00,0.000000e+00,9.183056e-02,0.000000e+00,6.792443e-01
4.360792e-01,1.466450e+00,0.000000e+00,1.156169e+00,4.921048e-01,7.650600e-01,1.378816e-02,4.450296e-01,6.175413e-01,5.132941e-01
7.621035e-02,1.233640e+00,7.055118e-02,3.695783e-01,3.910099e-01,9.749618e-01,9.242497e-01,1.043169e+00,4.948939e-01,7.078824e-01
1.294406e-02,6.334416e-02,1.736735e-02,2.108493e-01,0.000000e+00,4.140732e-01,0.000000e+00,1.232473e+00,3.698493e-01,6.322065e-01
3.359589e+00,1.826816e+00,4.382502e-01,4.474986e+00,3.259782e+00,4.619668e+00,0.000000e+00,3.684344e-01,0.000000e+00,6.227895e-02
4.014227e-01,3.803015e-01,0.000000e+00,4.925440e-01,0.000000e+00,0.000000e+00,6.435815e-03,3.688704e-02,0.000000e+00,3.322002e-01
5.431500e+00,3.201034e+00,1.562285e+00,2.753068e+00,3.683974e+00,5.153412e+00,3.807480e-01,4.786476e-01,7.245686e-01,5.431452e-01
1.753000e-01,4.317180e-01,1.398551e-01,0.000000e+00,3.033397e-02,1.080141e-01,1.121799e-01,2.565786e-01,1.962621e-01,2.902622e-01
4.205041e-01,7.972461e-01,0.000000e+00,7.560028e-01,4.729822e-01,8.214981e-01,0.000000e+00,4.038617e-01,5.537895e-01,6.342885e-01
4.111525e-02,6.678597e-01,1.479528e-01,3.811737e-02,3.235175e-01,5.273905e-01,2.707343e-01,1.079139e-01,1.141171e-01,3.235962e-01
1.581206e+00,0.000000e+00,0.000000e+00,1.731079e+00,0.000000e+00,0.000000e+00,0.000000e+00,0.000000e+00,8.966889e-01,2.691362e+00
3.764319e-02,9.189970e-01,0.000000e+00,1.457903e-01,1.797828e-02,0.000000e+00,6.522451e-03,1.484907e-02,3.552942e-01,3.840858e-01
0.000000e+00,2.502549e+00,0.000000e+00,0.000000e+00,5.118498e-01,3.541205e-02,5.677272e-01,0.000000e+00,1.874238e-03,1.130243e+00
4.535552e+00,2.281310e+00,8.419535e-01,3.375941e+00,2.440014e+00,3.582202e+00,6.577016e-01,4.288962e-01,3.573056e-01,2.281721e-01
0.000000e+00,0.000000e+00,0.000000e+00,5.950198e-02,0.000000e+00,0.000000e+00,0.000000e+00,0.000000e+00,1.825590e+01,0.000000e+00
1.270135e-01,9.675285e-01,3.389606e-01,5.287615e-01,2.505713e-01,8.348383e-01,3.594798e-01,2.849989e-01,5.290977e-01,5.855245e-01
5.687088e-02,1.111870e+00,5.629880e-02,6.621246e-03,0.000000e+00,1.320298e-01,4.571293e-01,1.550810e-01,2.586296e-01,3.716892e-01
5.527416e+00,2.953649e+00,1.552921e+00,3.382151e+00,5.651583e+00,6.383801e+00,8.760018e-01,4.015305e-01,6.337263e-01,9.280347e-01
5.956638e-01,2.653999e-01,0.000000e+00,5.671793e+00,4.130150e-01,2.446590e+00,1.771809e+00,1.001043e+00,0.000000e+00,2.065996e+00
4.947153e-01,1.458689e+00,5.989948e-01,1.120742e+00,0.000000e+00,8.304636e-01,1.386103e+00,5.575793e-01,5.910307e-02,0.000000e+00
4.386918e+00,2.261081e+00,5.646235e-01,2.698238e+00,2.730675e+00,3.698530e+00,3.131033e-01,0.000000e+00,5.990234e-02,0.000000e+00
3.607991e+00,2.772345e+00,3.498675e-01,4.448174e+00,3.797179e+00,4.713469e+00,5.124140e-01,2.149892e-01,7.054594e-01,9.701370e-01
5.089471e+00,2.455523e+00,9.429138e-01,2.785445e+00,7.026450e-01,2.669131e+00,0.000000e+00,3.865396e-01,0.000000e+00,2.296835e-01
1.403370e-02,6.634488e-01,0.000000e+00,1.640924e-01,2.060909e-02,2.761937e-01,0.000000e+00,0.000000e+00,2.837543e-01,5.311227e-01
2.946896e-01,8.572599e-01,5.001947e-02,2.111694e-01,0.000000e+00,2.905842e-01,1.642070e-01,1.297455e-01,2.445032e-01,2.474027e-01
0.000000e+00,8.447139e-01,0.000000e+00,0.000000e+00,2.365970e-01,4.617421e-01,3.790608e-01,1.034713e-01,2.114031e-01,3.404803e-01
1.070197e-01,0.000000e+00,1.406540e-01,1.344637e-01,5.012548e-01,5.139066e-01,3.386168e-01,0.000000e+00,1.177987e-01,2.036253e-01
9.338988e-02,3.440220e-01,1.524147e-01,2.151396e-01,2.319408e-01,3.269700e-01,3.335273e-02,2.798883e-01,7.266300e-03,2.642754e-01
0.000000e+00,3.067106e+00,3.111300e-02,3.293686e-01,1.928429e-01,0.000000e+00,0.000000e+00,7.990897e-01,2.984195e-01,9.765112e-01
7.808482e-01,4.042903e-01,1.646814e-01,3.718922e-01,0.000000e+00,1.993904e-01,0.000000e+00,6.193432e-01,0.000000e+00,0.000000e+00
5.596728e+00,2.899898e+00,1.682466e+00,1.640606e+00,4.293314e+00,5.409546e+00,6.149713e-01,4.251007e-01,6.658887e-01,9.015777e-01
3.492693e-01,6.162287e-01,1.933585e-01,1.226132e-01,1.015787e-01,3.623615e-01,4.964303e-02,3.013943e-01,2.452214e-01,2.716637e-01
0.000000e+00,5.167740e-01,9.327761e-02,1.358628e-01,5.196092e-01,3.060707e-01,1.973269e-01,5.345087e-02,4.835653e-02,9.854665e-02
1.751989e-01,4.902010e-01,1.736567e-01,2.515590e-01,3.537028e-01,6.067116e-01,4.251491e-01,0.000000e+00,3.079982e-01,1.566675e-01
0.000000e+00,9.194427e-01,0.000000e+00,6.480701e-02,1.043004e-01,7.416740e-02,3.944468e-01,2.836242e-01,1.834632e-01,3.525372e-01
2.689212e-02,4.204096e-01,1.993753e-01,1.328982e-01,1.915548e-01,1.707540e-01,3.606979e-01,2.857603e-01,1.185218e-01,5.052384e-02
0.000000e+00,6.014042e-01,2.093784e-01,1.912020e-01,5.265922e-01,6.298336e-01,2.558340e-01,0.000000e+00,3.791631e-01,6.525499e-01
2.482930e-01,7.805465e-01,5.030569e-01,6.929832e-02,4.290802e-01,0.000000e+00,1.952925e-01,3.315699e-01,4.054030e-01,2.779863e-01
4.615893e-02,1.033604e+00,1.608345e-01,3.914708e-01,4.060017e-01,4.496774e-01,3.134837e-01,2.239679e-01,0.000000e+00,2.830290e-01
2.035652e-01,4.688425e-01,2.301244e-01,5.986644e-01,0.000000e+00,3.694852e-01,2.392601e-01,3.750264e-01,9.459966e-02,2.186010e-01
0.000000e+00,0.000000e+00,1.115271e+00,2.586450e+00,0.000000e+00,9.318132e+00,0.000000e+00,0.000000e+00,0.000000e+00,0.000000e+00
0.000000e+00,0.000000e+00,7.172649e+00,1.274645e+00,0.000000e+00,1.095892e+00,0.000000e+00,0.000000e+00,0.000000e+00,1.354352e+00
1.558150e+00,2.961359e+00,1.872734e+00,3.062374e-01,4.732386e-01,1.519507e+01,3.958749e-01,1.462178e+00,0.000000e+00,0.000000e+00
9.244544e-02,1.603475e+00,1.041341e+01,0.000000e+00,0.000000e+00,3.927268e+00,0.000000e+00,8.868440e-01,9.212453e-01,0.000000e+00
0.000000e+00,0.000000e+00,4.908185e+00,1.053773e-01,2.637047e-01,0.000000e+00,0.000000e+00,0.000000e+00,0.000000e+00,0.000000e+00
0.000000e+00,3.432993e-01,2.437650e+00,2.426940e+00,0.000000e+00,1.604246e+01,0.000000e+00,1.501885e+00,0.000000e+00,0.000000e+00
0.000000e+00,1.219147e+00,6.533404e+00,5.857426e-01,0.000000e+00,6.761928e+00,3.242865e-02,1.021103e+00,6.067875e-01,0.000000e+00
0.000000e+00,2.069406e-01,1.488573e+00,3.091653e-01,0.000000e+00,2.537380e-01,0.000000e+00,2.473130e-02,2.314615e-01,3.257875e-01
0.000000e+00,0.000000e+00,6.600745e+00,0.000000e+00,0.000000e+00,9.782828e+00,0.000000e+00,0.000000e+00,0.000000e+00,0.000000e+00
