2.544795e+00,5.839212e-01,8.488046e-02,2.005210e-01,2.214285e-01,2.831567e-01,8.921705e-01,4.291161e-01,2.518432e-02,9.665437e-01
1.241100e-01,2.920065e-07,8.543309e-02,1.223043e-01,4.908769e-01,2.658543e-01,1.311082e-01,1.565542e-02,2.173175e-01,2.771215e-02
9.191847e-06,1.803331e-01,0.000000e+00,7.507654e-08,3.090042e-01,6.216233e-01,3.557480e-06,2.103826e-01,8.276953e-01,3.285441e-03
1.071349e-02,1.190093e-01,1.015962e-01,1.724496e-03,7.170027e-01,5.947931e-01,1.103175e-02,3.347364e-07,2.869780e-01,7.203383e-01
1.616794e+01,4.147727e+00,2.629153e+00,1.040507e+00,1.985178e-01,3.312440e+00,4.200510e+00,2.258995e+00,1.838685e+00,4.275914e+00
3.038297e-01,5.729741e-01,2.348003e-01,9.242301e-03,1.840781e+00,6.124078e-01,7.113688e-02,4.786742e-05,8.834408e-01,1.028231e+00
2.547614e-01,8.256901e-02,1.851111e-01,7.628442e-02,9.865454e-01,1.175123e+00,1.896746e+00,2.189276e-05,6.332859e-01,1.764048e+00
4.817652e-01,2.709632e-01,3.695443e-01,1.081008e-01,3.427877e-01,4.186538e-01,3.351245e-01,1.955786e-01,1.074774e-06,4.669188e-03
1.824507e-01,1.308474e-01,4.941202e-01,5.476294e-03,7.896951e-01,2.411676e-01,5.335723e-01,2.036471e-02,8.270508e-03,3.807495e-01
1.727865e-02,5.143639e-02,2.118422e-01,5.668411e-04,1.429518e-02,2.846253e-01,1.663381e-01,2.587237e-01,2.581757e-01,3.406619e-10
2.212536e-03,1.906174e-03,6.521374e-11,6.007752e-02,6.757011e-01,2.741880e-01,2.967196e-01,1.771553e-05,1.765066e-01,5.744306e-02
5.136395e-01,6.955177e-01,1.006212e-03,7.771538e-02,6.603777e-01,6.549326e-01,2.833778e-01,9.139942e-02,7.382884e-01,3.334962e-01
1.220129e+01,3.100555e+00,2.194195e-02,8.474363e-01,9.337009e-01,2.007527e+00,1.996989e+00,4.095289e-01,2.288649e+00,2.252549e+00
3.600785e-02,1.184945e-01,2.026778e-08,1.695584e-09,1.987953e-01,8.056575e-03,2.471859e-04,2.301134e-01,8.546738e-01,2.620261e-01
1.817837e-01,5.677989e-06,2.646197e-01,3.202846e-02,2.338794e-01,1.843998e-01,1.986088e-01,1.342466e-01,1.072273e-01,4.010949e-04
0.000000e+00,4.055559e+00,0.000000e+00,0.000000e+00,0.000000e+00,0.000000e+00,0.000000e+00,0.000000e+00,4.922537e-16,0.000000e+00
1.026782e+01,2.383628e+00,9.659222e-01,9.141771e-01,6.821055e-01,3.600099e-01,2.612717e+00,1.684147e+00,1.117727e+00,1.982429e+00
1.870126e-06,3.567543e-12,9.802130e-03,1.138833e-01,4.115076e-01,2.029490e-01,4.390936e-01,1.112385e-01,1.832898e-01,2.067543e-01
2.699119e-05,1.106619e-01,3.020872e-08,3.741886e-07,2.482006e-01,3.962692e-03,2.588321e-01,5.761465e-02,1.179395e-01,4.414094e-01
2.831043e-05,6.973537e-05,3.871573e-02,7.289713e-02,8.993528e-01,1.419095e-05,4.087493e-01,2.622147e-02,5.816350e-05,5.633601e-16
2.291371e-11,5.164743e-06,4.649988e-02,2.363220e-02,2.838524e-01,1.748804e-13,1.540888e-01,1.907019e-10,0.000000e+00,7.365847e-01
1.283903e-01,3.545579e-08,1.076058e+00,4.555012e-05,2.173735e-05,7.287770e-01,1.403223e+00,1.784009e-01,1.688467e-14,3.459117e-01
6.143333e-04,1.863406e-01,7.499656e-14,1.951464e-02,4.332951e-01,2.248086e-01,3.480270e-01,2.127700e-01,1.866241e-03,1.831093e-08
1.127751e-01,4.530594e-08,1.308151e-03,1.558801e-02,1.377277e+00,4.746130e-01,8.901227e-01,1.050992e-01,3.429140e-01,3.227122e-06
1.853248e-02,2.676044e-02,7.504784e-02,8.162983e-02,2.986356e-01,2.580556e-01,1.693095e-01,1.698516e-01,2.850072e-01,1.712376e-01
1.000989e+01,2.397557e+00,4.324539e+00,1.251685e+00,1.264159e+00,2.091538e+00,5.592269e+00,5.200204e+00,1.198905e+00,1.963352e+00
2.222777e-06,1.338761e-01,1.437831e-03,1.210298e-01,6.455794e-01,2.079362e-01,4.847737e-02,3.177657e-06,4.148402e-01,6.783496e-06
5.796004e-01,2.433888e-01,3.295416e-01,5.435316e-05,3.823335e-01,1.637224e-02,4.476797e-01,4.931770e-01,6.018761e-01,1.103804e-04
0.000000e+00,7.885424e-02,0.000000e+00,4.996932e-11,0.000000e+00,5.653579e-01,4.179375e-02,0.000000e+00,6.495261e-01,4.433750e-01
4.008996e-01,1.574723e-01,4.571044e-11,2.996277e-03,2.966438e-01,3.776298e-05,4.413352e-01,4.364169e-01,6.592643e-01,3.193086e-10
5.589841e-02,0.000000e+00,3.052425e-02,4.548176e-02,1.435411e-01,3.947496e-01,3.534157e-01,3.481892e-12,2.518216e-01,8.519551e-13
4.714692e-05,0.000000e+00,2.230014e-01,3.622893e-07,1.871699e-01,1.646190e-08,3.293950e-01,1.857251e-10,0.000000e+00,5.332605e-01
3.563164e-09,1.163497e-01,5.056126e-03,2.853660e-02,0.000000e+00,2.073342e-01,8.136894e-01,2.094195e-01,1.257118e-05,1.135982e+00
1.632904e-10,0.000000e+00,1.077177e-01,0.000000e+00,1.055319e+00,2.481677e-06,2.340948e-01,7.776037e-02,2.441648e-05,2.667488e-01
0.000000e+00,1.378276e+00,1.347721e-06,0.000000e+00,0.000000e+00,0.000000e+00,4.921330e-04,1.841189e-01,1.918925e-09,0.000000e+00
1.285059e-01,1.639607e-05,3.406059e-01,3.908506e-05,3.846815e-01,4.547612e-01,8.089692e-01,1.084001e-01,1.305194e-01,4.708095e-01
1.719745e-01,7.733023e-02,9.442961e-02,6.749013e-02,2.674069e-01,2.848520e-01,2.483852e-04,7.183344e-13,4.054667e-01,3.414558e-14
8.209100e+00,2.514723e+00,7.680224e-01,1.039629e+00,1.212556e-01,1.861070e+00,5.693110e-01,1.081778e+00,1.561558e+00,3.977717e+00
7.176366e-02,0.000000e+00,1.496931e-01,9.416115e-02,2.172505e-01,2.699768e-01,5.595582e-02,1.619097e-01,5.486865e-01,2.275226e-01
4.036950e-09,2.232599e-01,2.183194e-01,4.386291e-02,2.275582e-02,7.669900e-04,2.977839e-01,6.492477e-02,1.460976e-01,1.670369e-01
1.954776e-01,1.886562e-01,1.239584e-01,3.371640e-04,3.129497e-01,2.144041e-02,3.675089e-02,1.582728e-01,5.829686e-10,2.374013e-01
3.966194e-02,3.760543e-01,3.947488e-01,1.789105e-01,1.511372e-05,7.817392e-04,1.094960e+00,2.746318e-02,5.727431e-01,1.000159e-02
1.022480e-07,3.049482e-04,2.145297e-01,2.835308e-03,4.868360e-01,1.289912e-02,7.358811e-02,4.180761e-13,3.344799e-01,3.703682e-01
5.037621e+00,9.588950e-01,1.008947e-02,6.522164e+00,2.824177e-02,1.791313e+00,2.101378e+00,5.648242e+00,1.446343e-02,5.494990e-01
1.989206e-01,8.269945e-02,1.689008e-04,4.815422e-02,3.317020e-01,1.723115e-01,4.822474e-01,3.035370e-04,2.145149e-02,2.298693e-01
1.173538e+00,9.902133e-01,3.245155e+00,7.685817e-03,7.395217e+00,1.233300e+01,4.383946e-01,5.777481e-01,9.436598e-01,7.309210e+00
3.969620e-08,5.245671e-12,3.374349e-02,2.801286e-12,5.435147e-01,4.735406e-02,1.424892e-01,1.994623e-02,3.375107e-01,3.348225e-01
0.000000e+00,0.000000e+00,3.660230e-02,0.000000e+00,0.000000e+00,6.384796e-01,4.931774e-01,3.042880e-01,6.144729e-12,0.000000e+00
6.520412e-04,7.533930e-10,2.214956e-11,3.329290e-02,2.129438e-01,1.235679e-01,4.056849e-01,1.029119e-01,2.664558e-01,1.960494e-01
8.841590e+00,2.769686e+00,1.782034e+00,1.372160e-01,1.670512e-02,1.667615e+00,1.321090e+00,1.826668e+00,1.301765e+00,2.151601e+00
1.786708e-01,3.069949e-01,4.344387e-01,1.031806e-07,6.572314e-01,5.621480e-01,1.653164e-09,1.874404e-01,7.063219e-01,9.646931e-01
1.118514e-01,1.847834e-08,7.687396e-16,1.330614e-05,3.360856e-01,2.270287e-01,4.595170e-02,6.229796e-02,1.387451e-01,3.474805e-01
2.653377e-01,1.850646e-01,1.073346e-01,1.312668e-01,2.524636e-01,2.370052e-02,1.410514e-01,1.616001e-02,6.553551e-01,2.507415e-01
1.797253e-01,5.357160e-01,1.060228e-05,8.669666e-02,1.933423e-01,1.140888e-03,5.696184e-01,1.441419e-11,2.218560e-04,2.093174e-10
4.225359e-01,1.722332e-01,0.000000e+00,5.264030e-03,2.237327e-01,0.000000e+00,1.461015e-01,8.489074e-06,1.147160e-02,1.648527e-01
3.125617e+00,9.931288e-01,1.757733e-05,2.231392e-01,1.294936e-03,1.782603e-03,8.426173e-01,1.546626e+00,9.741763e-01,8.293212e-04
2.743345e+00,6.356743e-01,6.404197e-02,3.098210e-01,6.729243e-06,4.119923e-01,2.716516e-04,4.909209e-01,1.225393e+00,1.885779e+00
4.536136e-04,1.564536e-01,7.190098e-03,1.025668e-05,1.461242e+00,6.670412e-01,6.128009e-14,3.461538e-06,2.576793e-01,7.769381e-01
1.620384e+00,9.099284e-01,1.716367e+00,2.727603e-01,2.007502e+00,3.062587e+00,3.361559e+00,1.341959e+00,2.787086e+00,1.547886e+00
1.538610e+01,4.221988e+00,2.856588e+00,8.016292e-01,4.880834e-01,2.353124e+00,4.614536e+00,2.833535e+00,2.268836e+00,3.504222e+00
1.224059e+01,2.953702e+00,2.127004e+00,1.004993e+00,8.331225e-01,3.299794e+00,2.539249e+00,5.734393e-01,2.639785e+00,2.876347e+00
7.550911e+00,1.292388e+00,5.301782e-05,2.401066e-01,1.078875e+00,8.689764e-01,1.708620e+00,1.996644e+00,2.433939e+00,8.653677e-01
7.505713e+00,1.096119e+00,1.115504e+00,2.629314e-01,1.810197e+00,1.521873e-01,3.509537e+00,2.199638e+00,1.238832e+00,2.811493e+00
4.322815e-01,7.063621e-02,1.088810e-01,8.470663e-02,6.238362e-01,4.939902e-01,7.420191e-01,9.411940e-02,1.072890e-03,4.726397e-05
9.909486e+00,2.646871e+00,5.013744e-01,3.435525e-01,6.981127e-01,2.756364e+00,7.121402e-01,2.358063e-01,1.817700e+00,4.491081e+00
8.822552e-06,9.628983e-08,2.460164e-01,1.095153e-01,1.084968e-01,3.040476e-01,7.886418e-07,7.171348e-02,4.215642e-01,2.295897e-04
2.601517e+00,5.287308e-02,6.055207e-01,4.375995e-01,2.401754e-01,9.875623e-01,1.044097e+00,1.256271e+00,1.507467e+00,4.628992e-01
1.734703e-01,1.547252e-06,6.307082e-01,1.594977e-01,2.036796e-01,7.032939e-01,6.027588e-01,1.084004e-03,4.084173e-01,4.578546e-01
2.732714e-01,8.141539e-04,5.425867e-05,0.000000e+00,2.397464e-01,1.092716e-04,2.746105e-01,3.716708e-01,5.796360e-01,5.085513e-06
4.317734e-01,1.150034e-05,1.495193e-01,1.240663e-04,1.451179e-01,5.998878e-01,6.402286e-01,6.399893e-01,4.410562e-01,7.817469e-03
5.414064e+00,1.187817e+00,1.348524e+00,3.530980e-01,2.906689e-01,1.604082e-02,1.928101e+00,2.181516e+00,1.406902e+00,2.056817e+00
7.332243e+00,1.807472e+00,1.506274e+00,3.690900e+00,2.810130e-01,3.137786e-01,2.531838e+00,4.684709e+00,8.317638e-01,4.180292e-02
5.478476e-09,0.000000e+00,4.741353e-03,2.418537e-02,2.463079e-01,7.169223e-02,5.354391e-01,9.938155e-03,2.333695e-02,3.404045e-01
1.048441e-02,8.986760e-02,8.947322e-02,5.920128e-02,2.086889e-01,2.093831e-01,1.149895e-12,9.596594e-02,8.418931e-03,4.928190e-01
4.137347e-01,1.916982e-03,3.360482e-01,4.623340e-02,5.902761e-02,7.061822e-11,1.027557e+00,2.540482e-01,2.888673e-01,2.736092e-04
3.773420e-01,1.145736e-02,2.912802e-01,1.216382e-01,3.318242e-01,4.866181e-01,6.422458e-01,9.271982e-02,1.785517e-01,1.118706e-05
2.911224e-06,1.320320e-01,1.231193e-01,8.256082e-02,3.787622e-01,1.122675e-02,3.228482e-01,2.258891e-01,4.385586e-01,3.652154e-01
1.145273e-05,5.965300e-05,2.129933e-01,1.290567e-01,0.000000e+00,5.493225e-01,6.700458e-01,3.182116e-02,8.802732e-13,1.914844e-01
4.026451e-02,1.430160e-05,4.642567e-10,1.111857e+01,4.292481e-09,1.275631e-07,4.095030e-03,5.239157e+00,8.431919e-07,5.530180e-01
1.173859e-05,2.232562e-01,6.229655e-08,1.405853e-03,0.000000e+00,0.000000e+00,2.467124e-01,5.660440e-04,4.395491e-09,7.041828e-01
4.165326e-05,1.644149e-01,3.144837e-02,1.314429e-02,1.040018e-10,3.565428e-01,3.466798e-01,7.948171e-02,2.549246e-01,0.000000e+00
6.362897e+00,1.812681e+00,4.483170e-04,1.130319e+01,3.496517e-04,1.516131e-01,7.659356e-04,1.073475e+01,5.173580e-04,1.054200e+00
0.000000e+00,5.044906e-14,0.000000e+00,0.000000e+00,0.000000e+00,0.000000e+00,6.554470e-01,0.000000e+00,0.000000e+00,5.715944e-01
7.542763e-02,1.123621e-01,1.411256e-01,0.000000e+00,0.000000e+00,1.337227e-11,1.210755e-02,1.621367e-02,9.012182e-04,7.745928e-01
2.317045e+00,3.169203e-01,3.682389e-08,8.451448e-02,8.541738e-02,7.330137e-07,1.010147e+00,1.328851e+00,1.360717e+00,7.101462e-01
1.602279e+00,6.168191e-01,1.850502e-01,3.609211e-01,7.647230e-01,1.228840e-04,3.268497e-01,6.781041e-01,4.813143e-01,8.277455e-01
7.456920e+00,1.549387e+00,1.503522e+00,1.180084e+00,6.381477e-01,1.018445e+00,9.133789e-02,1.834042e+00,1.573130e+00,3.030875e+00
2.150799e-01,3.282661e-06,5.252349e-10,1.075629e-05,7.172298e-02,1.753681e-01,5.392442e-05,3.968565e-01,4.055320e-01,1.304412e+00
4.262112e-01,1.431070e-01,1.090902e-01,2.091256e-01,5.440415e-02,4.190968e-01,4.466935e-02,3.530285e-01,9.897101e-01,2.634940e-03
2.085584e-07,1.716318e-02,3.511870e-03,3.717945e-01,3.133393e-01,8.616341e-02,2.160556e-01,2.493818e-01,1.226577e-03,4.347161e-02
5.783364e-02,1.367806e-01,4.120355e-01,6.662004e-02,2.177938e-01,1.383069e-06,4.850568e-01,1.087513e-07,1.329055e-01,3.469288e-01
1.307213e-01,1.743229e-01,3.433575e-01,5.675288e-02,1.605773e-01,1.692221e-01,1.813387e-01,5.715670e-02,5.495172e-07,3.918496e-01
1.294100e-01,1.102554e-10,2.077148e-01,6.167784e-02,2.728478e-01,2.561673e-01,4.213730e-01,6.717510e-02,9.933043e-02,1.226557e-04
1.714776e+01,2.633976e+00,4.822693e-01,4.732574e-01,1.195988e+00,1.185058e-02,7.178614e+00,3.177272e+00,4.831015e+00,1.197750e-01
1.282119e+00,4.835835e-01,2.622825e-01,2.388557e-02,2.148661e-02,1.012147e-01,5.057692e-02,1.915845e+00,2.292653e+00,3.772751e-01
0.000000e+00,1.547010e+00,4.175428e-15,0.000000e+00,1.267125e-14,0.000000e+00,0.000000e+00,0.000000e+00,8.971560e-07,0.000000e+00
4.948497e-02,0.000000e+00,1.699860e-01,1.472353e-01,4.128821e-01,2.456503e-01,4.680660e-01,8.214153e-10,1.007308e-07,1.028408e-01
4.592814e-04,1.937388e-03,3.093687e-02,0.000000e+00,3.575869e-01,1.520807e-03,3.017216e-05,3.652247e-01,8.214234e-01,1.910329e-03
6.083972e+00,1.454022e+00,1.128109e+00,8.086488e-02,1.403818e+00,2.270497e+00,1.256475e+00,1.764739e+00,3.005669e+00,3.201103e+00
2.339782e-01,4.255787e-02,1.199781e+00,4.728772e-01,4.151098e+00,4.013828e+00,5.377108e+00,2.681992e-01,2.876692e+00,5.326008e-01
6.510806e-02,4.829270e-10,6.672212e-01,5.573001e-13,6.578523e-01,1.606039e+00,1.482706e+00,4.033408e-01,8.898074e-02,9.695826e-01
2.000825e-01,4.756018e-01,1.425458e-01,4.635507e-01,3.036369e+00,4.159131e+00,5.660514e+00,2.678553e-01,1.330041e+00,1.869428e-03
1.223288e+00,1.962014e-01,1.245450e+00,5.119489e-01,4.641726e+00,5.880974e+00,8.555756e+00,4.672721e-01,2.541518e+00,1.398550e-05
2.730949e-11,4.307912e-16,0.000000e+00,3.022134e-10,0.000000e+00,1.895399e+01,0.000000e+00,6.301961e-07,0.000000e+00,0.000000e+00
7.619166e-01,2.193017e-01,3.880008e-01,2.168021e-02,7.956589e-02,0.000000e+00,1.702426e-01,6.259848e-01,2.434001e-01,4.524573e-03
8.708433e-01,1.212532e-01,6.637071e-01,7.667396e-04,7.826785e-01,1.096180e+00,9.553714e-01,1.647011e-08,4.229625e-06,2.411233e-02
1.698165e+01,4.677797e+00,9.900202e-02,6.371858e-01,1.561558e+00,2.949989e+00,2.092387e+00,2.653474e+00,3.347600e+00,4.436072e+00
3.865013e-01,9.882175e-06,3.246188e-01,5.089016e-02,3.014481e-01,1.505175e-01,1.985539e-02,8.030936e-03,3.544707e-01,1.674600e-01
3.932658e+00,7.835356e-01,2.239168e-01,3.927938e-01,6.109068e-07,1.687590e+00,2.853097e-02,2.084707e-01,3.077321e-01,2.397864e-03
1.007478e+01,1.902416e+00,4.974866e-01,1.059557e+00,3.911298e-02,3.162057e-01,2.556168e+00,2.472391e+00,1.586296e+00,1.987667e+00
3.998715e-06,1.070401e-10,8.334940e-12,3.266836e-03,5.791339e-01,1.272559e-02,3.246938e-01,2.173296e-01,3.966240e-01,3.423945e-02
2.155988e-01,1.419285e-01,4.453755e-04,5.640794e-02,1.201350e-01,1.508198e-01,6.861661e-01,1.286616e-06,4.523008e-02,1.308651e-01
6.583752e-04,4.484356e-13,6.526979e-02,8.945064e-07,8.499390e-03,2.562259e-01,9.626466e-05,3.904817e-01,7.194126e-01,2.086471e-02
1.143157e+01,2.891062e+00,8.555814e-01,1.914056e+00,1.332353e+00,2.740777e+00,1.755363e+00,2.232162e+00,5.112384e-01,2.265285e+00
3.004413e-01,3.868740e-01,5.031361e-01,1.147193e-02,3.438850e-03,3.686970e-01,5.661214e-01,5.552339e-06,1.968421e-01,1.394675e-01
2.586772e-04,1.913155e-04,4.258529e-01,4.965612e-03,2.682485e-05,4.591463e-02,1.560490e-01,1.049057e-01,1.832322e-01,1.955867e-01
1.416451e+01,2.839098e+00,2.707580e-01,1.206409e+00,4.392863e-03,2.386671e-03,2.721943e+00,4.523629e+00,3.865110e+00,7.361339e-01
1.196706e-02,1.678553e-01,1.189897e-01,3.486314e-03,2.419024e-02,1.762414e-01,7.534182e-02,1.332741e-01,6.520956e-01,1.044908e-01
2.650676e-03,1.786604e-01,3.549511e-09,1.286257e-03,5.900251e-01,1.923123e-01,6.082804e-01,7.881870e-02,3.001540e-01,2.109036e-03
9.756667e-11,1.501084e-01,9.837328e-02,5.546840e-11,1.195540e-04,7.621630e-02,2.455611e-02,6.442870e-02,5.314145e-01,2.445399e-01
9.038426e-07,1.107827e-10,6.221247e-11,7.572135e-06,3.456240e+01,4.732856e-03,4.256101e-16,2.979511e-07,9.179247e-13,0.000000e+00
2.811990e-02,2.644479e-05,1.471793e-01,1.967068e-01,6.139085e-01,1.149147e-01,2.427606e-01,8.133909e-03,3.336849e-01,1.480629e-01
1.020525e+00,1.858808e-01,1.650768e-01,2.967580e-02,2.198952e-02,2.717195e-01,8.745454e-01,3.749201e-01,4.118436e-02,1.684687e-03
7.286513e-02,3.518889e-04,2.963682e-01,8.981223e-02,8.937607e-01,2.771629e-01,7.084650e-01,2.505208e-01,2.227098e-01,8.016205e-01
4.300573e-03,3.421206e-05,5.090127e-04,1.081285e-02,7.908966e-01,3.012588e-01,2.703781e-01,3.446968e-01,1.140959e+00,7.333265e-02
1.235145e-01,2.819391e-03,3.611838e-01,1.408446e-03,7.955066e-01,1.626453e-01,8.428700e-04,1.124089e-01,5.630349e-01,8.176376e-01
8.855473e-02,3.970339e-02,7.541126e-02,1.449321e-02,2.875316e-01,4.383511e-01,1.608264e-04,5.405595e-03,3.035408e-01,6.047159e-02
1.744241e-08,2.397934e-03,0.000000e+00,2.677914e-03,1.652998e+00,8.914136e-02,0.000000e+00,3.817076e-12,4.667468e-01,2.464648e-01
2.317940e-01,1.138836e-01,1.933482e-01,1.020965e-01,4.409124e-01,4.060237e-03,3.449590e-01,2.329538e-16,2.301782e-01,4.645790e-04
4.674761e-03,1.920379e-01,1.433464e-12,2.306939e-09,1.122477e-02,7.485815e-01,4.795139e-09,4.254045e-10,6.353570e-01,2.500461e-01
2.732586e-03,0.000000e+00,6.169089e-01,6.481572e-07,3.129061e-02,1.563231e-01,1.693992e+00,1.725809e-03,3.141604e-05,1.684511e+00
6.446780e-16,0.000000e+00,0.000000e+00,2.396475e-02,5.632454e-01,2.827345e-04,7.812983e-01,2.977287e-03,0.000000e+00,1.620571e-04
1.376229e-01,1.978416e-01,1.297214e-01,5.223140e-02,5.506123e-02,1.261731e-06,4.103851e-01,1.167648e-03,1.631993e-07,1.310184e-01
2.169147e+00,6.564060e-01,7.000496e-03,2.891542e-02,8.899520e-04,7.395237e-01,1.947883e-02,1.075562e-02,1.193062e+00,1.213415e+00
3.978574e-10,1.429972e-01,2.613330e-01,1.618245e-02,4.129245e-01,5.228277e-02,1.830368e-01,2.203165e-02,3.664906e-01,0.000000e+00
3.379904e-01,1.646176e+00,5.425796e+00,1.198770e+00,8.718819e+00,6.058951e+00,6.609665e+00,1.508410e+00,8.380155e-03,2.144051e+01
1.905502e-01,1.352405e-01,1.152467e-01,1.644533e-03,3.246111e-01,1.696226e-01,1.258405e-01,2.942140e-02,3.814818e-01,4.349946e-02
3.748548e-01,7.478270e-02,8.640090e-03,1.223964e-01,1.490960e-03,3.963202e-01,1.254472e-01,1.340539e-03,3.633455e-01,3.461814e-01
5.197482e-01,2.387168e-01,1.240505e-02,1.585011e-08,3.408040e-01,4.123009e-01,8.049674e-06,6.001183e-02,3.225925e-01,1.994179e-01
2.512594e-02,1.143151e-01,9.445156e-02,4.547932e-02,5.303427e-01,8.491314e-01,2.908639e-01,7.582155e-03,1.743624e-01,9.786823e-07
2.105826e+01,4.952172e+00,6.452909e-01,2.497129e+00,1.020067e+00,3.442882e+00,3.724865e+00,3.101724e+00,5.369182e+00,2.766026e+00
1.833138e-02,5.003646e-06,6.945744e-02,7.658264e-02,5.016561e-01,2.665454e-01,5.842955e-02,3.835736e-02,1.173134e-01,2.603855e-01
1.833068e+00,2.810317e-01,4.140698e-16,3.908483e-01,2.709557e-01,2.772033e-02,3.716198e-03,5.422946e-05,1.851531e-01,9.439359e-01
1.234205e-03,5.278664e-01,2.913808e-01,1.240777e-02,3.633949e-02,7.025548e-10,5.758157e-01,1.110295e-03,4.023321e-01,1.796676e-07
5.481655e-06,2.314117e-10,0.000000e+00,5.142594e-06,4.416677e-01,7.009832e-06,0.000000e+00,0.000000e+00,1.462375e-01,9.519023e-01
6.771281e-03,2.141927e-01,1.423182e-01,1.532076e-09,4.618897e-01,4.479945e-02,2.800824e-04,3.756531e-01,5.865201e-01,1.129682e-01
3.148260e+01,8.769414e+00,6.677554e+00,8.018510e-01,3.656276e+00,3.883871e+00,8.037375e+00,3.368520e+00,5.241471e+00,4.315882e+00
4.396804e-01,1.052956e-03,7.495596e-01,2.049154e-01,9.535206e-01,6.928614e-02,2.800035e+00,2.606581e-01,8.051121e-05,1.275632e+00
2.217738e-07,9.231283e-02,1.786733e-01,0.000000e+00,9.907133e-02,8.364697e-07,4.039880e-01,2.226917e-01,1.570765e-01,1.947575e-04
4.128495e+00,1.010895e+00,6.358066e-01,1.786272e-01,5.720716e-04,6.808635e-01,1.794028e+00,1.781629e+00,9.778628e-01,9.319846e-01
4.482763e-15,1.151513e-15,0.000000e+00,1.401816e+01,0.000000e+00,0.000000e+00,0.000000e+00,6.494749e+00,0.000000e+00,0.000000e+00
5.367565e+00,8.735528e-01,9.718956e-01,3.834951e-01,1.300803e-02,5.209998e-01,1.565009e+00,3.740371e+00,1.944471e+00,8.872226e-01
7.683574e-10,2.641171e-10,5.044969e-09,2.371460e-01,1.796561e-03,1.020327e-01,7.917796e-06,2.675516e-01,2.357467e-02,4.718013e-01
2.608286e+00,9.155978e-01,6.960235e-01,2.064984e-01,6.354011e-01,2.206602e-01,9.090578e-01,3.310843e-01,7.479559e-02,1.155318e+00
2.263184e-06,5.040853e-02,1.311148e-01,3.373499e-01,1.612919e-12,0.000000e+00,3.333323e-05,8.347763e-01,4.427351e-01,1.556236e-02
7.336033e-01,6.152768e-01,1.768690e-01,2.298164e-01,1.657924e-01,2.365278e-01,1.281795e-01,2.853962e-01,4.072912e-01,1.934684e-03
6.589050e-02,5.114264e-02,4.479574e-03,1.263611e-02,2.840088e-01,2.297640e-01,2.514107e-01,6.263258e-07,3.017864e-01,2.722237e-01
2.133803e-01,1.497971e-01,5.717595e-10,4.846915e-02,9.368280e-01,4.157140e-01,1.672153e-10,4.053726e-09,3.283432e-01,2.130369e-12
5.835998e+00,1.848897e+00,2.182998e+00,4.450262e-01,1.023220e+00,3.596635e+00,1.383010e+00,3.681227e-03,9.103486e-07,5.321592e-01
1.110401e+01,3.444120e+00,1.428644e+00,1.127059e+00,2.342442e-01,3.507303e+00,1.512801e+00,4.285052e-01,2.471960e+00,1.133902e+00
2.882630e+01,6.400534e+00,2.584527e+00,4.156123e+00,1.623528e+00,4.664821e+00,7.245187e+00,8.517206e-05,3.506307e-01,2.201600e+00
1.410694e-04,3.727993e-05,6.207507e-09,3.030014e-05,4.525683e-01,6.267830e-01,2.501258e-01,3.807606e-01,1.466956e-01,1.440346e-05
8.365254e-02,1.945705e-01,1.181476e-01,6.156204e-02,1.584678e-01,3.969600e-01,3.592746e-02,1.355250e-01,2.975399e-01,4.885846e-01
2.319147e-01,1.417241e-01,7.880094e-02,1.992337e-01,2.721994e-01,1.047509e-01,9.995773e-01,6.475539e-05,2.336802e-01,1.069861e-01
5.601581e+00,1.097461e+00,1.299066e+00,2.607088e-01,4.367367e-01,5.375042e-01,1.498940e+00,4.750877e-01,1.956713e+00,1.142296e+00
1.144291e+01,2.903203e+00,5.158974e-03,1.231425e+00,8.428603e-01,8.680178e-01,2.307877e+00,5.019467e-01,2.724530e+00,2.187510e+00
9.131384e-04,2.978231e-11,2.272362e-06,0.000000e+00,9.179971e-02,4.799334e-01,0.000000e+00,8.700574e-02,2.743875e-01,4.135801e-01
2.725576e-02,3.962706e-02,1.593299e-01,5.792008e-02,4.426583e-01,2.952118e-01,1.782914e-01,1.227711e-05,1.597208e-01,1.124432e-03
6.381691e+00,1.922010e+00,3.157093e-01,1.205895e-01,5.547848e-01,9.668595e-01,1.013075e+00,1.347106e+00,3.543056e+00,2.258368e+00
2.186274e-01,1.712220e-01,1.625639e-02,8.087881e-02,2.329348e-11,0.000000e+00,2.074566e-01,1.269128e-01,6.924380e-01,4.534922e-07
4.816759e-01,2.551685e-01,2.923654e-01,1.188735e-01,5.788398e-01,3.781077e-01,1.309641e-01,2.749862e-01,6.863119e-01,2.416748e-04
1.453943e-09,6.274815e-15,1.375480e-04,4.132276e-02,0.000000e+00,1.714226e-02,9.059544e-01,7.106539e-10,0.000000e+00,1.807493e-01
3.245620e-12,1.257554e-10,0.000000e+00,6.289901e-08,3.980051e-01,3.378973e-01,1.568709e-01,7.255791e-01,2.290954e+00,6.947354e-04
4.141755e-01,9.425540e-02,5.040863e-01,4.127403e-02,4.853982e-01,2.161438e-01,1.280008e-01,1.802265e-03,2.360258e-01,2.237259e-01
3.560714e-01,1.151645e-02,1.559004e-05,1.336757e+00,1.407876e-01,4.401490e-01,0.000000e+00,2.046892e+00,8.723186e-01,2.857058e+00
6.967103e-02,4.070788e-03,5.876208e-03,2.875496e-02,4.480327e-01,1.995034e-01,1.866347e-01,1.713430e-07,1.970016e-01,2.526923e-01
2.738582e-01,2.214483e-01,1.041600e-01,3.441006e-02,7.011511e-01,5.840074e-02,1.968692e-01,5.847394e-02,1.134530e-05,6.162134e-01
7.410340e-03,9.435069e-02,5.493838e-05,1.352961e-01,2.108462e+00,1.357481e+00,9.784542e-08,9.238710e-08,2.694598e-05,2.170382e-03
1.539364e-04,4.024380e-01,1.051871e-06,0.000000e+00,6.264504e-01,1.093408e+00,8.570292e-02,6.835951e-14,1.465096e-01,7.912406e-13
1.243298e+01,2.342402e+00,2.334294e+00,6.337388e-01,1.177246e-01,2.501112e+00,3.346375e+00,2.023865e+00,1.923910e+00,1.656706e+00
6.333151e-02,1.710558e-01,2.024132e-02,4.171441e-02,6.050126e-01,1.771624e-01,4.856284e-02,9.624154e-11,3.756790e-01,7.815763e-01
8.910374e-01,1.963393e-01,9.561770e-02,8.264617e-03,4.068265e-01,8.317792e-02,6.481991e-01,4.313009e-01,1.275971e-01,6.423000e-02
6.894543e+00,8.425789e-01,6.938710e-01,1.005980e-01,7.608845e-01,1.958522e-01,3.939169e+00,2.718845e+00,2.795366e+00,7.572545e-01
8.429984e+00,8.952767e-01,7.331904e-01,4.621063e-01,1.785015e-01,1.761414e+00,3.303672e+00,8.799515e-01,3.118033e-01,1.576411e+00
3.728832e-16,7.560091e-02,0.000000e+00,1.736241e-01,4.355191e-01,2.429967e-01,4.036677e-02,0.000000e+00,4.845304e-01,0.000000e+00
2.263401e-01,4.363839e-04,1.887532e-01,7.020601e-02,1.559091e-02,4.328096e-05,7.377917e-02,1.357256e-01,3.089218e-01,8.776968e-02
2.127481e-12,7.049637e-04,1.085972e-01,6.182009e-14,0.000000e+00,3.533244e-03,2.861193e-01,2.491564e-01,1.177093e-01,3.542600e-01
2.310071e-02,3.615139e-05,7.816348e-06,2.650976e-16,5.232857e-01,3.289615e-01,2.471191e-02,1.689450e-01,3.280869e-01,3.826607e-01
1.675125e+00,1.116639e+00,1.074347e+00,3.263073e-01,2.685089e+00,1.362312e+00,2.669281e+00,2.843788e-01,2.555666e+00,1.633665e-02
1.477847e-01,1.305348e-02,5.027310e-01,6.891258e-10,4.628769e-01,2.916815e-04,2.647936e-01,4.570996e-01,3.297473e-01,2.753706e-01
2.373133e-01,6.166795e-07,2.153574e-02,0.000000e+00,1.770885e-01,1.712020e-01,4.810429e-01,2.138982e-01,2.195985e-01,4.242155e-06
4.280566e+00,1.090589e+00,6.311552e-01,4.827068e-04,7.327126e-01,1.480073e+00,1.340400e+00,1.200962e+00,1.463312e+00,1.122186e+00
1.242625e+00,9.164811e-07,6.704651e+01,6.956930e-01,7.959101e-02,4.206612e-03,2.543316e-04,1.428819e+01,6.692251e-03,3.397474e-01
6.318945e-01,2.369192e-01,5.257494e-01,2.736167e-01,5.318813e+00,1.452883e+00,6.502467e-07,6.956135e-02,1.321807e+00,8.631823e-03
3.583219e-01,3.141803e-01,1.963306e-01,1.236423e-12,3.292423e-02,3.033719e-01,1.465940e-03,9.089483e-11,1.847496e-01,5.561619e-02
1.281181e-03,1.587255e-01,3.215775e-02,2.288192e-11,4.392262e-01,1.671825e-01,0.000000e+00,8.217475e-02,2.612281e-01,2.096436e-01
3.380112e-02,5.137635e-02,6.052686e-14,1.645054e-02,6.597432e-01,3.799261e-01,2.687259e-08,2.324912e-05,4.229040e-03,2.768339e-01
8.026080e-02,1.410140e-09,3.385881e-01,2.620785e-06,7.909832e-01,2.837603e-01,2.110365e-01,1.472219e-01,1.948642e-10,1.284084e-01
3.516581e-05,1.714274e-02,3.381333e-01,9.260230e-10,1.882634e+00,2.252534e-01,1.722009e-01,4.904230e-01,7.839568e-01,7.089984e-01
1.232406e-13,0.000000e+00,1.637859e-07,5.849540e-14,3.293677e-12,8.525359e-04,8.551677e-01,1.401311e-08,0.000000e+00,1.269104e+00
2.017843e+01,4.237215e+00,1.619047e+00,8.986675e-01,3.471015e-04,1.897178e+00,6.503624e+00,4.374704e+00,4.653064e+00,1.390354e-01
4.401875e-05,1.049220e-01,3.514692e-07,6.493487e-02,2.026203e-01,6.243256e-01,3.511454e-01,8.216557e-02,1.518852e-02,0.000000e+00
1.079046e+00,3.986619e-01,9.268371e-01,1.507745e-01,1.466153e+00,3.311842e-01,1.347983e+00,2.729568e-01,2.300330e-13,1.526183e-02
8.547242e-02,1.300799e-02,6.019797e-01,3.400292e-02,2.483696e+00,8.944068e-01,5.595438e-01,2.317628e-01,2.815376e-11,8.997241e-01
1.811583e-01,3.512610e-02,2.514146e-01,1.432858e-01,3.099076e-01,9.133005e-02,3.747792e-02,3.574410e-01,6.352057e-01,9.249295e-01
6.152252e+00,1.136314e+00,1.938622e-01,4.271355e-01,1.115907e-01,7.353813e-01,2.554939e+00,2.675384e+00,1.923804e+00,2.079474e+00
3.417390e-02,9.895242e-03,1.617759e-08,1.431562e-01,5.929959e-01,3.194307e-01,9.000753e-01,6.971419e-01,7.880072e-01,2.003858e-01
1.557393e-02,2.224057e-02,3.885487e-01,3.030489e-02,1.268014e+00,6.187557e-01,4.257331e-01,2.029758e-07,1.766438e-01,7.398056e-01
1.362370e-03,7.895362e-02,1.524265e-13,1.674179e-01,1.969877e+00,1.777283e-01,1.384651e-13,5.438981e-03,3.676752e+00,8.494581e-05
0.000000e+00,3.734008e-06,4.789737e-16,1.304349e-10,2.805870e-01,2.460130e-01,5.434957e-09,2.964497e-01,5.755358e-01,0.000000e+00
4.374992e-01,2.380101e-01,9.594147e-03,7.696490e-02,4.282510e-02,2.083232e-08,1.049452e-01,4.670140e-05,3.415467e-04,5.971625e-01
7.346839e-01,3.781697e-01,7.523935e-01,3.748037e-01,2.968610e+00,1.614951e+00,1.862053e+00,5.593583e-03,2.644554e-02,2.401625e+00
8.099959e-01,5.751593e-01,2.750985e-02,4.635647e-01,6.711825e-01,1.747105e+00,2.130148e+00,9.944534e-01,6.725071e-01,5.647030e-01
3.734810e-02,3.255859e-14,8.445268e-02,1.787151e-02,3.644002e-01,2.425877e-01,3.513753e-01,9.393067e-02,2.526816e-01,1.585440e-01
1.620717e-05,6.286404e-12,3.115680e-01,1.092023e-06,6.828887e-01,3.536917e-02,3.571104e-01,3.783789e-02,9.505296e-02,2.012091e-01
3.275204e-03,2.301333e-01,2.046876e-01,5.223276e-03,2.115012e-01,3.021649e-02,6.941747e-02,4.147159e-07,1.214800e-01,3.586384e-01
1.816772e+00,1.505928e-03,5.730588e-01,6.655750e-02,5.983581e-02,1.345941e+00,9.499762e-01,7.056754e-01,2.676144e-01,4.219320e-01
9.060043e-02,1.882787e-01,3.199369e-01,7.217800e-02,4.812746e-01,1.985749e-02,3.314525e-01,3.191900e-03,2.009520e-01,2.439174e-03
4.260748e-01,1.824429e-01,1.367253e-02,4.985514e-02,1.392029e-01,3.720886e-01,2.924502e-01,1.629875e-05,3.356918e-01,4.069807e-01
3.345803e-01,9.997621e-02,2.575966e-01,2.261315e-02,6.037958e-01,1.333281e-03,4.440406e-01,4.965998e-01,9.261794e-01,9.655002e-01
1.232359e+00,4.688947e-01,3.864856e-01,8.886900e-02,1.673774e-01,4.303901e-01,1.915544e-01,1.017797e+00,2.181499e+00,1.443154e+00
3.003532e+00,7.711732e-01,6.333296e-01,3.077828e-01,5.170821e-01,1.887516e-01,1.739237e+00,2.930691e-01,3.437958e-01,7.721385e-01
9.604379e-01,2.579622e-01,1.985208e-04,4.702592e-03,3.532374e-03,2.990388e-01,2.088815e-01,6.583365e-01,4.049042e-01,6.040918e-02
6.469412e-07,4.692448e-06,6.519754e-02,5.936833e-04,2.066525e+00,2.192078e-01,5.739614e-07,2.763949e-04,6.354755e-01,1.052265e+00
5.076988e-04,0.000000e+00,2.641506e-01,3.272684e-03,1.760701e-01,5.640045e-02,3.789995e-01,2.432812e-01,1.105257e-01,3.963569e-03
4.806377e+00,1.578245e+00,3.072310e-01,7.752744e-01,1.600032e-01,1.141781e+00,8.661068e-01,1.628081e+00,1.200123e+00,1.001762e+00
3.041483e-01,2.912571e-01,3.481585e-01,1.880203e-01,1.505833e-14,2.869804e-01,5.443994e-02,1.007054e-05,6.578235e-01,1.270241e-09
3.231913e-01,5.201615e-01,1.182845e+00,2.094159e-02,1.924592e+00,1.140511e-03,4.817969e+00,6.665603e-01,1.971073e-02,1.165368e+00
8.968596e-02,1.487061e-09,1.153390e-01,1.085633e-01,2.694382e-01,1.173263e-03,3.556559e-02,1.730832e-01,5.160454e-01,2.727332e-01
9.251146e-02,6.906977e-03,1.739117e-01,1.699058e-01,1.019340e-01,2.504285e-05,6.484647e-01,6.074295e-02,2.406026e-01,1.794499e-01
1.320836e-01,1.866772e-01,9.512668e-02,1.489468e-01,7.161276e-01,4.246013e-01,1.960003e-09,2.322509e-03,5.879558e-01,5.375845e-01
2.928553e-01,5.449078e-04,3.716065e-01,8.802153e-12,1.164066e-01,1.221291e-01,3.323435e-01,3.476556e-01,8.996395e-01,8.094914e-06
1.165751e+01,2.323403e+00,6.133925e-01,1.635537e+00,2.198166e+00,1.790778e+00,2.150516e+00,4.398097e-01,4.769903e-01,3.814224e+00
4.050532e-02,3.121476e-02,1.448360e-10,1.204285e-01,2.586457e-01,1.353476e-04,4.853837e-01,1.234211e-01,4.467513e-01,5.951712e-02
7.227160e+00,1.164718e+00,6.540492e-02,3.081221e-01,9.467599e-01,8.687026e-03,7.827647e-01,2.024939e-04,2.982313e+00,1.201030e+00
2.400815e-01,3.190996e-01,1.904388e-01,1.299926e-14,3.366452e-01,9.777062e-02,1.986078e-01,1.745370e-03,4.099466e-01,2.981973e-01
3.133050e-02,1.208903e+00,1.196144e+00,1.805822e-01,8.948793e-01,1.263570e+00,7.923700e-01,5.283806e-01,1.160671e+00,1.224808e-02
0.000000e+00,3.336762e-15,7.715418e-11,0.000000e+00,9.147594e-02,5.252577e-02,1.713200e-01,2.681770e-01,4.763884e-01,2.741773e-01
7.089006e-07,1.018668e-03,2.113685e-03,4.958497e-05,4.817072e-01,1.195182e-02,5.405125e-01,1.185932e-01,2.548833e-01,2.225258e-01
8.148667e+00,1.538128e+00,3.698380e+00,5.287260e+00,8.243934e-01,1.319232e+00,4.023074e+00,6.188013e+00,1.576727e-01,1.573609e-01
1.011545e-03,8.966508e-02,2.719851e-08,3.193622e-02,0.000000e+00,4.287838e-01,4.134252e-02,1.511304e-01,8.261282e-01,3.445875e-04
1.109733e-03,4.959272e-03,3.508204e-01,7.025285e-02,1.737870e-01,3.264797e-01,2.883288e-01,1.929907e-01,4.848214e-01,4.110204e-01
7.882783e+00,1.464068e+00,7.863267e-02,4.720115e-01,6.988363e-01,3.164405e+00,2.352436e-04,3.472345e+00,1.904485e+00,3.439501e+00
4.209839e-01,2.955432e-01,2.379390e-01,7.519757e-02,1.944514e-08,6.138653e-01,1.565020e+00,2.000405e-01,1.137527e-04,1.022702e+00
9.352329e-04,3.672270e-01,3.010292e-01,7.724307e-12,2.826669e-02,6.230767e-14,1.000964e-08,8.144205e-01,1.086789e+00,1.223620e-14
4.226650e-01,1.878311e-01,3.608169e-02,1.197522e-08,1.009178e+00,6.940781e-01,3.404380e-01,2.294047e-01,2.016666e-01,7.722794e-06
1.226318e-07,1.282003e-01,7.668113e-16,3.919015e-02,4.493464e-01,2.076076e-01,9.935582e-05,0.000000e+00,5.138556e-01,2.285780e-01
2.322677e-05,1.674039e-01,1.148199e-01,6.857765e-03,1.406524e-01,2.021757e-01,1.349049e-03,1.746730e-01,4.284390e-01,1.303039e-01
9.111268e-01,2.450934e-03,1.787360e-01,1.469933e-01,8.328768e-02,6.582780e-01,3.115057e-01,9.476700e-01,8.432032e-01,2.460260e-01
1.659162e-01,4.048553e-04,3.700850e-01,2.460538e-03,2.784793e-01,1.565263e-12,9.493340e-01,1.018506e+00,1.157514e+00,1.311852e-04
1.686559e-01,2.697126e-01,4.210931e-01,1.264724e-01,2.362617e-01,2.655430e-02,9.931452e-01,3.220438e-01,1.839420e-01,6.110911e-01
3.784767e-04,1.020239e-01,7.000761e-02,1.066785e-11,4.620656e-01,8.176685e-01,3.887218e-01,4.673818e-01,2.695229e-01,4.885326e-01
4.542412e-01,1.145333e-01,4.799066e-01,6.808028e-02,5.946905e-01,8.607761e-01,5.030893e-01,2.689082e-03,5.772802e-04,3.875180e-01
6.114733e-03,3.074423e-02,1.343869e-01,1.066807e-01,6.961103e-01,5.322230e-02,1.850176e-04,2.480746e-03,7.141975e-01,2.804876e-01
1.324632e-01,5.721928e-12,2.952879e-01,1.602897e-01,3.421155e-01,2.584697e-01,8.019203e-01,1.819733e-01,6.215874e-01,5.357387e-01
3.034495e-01,1.222884e-01,1.906530e-01,4.030631e-02,9.891049e-01,9.956978e-01,7.895743e-01,9.845112e-06,1.207803e+00,5.719730e-01
1.234738e-01,2.072027e+00,6.261296e+00,5.617222e+00,1.022875e+01,1.245333e+01,1.342910e+01,6.436279e+00,1.286487e+00,3.280618e-01
2.193638e-09,8.150979e-02,2.285065e-01,5.978416e-02,2.025188e-01,6.922275e-02,3.536349e-03,5.714617e-02,1.263743e-01,3.937692e-01
8.446790e+00,2.232954e+00,3.422045e-02,8.125517e-01,2.355397e-04,1.822859e+00,8.442407e-01,1.138567e+00,7.396149e-01,2.577908e+00
8.377679e+00,8.487574e-01,1.068202e-05,2.771329e-02,3.371937e-03,1.434662e-07,1.353719e+00,4.645589e+00,1.036226e+01,1.436273e-04
1.001730e-01,1.398102e-01,2.148918e-01,1.093306e-01,8.979320e-01,2.827257e-01,1.112996e-01,1.301282e-11,1.660742e-06,4.003901e-05
7.200316e-10,2.304133e-03,1.161263e-03,1.226075e-07,3.554454e-01,1.832560e-04,1.929412e-01,2.534790e-01,2.886821e-01,2.401766e-01
2.370880e-07,5.870745e-03,3.120987e-01,1.352270e-01,3.232877e-01,3.839133e-05,1.740543e-01,7.097837e-02,4.149660e-01,3.753888e-01
1.117680e-01,1.546119e-01,1.144383e-06,3.890650e-03,3.599881e-01,2.580005e-01,4.449038e-10,6.544104e-02,2.702709e-01,4.919998e-03
3.562096e+01,9.109166e+00,4.243423e+00,1.016530e+00,1.550181e+00,6.080763e+00,4.551676e+00,1.199901e+00,6.389583e+00,4.771516e+00
0.000000e+00,6.495847e-10,8.442025e-14,3.176246e-05,8.545810e-01,0.000000e+00,1.641923e+00,0.000000e+00,0.000000e+00,1.422319e-05
2.994278e-01,6.341362e-05,8.443835e-02,0.000000e+00,6.406390e-04,3.674358e-02,4.023099e-01,1.808519e-09,1.307918e-02,5.883518e-01
6.138979e-01,2.108346e-01,3.642388e-04,1.012130e-02,3.462293e-02,1.379330e-08,2.457082e-01,1.849811e-02,2.349052e-06,5.002504e-02
4.993874e+00,6.692859e-01,5.007583e-04,5.178001e+00,7.897960e-01,9.177462e-03,1.068282e+00,5.186039e+00,1.207277e+00,1.930194e+00
2.166772e-07,0.000000e+00,2.280443e-01,1.393465e-14,9.129971e-01,1.124028e-01,3.960822e-01,1.881996e-07,1.756246e-13,5.743845e-01
1.479486e-01,1.920227e-01,5.655212e-02,3.945587e-02,1.245696e+00,3.029270e-01,2.495460e-01,2.179373e-01,4.299481e-01,5.540120e-02
4.760279e-01,2.241059e-04,3.077953e-01,2.173003e-01,4.616980e+00,6.261557e-01,4.608160e-01,2.963622e-03,2.539997e-02,9.136874e-01
2.331543e-01,1.060596e-02,7.668371e-02,1.513321e-06,4.624829e-01,2.241096e-01,1.458174e-01,3.209078e-09,2.109100e-01,3.060814e-01
0.000000e+00,0.000000e+00,0.000000e+00,0.000000e+00,1.710772e+00,0.000000e+00,0.000000e+00,0.000000e+00,0.000000e+00,0.000000e+00
2.934769e+00,7.215874e-01,1.209680e+00,3.008351e-01,5.815330e-01,6.733664e-01,1.271082e+00,1.973968e-02,2.906853e-01,7.586382e-01
1.425805e-01,4.087203e-02,9.501428e-02,1.750897e-01,1.833641e+00,5.693620e-01,1.339637e-05,1.262855e-11,1.098112e+00,3.628530e-12
4.870414e-01,2.532134e-01,1.037349e-01,7.563436e-10,3.364946e-01,4.146047e-01,7.076025e-03,6.975639e-05,5.343688e-01,4.527403e-01
3.570616e+01,8.352798e+00,7.633668e+00,1.888249e+00,1.232181e+00,9.785359e+00,5.578175e+00,3.036818e+00,4.266906e+00,5.569771e+00
3.664030e-01,1.007951e-01,3.556026e-02,9.020585e-07,9.577495e+00,3.939515e+00,4.616044e-08,3.898887e-12,5.810127e-01,1.068030e+00
2.461992e-01,4.125447e-02,0.000000e+00,1.148486e-01,1.267402e-01,1.857396e-07,3.823745e-09,8.821579e-10,1.898210e-01,3.611824e-01
3.847786e-01,4.024166e-02,2.218912e-01,3.207129e-02,6.906858e-01,5.783257e-03,9.121347e-02,2.021355e-08,1.074622e-01,7.502000e-02
3.153858e-02,1.387704e-01,3.690588e-08,3.257262e-07,8.091354e-01,3.323024e-01,6.846539e-02,1.510994e-01,5.422010e-01,4.010189e-01
2.332653e-01,3.702571e-01,3.042436e-01,4.833154e-06,6.154876e-02,1.793601e-01,8.367877e-01,4.046435e-02,9.920765e-02,5.497014e-01
4.632771e+00,1.042903e+00,7.711855e-01,2.725626e+00,1.075550e+00,1.292757e+00,7.987740e-01,2.769002e+00,7.733508e-01,2.058508e+00
4.158189e-02,4.147216e-01,5.771814e-01,2.106890e-01,9.635809e-01,3.374734e-01,3.856633e-03,5.328713e-06,1.680327e+00,8.881432e-01
7.560076e+00,2.019450e+00,1.310600e-01,7.905300e-01,8.350231e-01,1.296333e-01,2.076990e+00,2.560068e+00,1.975305e+00,3.827610e+00
8.555561e-01,4.767342e-01,2.339467e-04,1.408019e-01,4.989564e-02,2.255751e-01,1.272491e-01,4.766218e-01,6.055387e-01,1.427521e+00
1.389405e+01,3.574132e+00,1.297548e+00,4.336133e-01,7.479073e-01,2.756208e+00,4.097225e+00,4.071874e+00,3.393987e+00,3.508873e+00
4.078436e-11,0.000000e+00,1.966281e-01,0.000000e+00,4.675887e-02,3.372446e-08,9.183175e-01,1.127754e-01,8.352307e-04,3.814066e-01
8.010535e-01,1.565205e+00,1.343142e+00,4.865232e-01,8.116828e-01,1.978053e+00,1.829480e+00,7.386282e-01,2.149325e+00,4.452511e-01
2.616336e+00,8.838495e-01,3.799938e-04,2.779194e-01,1.039072e-01,9.385003e-01,2.846798e-03,1.046452e+00,1.472088e+00,1.448763e+00
2.517646e-01,7.849311e-01,4.010485e-01,1.035894e-01,1.313653e-03,7.255209e-01,4.799805e-01,1.609160e-07,5.525834e-01,1.928283e+00
5.215372e-01,4.525199e-01,7.261031e-01,3.823667e-01,1.020089e-01,1.608516e+00,2.490924e+00,5.364305e-07,1.886218e-01,1.131669e+00
9.240761e-01,2.566868e-01,9.687395e-02,2.363128e-03,4.631303e-03,2.608564e-01,3.564256e-01,1.168253e+00,5.908148e-01,5.510857e-01
1.014997e-03,2.986608e-03,1.134075e-01,1.748719e-01,2.997620e-01,2.248099e-01,3.122381e-01,8.908180e-02,2.640394e-01,1.563421e-01
4.453681e-02,1.940420e+00,9.794814e-01,3.420154e-01,3.369055e-01,7.015584e-02,1.250076e+00,1.892766e-01,2.805930e+00,2.526314e-02
1.050713e-01,6.816745e-12,3.871521e-07,0.000000e+00,6.410458e-01,1.318120e-01,3.258574e-01,1.634961e-01,7.259803e-03,9.766845e-14
6.919622e-08,1.514066e-05,1.070050e-14,2.460121e-05,6.879981e+00,2.337604e-10,0.000000e+00,8.633999e-01,9.904843e-01,3.543593e-01
5.333383e-01,3.278481e-01,4.166777e-07,3.323136e-02,2.211314e+00,3.714360e-01,5.318614e-05,4.568649e-02,2.997486e-05,8.547265e-01
5.066227e-04,8.182957e-04,3.652064e-06,1.677326e-01,2.007595e+00,1.304093e+00,1.286238e+00,6.560718e-01,4.551084e-01,4.284025e-11
5.336129e-09,7.817472e-02,2.233841e-05,2.073600e-01,4.000702e-01,7.400490e-01,4.549955e-01,2.104765e-01,4.152119e-01,2.215072e-01
3.875199e-02,6.935661e-02,1.485265e-02,8.483922e-02,1.979925e-01,9.018083e-13,3.792859e-01,2.392833e-04,5.577385e-01,3.119347e-01
2.197935e+00,6.268406e-01,7.968129e-02,5.803034e-01,3.722124e-03,9.316185e-01,5.150163e-01,4.127432e-01,5.160240e-01,6.349218e-01
8.390422e-02,7.441519e-02,5.333677e-02,2.238532e-04,1.033159e-01,2.855954e-04,2.893496e-01,3.947027e-03,2.753321e-01,2.890858e-01
5.228756e-03,2.538495e-07,1.248965e-04,6.834433e-03,6.134420e-01,2.975504e-01,2.172576e-01,1.631716e-01,2.007185e-01,1.692471e-01
2.368873e-01,3.932763e-03,4.066638e-05,8.949990e-02,3.946867e-11,0.000000e+00,1.398990e-01,3.767489e-01,5.482405e-01,3.772172e-06
1.615352e-01,1.382412e-01,1.914375e-04,1.325464e-06,4.681618e-01,2.428349e-01,1.925305e-06,4.243703e-01,5.217408e-01,7.118328e-01
3.282458e-09,8.125622e-02,6.881889e-02,9.067359e-02,6.321030e-01,5.145265e-01,5.105271e-02,0.000000e+00,5.446344e-01,2.709823e-01
1.050497e+00,4.031283e-01,3.155230e-04,2.808765e-08,4.116920e-04,1.412773e-02,7.569260e-02,6.145626e-01,1.054916e+00,1.040569e+00
5.751849e-01,3.078917e-05,4.616102e-04,5.306499e-02,9.987613e-01,6.100604e-01,1.310984e+00,3.275687e-03,1.977421e-01,4.807002e-05
6.963514e-02,2.031790e-08,3.935014e-01,6.049837e-11,6.725518e-01,8.196444e-04,2.056134e-02,2.219179e-14,1.064555e-05,4.543285e-01
3.992563e-03,2.216869e-01,1.439302e-01,1.632630e-06,1.001689e+00,9.660066e-02,2.250643e-05,2.285649e-13,3.775536e-02,2.434331e-01
9.021510e-02,1.986413e-05,4.230096e-01,1.619177e-02,3.067006e-06,2.043137e-01,1.322412e-01,2.917289e-03,2.202578e-02,2.562920e-01
2.475096e-01,3.324368e-03,1.441293e-01,4.469733e-07,6.714270e-01,2.797131e-01,2.543051e-01,2.531595e-11,2.879499e-01,2.728267e-01
3.815616e-01,7.356525e-02,1.300826e-01,7.169840e-12,2.760790e-01,2.851870e-01,6.667273e-02,1.946743e-01,9.399612e-01,1.084737e-01
7.500583e-01,1.214633e-01,3.408302e-01,4.011363e-02,1.164489e-03,6.375985e-01,9.814272e-01,1.009583e-01,2.920455e-01,1.041994e-01
9.198971e+00,2.158580e+00,2.227151e+00,3.830576e-01,4.168944e-01,1.991041e+00,3.475556e+00,7.990624e-01,3.338744e+00,2.403107e+00
6.851505e-02,6.154252e-03,2.027954e-01,5.783417e-02,5.920229e-01,2.169979e-01,2.857591e-01,4.048521e-09,4.034287e-01,1.947016e-05
6.613996e-02,4.980371e-01,5.032502e-01,1.031516e-01,7.055353e-01,5.792093e-01,2.605803e-01,7.079934e-09,1.276181e+00,1.388645e+00
2.373180e-01,2.931412e-01,2.976815e-01,7.785991e-02,4.610849e-01,1.397878e+00,6.511190e-01,9.359190e-11,1.868175e-05,9.925149e-01
2.372449e+00,4.386618e-01,2.046193e-06,1.838434e-01,4.167449e-01,3.757373e-03,5.272900e-01,7.317909e-01,3.413010e-02,1.196490e+00
5.035814e+00,1.211912e+00,5.907628e-01,2.200630e-01,1.057813e+00,9.750567e-01,2.628638e+00,7.380303e-01,1.560773e+00,1.093438e-01
1.107364e-02,2.025349e-02,3.071371e-02,1.663714e-03,1.676099e-01,4.227714e-02,2.065597e-01,1.205170e-01,3.115889e-01,3.282754e-01
2.932414e-01,6.007005e-02,7.928221e-03,8.042411e-02,1.211820e-01,3.402908e-03,1.193563e-01,4.662998e-02,3.374145e-01,1.438437e-02
3.856441e+00,8.878651e-01,1.294003e-01,4.439735e-04,1.655376e-02,7.311949e-01,1.815614e+00,1.389622e+00,1.710039e+00,6.578151e-01
1.693194e-01,1.397646e-01,1.933168e-01,5.274328e-03,2.422907e-01,1.256342e-01,1.214364e-01,1.205735e-01,1.844771e-01,0.000000e+00
4.032324e-01,7.388844e-02,1.042873e-01,1.683548e-02,4.848600e-01,2.311415e-01,1.717331e-01,1.065244e-01,5.522699e-01,3.296633e-01
1.670617e-01,7.852239e-02,2.436435e-01,2.783865e-02,2.975464e-01,2.109913e-07,1.833104e-01,2.055196e-04,5.956287e-01,7.398244e-02
3.705449e-01,1.807813e-01,2.658685e-01,7.079528e-02,3.503703e-01,4.562735e-01,2.178712e-01,1.192690e-01,3.791737e-01,4.609504e-01
4.244193e-15,1.658879e+01,4.382725e-15,7.005915e-12,3.855022e-08,9.708826e-14,8.673427e-05,0.000000e+00,0.000000e+00,0.000000e+00
2.587922e-01,1.137637e-01,1.585585e-09,7.501631e-06,4.300602e-01,1.221111e-01,1.638532e-01,1.085762e-02,3.973110e-01,9.693726e-07
0.000000e+00,6.695984e+00,0.000000e+00,0.000000e+00,0.000000e+00,0.000000e+00,0.000000e+00,0.000000e+00,0.000000e+00,0.000000e+00
1.125821e-01,3.582096e-02,1.123499e-01,4.005017e-02,3.278043e-01,2.654959e-01,3.297332e-01,6.534364e-02,2.919595e-01,3.033216e-05
2.975840e-05,2.082091e-05,1.649625e-01,4.634359e-04,2.765041e-01,1.810436e-01,3.766772e-01,5.424937e-02,2.228601e-09,1.910446e-01
1.742982e+01,4.354397e+00,2.742563e+00,7.491378e-01,1.608681e+00,4.137771e+00,2.778371e+00,3.995254e-01,1.344093e+00,4.495374e+00
2.459788e-01,1.888190e-02,1.000815e-01,2.681258e-03,2.715226e-01,7.317262e-10,1.484228e-01,1.270801e-06,1.907212e-01,2.190108e-01
4.043220e+00,1.190931e+00,8.613256e-01,2.067499e-05,4.307715e-01,1.889014e+00,9.869697e-01,6.454863e-01,9.592997e-01,2.128340e+00
8.689740e-02,7.960996e-03,1.080946e-05,2.712472e-07,3.431548e-01,2.286304e-01,1.356141e-01,1.077794e-01,4.699350e-01,1.275919e-01
6.350157e-01,3.825212e-03,2.659330e-09,6.419233e-02,4.275696e-01,3.910024e-05,4.680843e-01,3.008620e-02,1.372203e-01,1.075286e-01
8.049397e-01,8.204494e-01,1.285682e-01,2.723669e-02,2.876768e-01,1.190400e-01,1.066937e+00,3.483585e-01,1.434252e+00,6.502364e-05
2.024410e-03,7.833209e-02,7.354233e-02,9.334452e-03,3.202172e-01,1.093556e-01,1.830231e-01,1.271197e-01,4.431773e-01,2.946679e-01
1.135319e-08,0.000000e+00,3.748564e-01,1.949488e-03,8.945689e-01,1.491353e-03,2.954820e-07,9.614916e-02,7.267696e-01,9.178079e-05
1.026151e+00,2.802506e-01,5.362285e-02,6.487009e-02,1.537371e-01,4.943845e-01,4.255982e-01,3.840043e-01,1.171520e+00,8.900191e-05
2.764084e-01,5.462261e-02,3.224779e-04,4.760174e-04,7.022683e-01,3.698792e-01,6.491858e-01,1.952901e-02,3.095793e-03,1.308816e+00
1.844346e-09,1.205582e+00,4.563736e-04,0.000000e+00,0.000000e+00,0.000000e+00,2.988968e-02,2.068122e-02,4.082143e-01,1.767270e-01
7.868347e+00,1.824510e+00,2.924149e-01,5.722325e-01,5.214274e-01,1.561305e+00,8.112940e-01,9.964625e-01,1.876684e+00,3.075249e+00
4.251549e-01,5.472073e-03,1.770340e-03,4.075569e-02,0.000000e+00,5.706296e-01,7.697638e-07,3.898659e-09,2.619423e-01,5.573292e-09
1.437795e+01,2.877912e+00,1.410812e+00,6.048258e-01,1.179555e+00,3.058424e+00,2.608384e+00,1.046134e+00,2.994074e+00,2.771941e+00
4.239952e-01,1.714389e-01,3.352663e-01,1.633881e-09,4.299846e-01,5.030807e-07,2.555727e-01,3.167488e-01,4.397667e-01,1.112494e-01
4.056925e-01,1.396969e-01,2.094752e-01,6.483341e-03,3.223521e-01,3.863083e-01,2.549415e-01,3.841589e-06,2.364238e-01,5.402294e-07
4.327305e+00,5.540419e-01,5.548267e-01,3.169570e-02,9.777159e-02,8.550194e-01,1.727065e+00,4.819174e-01,5.228123e-03,3.373520e-04
1.545983e-01,1.105362e-01,0.000000e+00,3.745881e-10,4.621904e-01,7.156464e-08,2.922886e-01,6.473835e-04,6.219065e-02,1.549329e-01
2.366726e-04,8.338109e-03,1.116624e-01,9.259077e-02,1.465227e+00,7.193026e-01,2.380478e-01,1.769330e-04,1.791063e-01,3.867110e-04
1.231891e+01,2.871117e+00,1.072830e+00,3.533545e-01,4.326128e-01,1.405712e+00,3.301083e+00,5.987196e-02,2.078287e+00,3.755488e+00
2.797273e+00,1.130895e+00,2.002795e+00,4.723551e-01,2.356063e-01,3.397305e-04,6.387983e+00,4.093998e-07,3.810119e+00,1.225816e-09
6.327966e-01,2.352310e-01,4.715095e-01,5.098388e-02,4.457914e-01,2.253193e-01,2.040051e-01,2.904096e-01,1.060544e+00,2.444784e-01
7.522537e-02,8.984949e-07,0.000000e+00,0.000000e+00,7.038323e-03,1.253276e+00,4.111429e-01,3.033235e-06,1.867916e-07,0.000000e+00
2.290959e+01,5.127038e+00,6.604179e+00,3.071936e-01,2.392794e+00,5.231972e+00,7.056589e+00,6.581394e+00,2.223732e+00,3.807731e+00
2.574644e+00,1.121826e+00,4.022963e-04,2.749967e-01,4.073342e-01,9.633842e-03,7.765604e-03,4.041721e-01,1.544340e+00,1.482455e+00
4.413869e-01,1.564701e-10,4.012527e-01,3.941483e-05,6.353621e-01,8.810149e-01,6.559059e-01,4.205888e-02,1.450138e-11,2.243261e+00
1.064268e+01,2.123233e+00,1.460696e+00,2.381047e-01,1.271807e+00,3.271185e+00,2.942501e+00,1.271035e+00,1.992336e+00,4.043256e-01
7.551556e+00,1.902812e+00,6.273420e-01,1.813733e-01,1.842211e+00,2.283794e+00,1.763024e+00,1.866118e+00,4.283311e+00,1.810038e+00
1.261421e+01,3.093922e+00,2.596740e-02,8.596947e-01,8.530912e-01,2.549107e+00,1.341582e+00,2.611850e-03,1.883740e+00,1.204039e+00
4.080146e-02,1.622463e-01,5.404706e-04,4.231518e-02,3.124057e-01,1.161106e-01,2.102389e-01,2.422775e-02,6.104976e-01,1.228687e-01
7.659805e-05,7.078465e-07,3.269534e-01,3.797650e-02,0.000000e+00,0.000000e+00,8.022453e-01,9.966126e-03,2.994018e-09,6.152673e-01
3.854631e-01,1.947888e-07,1.440635e-01,8.488411e-05,1.665370e-01,4.107001e-02,8.165619e-04,1.393519e-01,3.357957e-01,2.363887e-01
2.585282e-06,3.793675e-03,8.409162e-06,2.229592e-08,1.996748e+00,1.701814e-01,1.331631e-01,3.312946e-01,7.197109e-01,1.377615e-01
1.058076e+00,6.430105e-02,4.079787e-04,1.808606e-01,2.783158e-01,1.705441e-01,9.167241e-01,1.052528e-01,1.709003e-01,1.425142e-01
2.468641e+01,4.247328e+00,4.516393e+00,1.109024e+00,2.004045e+00,4.538470e+00,8.712529e+00,2.286777e+00,1.799907e+00,1.714570e-04
5.976880e-01,2.229392e-01,1.121847e-01,2.574876e-02,3.711040e-01,1.650034e-01,1.398736e-01,1.957212e-01,4.215722e-02,2.158015e-01
3.828442e-01,4.069152e-03,1.026120e-01,9.052076e-03,6.988118e-02,4.198148e-03,3.098619e-01,2.049144e-01,2.609371e-01,6.039530e-02
3.217834e-06,1.099968e-03,5.695249e-02,7.088253e-03,3.712622e-01,3.089785e-01,3.102313e-08,8.864400e-02,6.650963e-01,8.104127e-05
2.364168e-02,9.955094e-02,6.855199e-02,1.170860e-01,2.498124e-02,9.176129e-02,6.832439e-01,2.108146e-01,4.360516e-01,2.499496e-01
1.693641e-01,8.004731e-02,1.278192e-01,1.196234e-01,1.409622e-01,4.337280e-02,3.550897e-01,3.303102e-01,3.654308e-01,3.159206e-01
1.193724e-03,1.366802e-01,3.440889e-01,2.255446e-01,4.232558e-01,5.240512e-01,2.928291e-10,1.278948e-01,3.817038e-01,2.700776e-01
5.934969e-04,4.470683e-13,9.929130e-02,6.571590e-06,2.656231e-01,2.789588e-01,1.035978e-01,4.312392e-02,1.780000e-01,3.649455e-01
2.061162e-05,2.099540e-14,1.524584e-07,1.981681e-03,9.766136e-01,3.192686e-06,3.515058e-01,2.687574e-02,3.148251e-06,3.318440e-01
5.962324e-01,8.096936e-01,1.201521e+00,8.026859e-01,4.653870e-02,3.327156e-07,1.135972e-01,4.828164e-10,3.250374e+00,1.907813e-01
0.000000e+00,2.293313e-15,3.871321e-04,3.930869e+00,0.000000e+00,1.984867e-14,0.000000e+00,0.000000e+00,6.674361e-01,9.731988e-11
3.631638e-03,2.986012e-01,4.538418e+00,2.288608e+00,2.627338e-02,1.248930e+00,1.708373e-04,0.000000e+00,1.322625e+01,7.669988e-02
0.000000e+00,0.000000e+00,0.000000e+00,6.530713e+00,0.000000e+00,0.000000e+00,0.000000e+00,0.000000e+00,0.000000e+00,0.000000e+00
0.000000e+00,0.000000e+00,1.096470e-14,1.950038e+00,0.000000e+00,0.000000e+00,0.000000e+00,0.000000e+00,8.157604e-13,0.000000e+00
4.391826e-01,5.420147e-01,3.544686e+00,1.918141e+00,4.802732e-04,2.927898e-01,7.157250e-03,0.000000e+00,7.112149e+00,4.408613e-08
3.012420e-05,4.759974e-01,9.842073e-01,3.372879e+00,5.686439e-08,1.996969e-06,1.931837e-02,0.000000e+00,3.890520e+00,2.561692e-11
5.575971e-08,3.515080e-03,1.440437e-01,4.663236e-01,3.154343e-15,1.415553e-02,3.378315e-13,0.000000e+00,8.374494e-01,1.591277e-12
6.799765e-14,2.965372e-06,1.679092e-02,5.830820e+00,3.639245e-05,1.924777e-11,1.078292e-03,0.000000e+00,1.466480e+00,1.830617e-06
