4.631159e+01,5.494380e+01,5.742308e-03,1.173230e+01,7.106238e+00,3.856978e+01,2.836648e+01,2.046102e+01,2.059264e+01,6.225513e-02
1.170470e+02,1.145232e-01,4.418175e+01,1.761113e+01,6.418381e+00,5.754638e-02,5.538648e+00,3.250389e+01,1.039887e+01,4.815292e-04
6.249201e+01,7.790805e+00,5.326834e+01,3.376599e+01,8.333718e-06,3.200791e+00,8.598519e+00,1.267354e+01,2.159130e+01,1.350709e-03
5.630458e+01,5.349494e+01,8.785827e+00,4.086420e+00,3.210260e+00,1.136904e+00,1.602461e+01,2.353737e+01,6.715405e+00,4.738192e-01
4.292643e-07,6.742745e+00,4.330676e+01,2.842274e+01,3.533788e+01,1.188195e-06,1.343681e+01,8.037198e+00,1.887382e+01,1.135530e-02
7.057634e+01,7.388382e+01,1.258561e+00,1.885629e+01,4.230633e+01,6.510940e+00,2.360136e+01,2.822438e-04,9.718149e+00,9.369524e-02
3.018518e+01,3.850907e+01,9.780001e+00,2.941328e+01,2.794183e+01,1.609620e+01,6.012150e+00,2.148424e+01,1.656797e+01,1.251639e-01
5.904574e+01,2.406945e-07,7.313633e+01,3.487572e+00,8.311806e+00,1.344757e+00,1.176817e+01,9.283637e+00,3.651508e+01,1.552213e-01
4.603136e+01,3.911586e+01,2.322266e+00,9.554504e+01,1.229036e+00,2.816682e+01,1.040307e+01,3.006118e+00,1.835002e+00,1.537881e-01
1.240687e+02,1.185078e+01,5.053028e+01,8.574495e+00,2.899372e+01,3.834037e-01,1.022793e+01,7.046513e+00,2.237211e+01,3.334892e-02
6.069839e+01,3.525007e+00,5.232559e+01,1.253959e+01,1.467735e+01,2.015711e-02,8.516553e+00,6.066132e+00,1.538330e+01,4.518713e-10
9.265577e+01,2.500687e-04,3.692833e+01,1.177807e+01,1.674690e+01,3.367193e+01,8.471283e-11,2.722692e+01,1.109583e+01,1.544814e-01
1.179044e+02,4.857113e+01,6.208810e+00,9.707709e+00,1.349794e+01,2.009728e+00,1.232373e+01,1.355099e+01,6.248011e+00,1.116173e-01
3.047965e+01,1.423849e+00,1.709852e+01,3.534708e+00,2.961607e+00,1.272544e+00,1.795249e-01,3.145126e+00,5.374478e+00,3.811702e+02
4.934036e+01,2.311558e+01,4.444477e+01,1.259753e+01,1.295568e-02,2.308925e-01,4.702635e+00,1.682765e+01,1.673782e+01,2.122398e-02
3.644539e+01,4.547937e+00,4.228523e+01,3.451770e+00,2.017415e+01,8.932039e+00,1.266177e+01,6.324579e+00,3.177341e+01,2.687858e-01
7.758427e+01,3.220501e+01,2.144056e+01,1.801596e+01,2.576090e+01,5.850085e+00,6.169275e+00,1.693895e+01,6.290912e+00,6.746645e-02
1.158594e+02,3.818361e+01,1.239379e+01,9.179831e+00,7.199867e-05,2.181177e+00,1.151271e+01,1.997985e+01,6.556997e-07,4.171212e-02
8.326395e+01,6.484148e+01,3.872373e+01,2.219382e-03,1.231316e+00,1.019452e+01,1.157313e+01,2.542605e+00,1.921126e+01,1.837263e-02
1.426890e+02,7.428964e-01,4.575920e+01,3.682522e+00,4.629770e+00,7.270692e-01,1.784444e+01,1.279848e+01,2.569530e+01,2.329924e+00
1.210847e-10,4.991199e+00,1.632089e+01,3.285824e-01,5.941498e+01,3.320386e+01,5.804233e+00,2.491342e-01,2.299504e+01,2.220791e-02
1.051342e+02,2.027830e-01,4.026608e+01,1.855001e+01,5.104207e+00,1.180629e+01,3.918019e+01,4.052584e+01,2.047011e+01,2.383778e+00
5.182381e+01,3.964739e+00,3.999821e+01,2.813651e+01,1.984000e+00,3.890290e+00,1.005238e+01,7.005487e+00,2.074666e+01,2.341020e-01
1.214322e+02,3.850769e+01,8.933948e+00,2.808047e+00,2.027654e+01,1.828907e+01,1.116256e+01,8.692352e+00,4.171946e+00,4.341527e-04
1.486219e+02,1.001151e+01,2.091145e+01,3.807090e+00,3.546312e+00,1.971479e+00,2.074891e-02,1.014774e+01,9.505327e+00,2.449209e-03
6.378412e+01,1.395647e+01,2.356892e-02,2.319496e+01,5.818037e+01,5.261363e+00,5.786625e+01,9.404787e+00,3.207267e-06,3.329387e-02
3.036300e+01,8.792518e-02,4.288149e+01,1.546788e-02,5.536804e+00,1.092300e-03,1.585891e+01,3.167798e+01,2.468356e+01,2.735796e-01
9.659861e+01,2.970110e+01,5.213609e-02,4.621946e+00,1.660311e+01,8.089401e+01,2.650332e+01,6.187681e-05,4.806439e+00,1.010354e-03
5.788671e+01,7.350955e+00,3.583456e+01,2.727682e+01,5.101582e-03,9.641889e+00,6.957362e+00,4.914956e+01,4.833550e-01,2.297397e-07
3.757120e+01,6.416127e+00,5.821685e+01,2.148450e+01,1.452313e-01,4.010627e+01,5.242603e+00,6.399444e+00,1.623406e+01,1.080242e-03
7.668843e+01,3.866295e+01,1.259216e+01,1.983894e+01,6.380321e-01,5.278214e+00,1.263784e+01,1.608216e+01,6.941484e+00,3.310090e-01
1.462958e+01,6.705847e+00,6.643700e+01,3.083098e-01,5.364759e+01,3.956487e+00,3.040324e-24,5.981061e+00,5.564600e+01,2.817144e-01
7.360082e+01,5.312459e+01,6.115798e+00,2.481368e+00,2.196475e+01,2.146072e+01,1.510964e+01,6.620620e+00,1.466458e+01,1.163787e-01
9.503005e+00,1.159898e+01,2.842576e+01,2.018136e+01,4.281503e-04,2.589263e+00,2.331899e+01,5.745055e+01,2.035016e+00,1.254831e-02
1.120139e+02,6.695510e+00,5.753428e+01,1.268890e+01,2.811232e+00,4.325186e-01,5.439498e+00,2.051901e+01,3.793889e+01,1.130261e-03
7.791644e+01,5.443071e+00,3.699571e+01,1.477107e+01,6.932043e+00,6.160306e-01,1.693096e+01,2.105463e+01,3.117523e+01,1.086447e-01
7.932643e+01,7.387155e+01,4.567496e+00,7.410238e+00,1.003509e+01,2.036565e+01,1.757629e+01,1.009774e+01,9.231069e+00,1.037542e-02
6.713703e+01,1.131753e+00,2.121601e+01,1.108439e-01,5.716789e+00,3.406999e+00,7.484901e+00,1.977213e+01,3.709368e+01,5.696470e-02
7.102157e+01,6.379771e-05,6.701047e+01,1.955467e+01,4.398832e-03,3.398578e+00,1.942273e+00,1.725142e+01,1.260981e+01,9.859067e-03
1.160301e+02,1.553312e+01,2.478741e+01,2.355698e+01,2.805873e+00,7.447373e+00,7.083457e-04,2.227861e+01,7.236100e+00,1.836572e-01
6.905288e+01,4.424606e+01,5.350774e+01,1.512204e+00,5.939986e-02,4.981935e+00,1.946968e+01,8.903969e+00,7.067069e+00,2.103674e-03
3.928115e+01,7.138047e+01,2.903532e+00,9.204399e+00,2.890782e+01,4.195243e+00,2.040058e+01,1.033013e+01,1.202506e+01,1.354157e-03
7.979864e+01,5.839847e+01,1.318849e+01,3.352167e+00,1.374036e+01,5.751380e+00,1.654689e+01,1.200333e+01,1.763488e+01,4.970801e-01
6.299694e+01,1.671293e+01,2.434505e+01,1.175515e+01,2.551209e+01,6.836800e+00,1.147015e+01,1.740591e+01,1.975150e+01,1.492150e-03
4.891729e+01,3.957715e-04,7.141900e+01,3.151139e+01,4.952024e+00,6.944221e+00,1.096237e+01,7.585503e+00,4.125339e+01,2.045514e-01
5.808248e+01,1.987694e+01,9.735038e+01,6.003939e+01,1.226192e+01,7.749837e-02,1.312181e+01,3.402916e+01,1.832164e+01,1.195287e-19
1.001146e+02,7.066825e+00,6.196085e+01,6.604598e+00,2.260511e-04,5.282606e+00,6.302199e+00,1.150001e+01,7.830782e+00,1.430248e-03
1.477856e+02,7.303290e+01,1.395148e+01,2.692572e+00,6.355279e+00,1.713238e+00,9.075889e+00,8.307623e+00,4.558322e+00,2.003412e-01
8.015580e+01,3.965510e+01,9.213979e+00,1.546674e+01,4.020496e+00,2.484237e+01,5.999467e+00,2.448332e+01,3.508584e+00,4.799729e-04
1.091030e+02,3.172584e+01,3.150222e+01,1.320781e+01,2.028828e+00,1.148762e-01,1.240810e+01,1.129460e+01,5.760854e+00,6.068415e-05
3.465207e+01,3.028658e+00,4.493628e+01,8.183076e+00,3.363854e+01,1.408771e-02,8.138817e+00,3.374676e+00,3.412219e+01,1.997300e-02
5.874923e+01,6.205988e-06,3.465857e+01,1.137271e+01,5.825748e+01,9.508126e-01,1.261079e+01,1.290199e+01,2.741314e+01,1.026324e-04
1.597116e+02,3.944187e+01,3.376777e+01,1.022054e+01,2.332174e+00,2.690038e+00,8.627790e+00,2.336122e+00,1.174055e+01,1.560405e-01
3.460921e+00,4.468862e+01,5.902824e+01,4.003121e+01,3.386647e+01,4.478308e-02,6.883343e+00,1.765607e+01,6.824109e+00,8.145164e-05
1.465847e+02,3.148782e-05,6.054197e+01,1.184337e+01,1.139266e+00,1.354314e+01,1.274283e+01,2.183265e+00,3.516989e+01,4.996413e-03
7.031948e+01,8.337170e+00,1.646461e+01,3.017072e+01,1.058951e+01,1.424983e+01,1.104796e+01,1.368195e+01,1.612989e+01,1.552035e-12
1.698268e+01,9.040654e-03,3.402954e+01,2.000102e+01,8.338560e+00,4.752484e+01,7.040242e+00,1.358175e+01,1.385833e+01,9.259645e-03
9.689961e+01,4.100414e+01,3.104736e+01,1.050725e+01,2.416349e+01,1.470070e-07,7.057557e+00,2.813113e+01,1.392682e-10,3.135986e-01
5.746798e+01,6.129954e+01,9.462150e+00,7.093856e+00,3.805458e+01,2.416862e+01,1.518041e+01,8.362134e+00,6.265713e+00,1.125011e-01
6.853033e+01,1.474610e+01,2.660965e+01,1.717499e+01,5.599223e-02,2.855433e-01,1.052947e+01,1.621015e+01,2.007401e+01,1.524958e-01
1.588038e+01,3.195299e+01,1.086911e+02,7.298483e+01,1.108568e+01,4.632758e+00,2.812502e+01,1.337800e+01,6.492542e+01,3.305341e-02
8.915381e+01,2.903438e-01,7.101477e+01,2.034286e+01,1.008460e+01,7.102234e-04,7.193494e+00,2.953724e+01,3.661949e+01,1.597082e-01
5.463225e+01,1.490528e+00,2.724393e+01,4.799176e+00,2.366767e+01,1.263546e+01,1.518669e+01,9.857527e+00,4.104939e+01,1.878128e-02
7.211816e+01,6.223737e+01,2.698635e+01,2.287154e+01,5.833811e+00,3.227424e+01,1.183760e+01,1.299307e+00,8.767123e+00,1.564345e-04
2.756552e+01,2.086108e+01,1.297631e+00,1.380862e+02,1.504052e-03,2.392812e+02,1.022294e+01,5.937034e-03,2.151464e-07,1.053831e+00
8.600483e+01,5.323747e+01,1.159106e+01,6.867258e+00,1.648091e+01,6.223304e+00,2.419876e+00,1.960038e+01,1.669032e+01,1.162637e-04
1.789279e+02,2.791793e+01,2.943750e+01,1.358284e+01,1.229064e-02,6.150912e-03,9.497413e+00,2.230010e+01,3.177618e+01,9.067819e-02
4.920278e+01,6.760032e+01,3.449369e+01,1.000754e+02,2.212728e+00,1.599359e+01,2.575402e-08,6.745578e-01,6.241218e-01,2.816414e-01
1.570273e-04,3.767113e+01,3.388460e+01,3.932891e+01,5.612712e+01,2.722234e-01,1.410566e+01,4.413674e+01,5.426200e+00,3.004479e-03
1.218850e+02,1.040035e+02,7.841637e+00,4.279187e+00,2.064860e+01,1.008785e+01,1.593508e+01,1.321634e+01,1.736677e+01,3.116737e-03
3.571964e+01,1.383492e+01,1.159276e+01,3.204346e+01,2.600232e+01,7.046116e-02,6.501539e+00,2.981724e+01,3.915674e+00,9.937117e-03
9.572475e+01,8.438619e+00,3.701202e+01,5.974501e+00,4.036037e-02,2.702232e-01,5.215149e+00,2.592690e+01,2.455984e+01,2.909289e-04
4.247718e-03,2.056405e+01,4.658701e+01,1.204055e+01,1.882322e+01,1.006646e+01,1.168622e+01,1.960489e+01,3.151597e+01,2.891778e-02
7.599909e+01,1.709798e+01,1.751366e+01,2.703931e+01,2.689876e+01,2.690745e+01,6.184190e+00,3.801079e+01,2.222045e+01,4.560187e-19
7.084439e+01,1.266662e-05,4.553008e+01,9.116834e+00,6.508712e+00,5.985179e-01,2.530194e-06,1.369444e+01,2.927282e+01,5.631048e-03
4.680051e+01,4.977140e+01,2.380963e-02,1.876541e+01,1.426396e+01,1.044913e+01,1.048435e+01,2.582045e+01,1.229192e+01,2.600622e-03
7.543201e+01,5.728906e+01,1.332776e-01,6.608737e+00,7.892758e-03,3.676387e+01,1.820483e+01,1.820152e+01,1.119228e+01,5.628808e-03
1.039084e+01,1.501371e+01,4.771059e+00,1.453605e+01,7.498685e-05,2.760639e+01,2.243910e+01,6.522531e+01,1.551459e+01,3.376760e-04
3.656794e+01,2.231922e-03,5.873116e+01,8.109856e+00,4.445816e+01,2.421645e+01,1.002035e+00,1.148883e+01,6.466893e+01,1.328026e-05
4.390382e+01,1.318146e+01,1.047948e+02,2.600720e+01,1.914024e+00,4.143162e+00,7.600307e+00,9.485603e+00,3.504995e+01,5.823635e-03
1.538960e+02,9.396068e-02,4.726712e+01,4.446488e+00,3.813153e-01,1.499024e+00,5.310947e-15,1.988590e+01,1.244030e+01,1.918502e-04
7.282576e+01,2.750862e-04,5.420440e+01,5.914070e+00,2.594796e+01,2.760319e-03,9.395010e+00,8.768618e+00,3.104036e+01,1.228356e-02
6.597910e+01,1.774005e+01,9.241028e+00,3.536110e+01,3.283171e+00,3.074474e+00,7.145788e-01,4.572436e+01,7.345060e-02,5.486300e-03
9.741659e+01,2.216314e+01,2.762900e+01,1.170833e+01,6.599812e+00,4.830851e+00,8.727148e+00,5.400018e+01,2.200665e+01,3.804974e-03
1.786812e+01,3.688578e+01,2.024750e+01,3.220814e+01,7.220291e+00,9.926836e+00,6.559072e+00,1.671779e+01,2.823157e+01,9.612928e-04
8.121119e+01,3.110817e+01,2.859440e+01,1.650439e+01,1.792905e+01,1.273565e-06,6.209242e+00,2.277846e+01,7.982376e-01,3.699464e-02
1.138218e+02,2.069871e+01,6.703097e+01,2.048479e+01,8.636880e-11,2.151443e-02,8.070113e+00,3.453715e+01,1.077843e+00,2.019470e-05
9.749379e+01,4.646600e-05,1.478709e+01,3.266770e+01,6.747213e-03,4.952732e+01,4.673689e-07,4.211906e+01,4.548708e-07,1.401781e-02
1.474713e-01,3.610962e+01,4.767385e-06,1.266058e+02,9.500544e-01,3.074929e+01,1.028037e+01,3.181392e+01,1.389988e+01,5.583722e-03
5.363406e-01,1.176625e-04,5.323682e+01,1.612365e+01,5.971068e+01,1.051749e+01,7.948284e+00,2.624416e+01,2.716382e+01,3.466327e-03
2.298342e+01,1.931264e+01,6.870209e+01,2.111556e+01,4.793434e+00,5.605418e+00,1.339053e+01,3.828080e+01,2.581301e+01,1.059417e-03
1.157178e+02,2.194378e+01,7.874705e+01,7.909358e-03,7.187087e-06,7.712944e+01,2.113088e+01,7.558851e+00,9.009015e-03,7.473604e-04
1.965114e+01,5.480360e+01,3.138774e+01,2.927736e+01,1.426370e+01,2.731324e+00,1.559549e+01,2.882227e+01,1.048161e+01,9.410484e-04
1.263474e+02,3.663557e+01,4.674115e+01,6.209805e-01,2.295975e-06,1.172073e+01,1.760534e+01,1.753526e+01,2.187892e+01,3.661850e-03
4.736855e+01,2.773272e+01,2.748736e+01,2.078393e+01,4.371139e-01,7.230575e+01,9.523977e+00,2.417517e+01,7.445200e+00,1.739361e-22
6.496682e+01,5.431267e+00,4.034039e+01,1.173833e+01,7.369207e+00,2.864093e-02,1.849915e+00,3.231926e+01,1.630870e+01,3.986614e-02
1.769802e+02,1.646008e+02,9.966025e+00,3.470996e+01,4.325951e+01,4.382446e+01,1.801666e+01,1.146429e+02,1.399675e+01,1.931889e-01
4.390131e+01,5.810273e+01,1.148763e-04,1.933321e+00,5.401765e-04,6.568761e+00,2.546627e+01,4.017493e+01,1.392039e+01,2.819607e-03
5.592892e+01,7.882626e+01,3.497596e+01,3.081998e+01,4.803091e+00,4.905639e+00,1.969168e+01,4.096158e+01,9.165381e-01,1.483855e-04
5.922768e+01,2.341526e+01,1.296239e+01,7.082157e+00,1.655022e+00,5.134159e+01,9.883016e+00,8.590101e+00,1.959161e-02,2.506074e-02
8.758086e+01,3.724449e+00,6.707594e+01,4.630017e+00,1.098903e+01,4.892860e-02,1.689187e+01,2.969297e+01,4.577260e+01,7.818402e-18
5.216441e+00,1.188068e-01,7.051807e+01,1.548316e+01,8.633015e+01,8.532818e-03,9.056882e+00,1.294818e-05,5.062848e+01,1.375327e-02
3.470547e+01,6.346452e+00,8.802502e+01,3.928071e+01,9.699402e+00,2.499742e+00,1.606641e+01,5.498091e-02,6.696367e+01,1.820057e-03
6.498201e+01,3.305824e+01,6.500537e+01,9.224796e+00,1.365410e+01,2.580333e+00,1.941942e+01,8.007540e-01,4.099532e+01,1.558866e-03
1.734449e+02,7.313759e+01,1.125082e+01,2.863891e+01,5.921425e-01,7.254956e-01,1.748314e+01,2.816602e+01,7.184769e+00,1.752098e-03
1.801491e+01,1.599694e+01,7.230606e+01,1.384706e+01,2.544311e-04,3.273549e+01,1.023890e+01,2.544602e+00,2.169517e+01,1.710076e-03
1.335644e+02,8.065776e+01,1.879394e+01,1.174767e+00,6.001905e-01,7.045599e+00,8.401721e+00,6.445701e+00,1.327532e+01,5.937634e-02
1.094012e+02,4.342717e+01,6.355940e+00,7.763360e+00,6.840308e+00,8.590453e+00,1.161561e+01,2.188154e+01,2.194491e-03,9.064820e-02
7.325702e+01,1.369635e+01,5.389367e+01,1.464650e+01,1.111327e+00,7.813802e-01,3.213631e+00,1.463705e+01,2.815299e+01,8.074224e-02
3.559331e+01,1.867981e+01,5.766833e+01,3.690111e+01,8.740584e+00,5.022149e-02,7.125437e+00,2.791669e+01,1.579041e+01,3.910226e-03
6.640577e+01,3.515799e+01,3.046169e+01,1.955693e+01,2.048754e+01,4.076234e-02,2.059072e+01,1.505706e+01,4.755133e-02,3.145311e-02
9.586083e+01,2.634078e+01,5.958636e+01,6.322144e+00,7.517584e-06,1.128720e-01,1.830529e+01,3.124532e+01,7.116836e+00,1.328269e-02
2.798976e+01,1.081445e+01,2.436243e+01,5.708365e+01,2.366307e+01,4.857871e+01,1.825974e+00,3.774221e+00,1.895326e+01,5.919044e-02
1.353266e+02,1.536505e-03,4.011447e+01,7.346797e+00,4.712331e+00,1.571875e+00,3.605996e+00,3.503380e+01,9.892532e+00,6.838927e-03
7.271416e+01,5.545676e+01,2.977512e+00,6.407525e-01,9.396014e+00,2.368173e+00,1.673291e+01,3.332183e+01,2.082442e+01,2.228528e+00
1.196749e+01,2.112362e+00,6.048275e+01,4.970645e-02,5.555779e+01,2.722197e+00,5.907829e+00,4.324241e-03,4.553536e+01,9.715882e-02
2.354214e+01,8.241734e+01,3.006197e-03,1.742695e+01,5.795945e+01,1.445689e+01,1.906174e+01,2.617472e+00,1.640723e+01,7.794975e-02
1.004950e+01,2.523309e+01,3.235013e+01,4.237140e+01,1.191227e+01,1.667172e+00,2.799964e+00,4.061095e+01,2.101517e+01,2.140361e-04
6.370850e+01,1.902230e-10,8.225535e+01,1.232957e+00,4.362859e+01,2.345237e-03,2.539519e+01,2.672921e+01,3.912716e+01,9.056987e-03
1.118225e+02,6.908378e+01,1.198842e+02,1.631824e+01,3.721613e+01,2.864828e+00,2.585331e+01,2.240676e+01,1.449228e+01,3.519663e-11
4.085752e+01,7.048460e+01,3.166166e+01,3.445080e+01,5.628226e+00,2.409388e+01,5.341390e+00,4.995632e+01,1.628444e+00,1.723425e-16
6.196494e+01,1.673953e+01,1.724735e+00,2.664492e+01,8.852146e+00,6.424637e+00,2.522905e+01,3.920898e+01,8.030872e+00,8.879851e-03
3.578017e+00,8.987980e-04,5.916990e+01,1.770880e+01,6.139632e+00,1.281486e+00,1.830982e+01,3.215253e+01,4.248107e+01,2.872548e-03
5.466637e+01,4.910540e-01,3.666355e+01,1.079165e-01,1.494379e+01,8.303571e+01,1.754284e+01,5.508710e-04,2.065193e+01,9.521637e-02
4.035839e+01,2.737747e+01,2.311137e+00,1.128895e+01,3.002616e+01,4.232922e+01,1.431459e+01,1.097671e+01,9.623582e+00,8.087579e-02
2.606081e+01,4.772599e+01,3.071476e-02,1.947392e+01,3.478719e+01,1.503346e+01,8.204230e+00,2.055169e+01,5.085369e+00,8.320652e-04
9.724534e+01,4.820369e+00,7.639649e+01,1.013998e+01,1.116749e+01,5.076780e-02,8.487884e+00,2.824220e+00,2.449243e+01,1.496801e-03
7.521963e+01,5.240790e+01,1.046776e+00,4.169378e+01,4.247845e+01,6.871149e-01,1.206856e+01,5.590304e+00,1.081848e+01,8.333112e-03
1.772923e+02,5.025546e+01,2.475682e+01,1.277315e+01,1.035607e+01,2.672593e-01,1.391320e+01,2.572673e+01,4.728725e-03,1.253283e-01
8.181260e+01,2.335390e+00,6.674276e+01,1.626122e+01,1.782595e+01,7.238571e-02,7.058577e+00,1.030332e+01,2.867967e+01,4.815573e-04
6.562445e+01,5.340859e+01,5.411251e+01,1.233386e+01,1.549490e+01,1.112965e+00,1.284943e+01,1.289421e+00,5.431039e+00,1.099950e+01
3.213844e+01,2.072214e+01,3.686225e+01,6.476132e-01,1.848808e-07,2.940336e+01,1.413087e+01,7.882427e+00,4.657982e+00,3.850054e-03
3.885225e+01,1.248159e+01,2.595022e+01,7.108891e+01,7.297812e+00,4.045527e+00,4.498596e+00,3.621304e-01,3.479607e+01,1.474715e-03
8.149735e+01,7.774451e+01,1.200873e-01,1.055315e+01,3.634251e+01,1.329418e+00,2.773974e+01,2.118884e+01,1.114774e+01,1.208359e-01
7.159863e+01,4.972001e+01,3.401514e+01,1.660078e+01,4.406504e-03,1.463312e+01,8.622087e+00,3.195587e+01,6.003928e-05,9.941877e-03
4.279164e+01,3.577520e+01,1.405055e+01,5.377382e+01,4.395710e-06,2.566998e+00,3.886912e+00,2.794438e+01,1.158332e+01,9.203877e-02
6.182143e+01,4.630210e+00,6.199146e+01,2.938237e+01,1.217941e+00,6.136523e-01,1.121477e+00,5.885847e+00,3.225036e+01,3.501933e-02
1.598798e+02,5.083862e+01,4.340680e+01,9.743500e+00,2.058826e+01,4.205316e-01,2.200653e+01,2.279816e+01,1.277382e+00,1.370948e-03
5.941922e+01,3.752470e-04,2.370987e+01,6.182888e+00,6.916123e+00,1.500388e+01,1.776188e+01,2.623706e+01,2.573749e+01,3.887977e-14
1.019998e+02,1.497821e+01,1.276792e+01,2.905241e+01,1.376742e+01,3.594414e+00,2.531652e+00,1.896633e+01,1.395291e+01,6.120603e-03
5.538596e+01,3.023679e+00,6.229106e+01,9.220427e+00,5.122197e+00,2.675457e+00,1.333127e+00,1.666611e+01,3.662760e+01,1.090370e-03
5.743637e+01,3.949522e+01,3.827925e+01,2.557125e+01,9.816660e+00,6.934704e-03,6.316825e+00,1.062338e-02,2.416634e+01,5.415903e-02
8.385819e+01,2.833153e+01,1.404447e-04,2.515421e+01,1.750104e+01,1.363628e+01,1.671140e-06,4.722440e+01,4.749796e+00,7.987605e-02
8.363128e+01,9.401113e+00,4.788177e+01,4.486814e+00,1.393393e+01,1.986663e-02,3.193781e+00,1.372826e+01,4.237916e+01,4.311477e-01
1.254194e+02,1.075285e+00,6.111946e+01,1.692797e+01,3.896111e+00,7.287624e-02,1.329301e+01,2.313296e+01,1.082216e+01,3.823156e-02
5.411828e-01,4.090378e+01,7.672095e+00,6.392214e+01,1.578560e+00,8.288191e+01,7.500812e+00,2.999795e+00,4.489990e-06,3.716100e-04
1.205011e+02,3.029944e+01,1.978239e+01,1.554579e+01,9.172513e+00,1.969590e+01,2.091320e+01,4.769807e+01,1.609206e-02,1.294736e-01
9.842061e+01,3.952410e+01,2.676608e+01,1.208570e+01,9.832097e-02,1.096044e+01,7.633670e+00,2.987547e+01,1.070007e-02,1.133454e-23
8.019854e+01,5.563704e+00,6.468198e+01,1.801855e+01,1.792501e+01,2.547670e+00,1.561630e+01,2.319384e+01,5.647380e+01,9.244707e-02
7.604412e+01,8.445890e+01,2.714421e-03,6.378498e+01,5.858472e-01,8.217609e-02,1.019717e+01,2.958072e-07,1.431811e+01,3.864353e-02
1.385763e+01,3.944877e+01,7.562710e+01,2.473992e+01,3.701819e+00,5.976746e+01,1.283254e+01,9.516333e+00,9.983364e-02,8.085047e-03
6.173605e+01,4.861756e+01,6.541011e-04,5.637847e+00,4.208801e+01,2.486454e+01,9.127884e+00,1.995835e+01,6.087102e+00,1.914968e-04
1.152937e+02,2.968534e-02,8.817260e+01,1.458152e+01,2.163833e+00,4.974502e-01,2.091297e+00,9.056375e+00,2.761803e+01,2.189219e-03
2.020394e+01,5.831519e+01,6.072918e+00,1.864510e+01,3.472047e+01,1.547893e+01,2.229494e+01,5.165838e+00,1.002621e+01,1.142512e-02
1.758376e+02,6.773264e+01,1.386628e+01,4.250159e+00,1.996870e+01,7.891882e+00,4.799517e+00,7.990806e+00,3.522748e+00,2.429001e-01
9.185671e+01,3.537074e+01,2.560147e+01,1.040928e+01,2.016395e+00,1.002539e+01,2.586558e+00,3.173186e+01,3.103538e+00,1.257970e-02
2.411202e-02,1.189254e+02,4.991405e+00,1.381872e+02,5.277887e+00,2.344602e+01,3.348485e+01,8.317441e+01,1.704974e+00,1.125567e-01
7.313802e+01,4.107208e+01,2.786456e+00,1.089864e+01,1.603838e+01,1.068560e+01,2.135893e+01,1.465506e+01,1.241378e+01,1.488478e-03
8.369674e-01,4.435037e+00,4.203940e+00,3.566730e+01,2.871314e+01,9.503188e+01,1.114707e+01,1.625329e+01,1.159690e+00,1.641588e-03
2.449885e+01,3.486870e+01,8.427125e+01,4.374797e+01,1.353100e+01,5.164735e+00,4.543432e+00,4.256803e+01,1.820533e+00,2.472826e-01
1.507818e+02,5.280947e+01,2.390155e+01,8.204295e+00,6.638840e+00,8.462812e-01,1.261428e+01,1.017654e+01,9.843155e+00,5.888595e-04
7.813121e-02,2.520511e+01,7.537633e-01,1.132549e+01,2.602707e+01,7.297724e+01,3.009086e+01,2.428374e+01,1.396806e-02,1.565227e-01
9.564592e+01,4.709621e+01,2.399508e+01,2.339837e+01,1.074588e+01,1.349700e+00,1.708963e+01,1.212395e+01,3.511478e+00,3.107430e-02
4.177683e+01,6.444273e+01,1.855907e+01,2.165002e+00,1.099530e-05,2.868234e+01,1.741082e+01,2.760489e+01,6.590490e-03,1.582490e-01
7.637002e+01,7.108837e+01,1.353866e+01,1.005856e+01,2.073444e+01,1.883322e-01,1.850984e+01,1.561416e+01,1.773170e+00,2.344311e-02
9.042189e+01,3.440281e+01,5.474407e+00,8.814085e+00,7.529433e-01,9.091207e-03,1.107446e+01,4.259466e+01,9.668423e+00,1.030954e-01
1.199650e+02,1.904729e+01,1.231662e+01,1.017788e+01,1.773893e+01,6.403642e+00,4.393910e-25,5.367894e+01,1.073028e+01,2.238822e-01
1.666106e+02,8.175324e-02,9.946469e+01,1.814209e+01,1.202303e+01,3.629028e+00,2.126332e+00,7.355699e-01,5.217613e+01,2.614990e-03
1.235295e+02,5.694351e+01,8.585176e+01,3.994202e+01,4.198011e+00,5.270160e+00,3.514325e+01,3.030866e+01,6.990071e-05,2.032773e-04
9.035904e+01,1.002640e+01,7.407756e+01,7.175757e-08,3.271849e+01,1.820760e+00,1.787564e+01,1.431812e+01,4.865376e+01,2.787080e+00
1.664636e+02,6.619453e+01,3.359157e+01,1.295697e+01,3.576929e+01,6.749921e-01,1.666292e+01,8.026947e+00,2.608355e+00,7.796844e-03
9.232081e+01,1.243711e+01,2.756686e+01,2.998119e+01,4.085639e+01,2.796288e+00,3.216546e+01,2.986900e+01,2.368689e+01,1.569308e+00
5.447616e+01,4.033118e+00,2.439886e+01,5.694940e+01,1.731057e+01,6.169626e+01,8.758836e-09,4.638262e+01,4.258019e-04,5.437351e-15
1.048293e+02,9.425125e+01,1.811105e-02,5.383783e+01,1.749311e+01,1.051931e-02,2.031755e+01,8.286238e+00,3.332109e+01,4.830386e-02
9.519490e-08,5.471251e+00,4.315227e+01,4.405376e+01,2.725041e+01,6.020411e+01,1.893434e+01,3.177584e+01,8.341410e+00,3.894433e-04
1.188471e-01,2.777394e+01,1.067830e-07,5.051999e+00,1.084283e+02,8.715103e+01,3.105246e+01,6.452863e+00,6.978683e+00,6.532619e-02
6.476723e+01,7.341576e+01,5.494343e-06,8.320750e+00,1.908864e+01,2.154710e+01,1.814628e+01,3.471021e+01,1.196977e+01,3.654006e-03
8.571681e+01,7.876402e+01,3.397793e+01,7.630400e+00,2.164017e+01,1.506984e+00,2.579999e+01,2.678052e+01,3.563248e+00,3.900406e-05
5.355634e+01,7.343426e-01,8.698955e+01,4.590557e+01,3.512205e-03,7.872859e-01,7.693413e+00,3.752036e+01,2.215240e+01,9.087019e-02
7.383899e+00,2.259751e-05,4.710423e+01,7.326251e+01,8.735839e+00,4.219444e+01,4.280982e-09,4.824839e+01,3.851217e-01,5.460948e-02
1.639730e+02,1.002260e+02,6.200959e+00,1.298139e+01,1.449155e+01,1.722501e-03,1.121803e+01,1.007201e-07,1.743998e+01,7.504773e-04
2.308199e+01,8.961167e+00,3.948414e+01,7.558757e+00,5.047642e-03,6.380632e+00,9.330499e+00,5.045241e+01,2.433962e+01,8.968571e-02
1.866437e-07,3.212120e+00,4.832434e+01,2.364000e+01,1.272059e+02,1.115154e+02,3.608415e+01,2.153752e+01,1.995730e+01,1.165495e-01
5.192204e+01,4.108834e+01,1.754719e+01,1.169746e+01,1.558688e+00,8.000889e+00,1.334384e+01,2.634176e+01,3.566214e+00,4.106144e-02
1.241142e+02,3.828686e+00,6.698632e+01,9.940597e+00,9.262120e+00,1.153290e-01,5.674372e+00,3.786364e+00,4.510248e+01,1.174833e-20
1.317565e+02,3.342874e+01,1.474747e+01,9.420735e+00,2.848002e+00,1.099963e-01,1.554455e+01,4.615229e+01,4.455044e+01,1.100410e-02
7.682688e+01,5.477801e+01,3.610037e+00,1.919000e+00,1.468180e+01,7.869076e+00,5.497809e+00,1.283476e+01,2.054935e+00,3.389977e-01
6.736129e+01,1.502202e+01,5.923682e+01,2.404847e-02,9.558161e+00,1.205518e+01,1.600589e+01,2.359414e+01,2.073000e+01,8.024759e-02
3.750689e+01,3.021749e+01,3.931783e+01,2.570638e+01,1.753362e+00,1.089499e-01,1.123170e+01,3.626273e+01,1.516176e+01,1.850288e-02
1.317553e+02,6.264732e+01,1.904076e+01,2.048366e+01,2.929555e+00,5.476812e-04,3.764162e+00,3.783971e+01,9.815541e+00,6.163499e-02
2.848982e-12,1.618680e+01,5.267247e+01,7.502728e+01,8.215802e+00,1.185919e+01,1.889095e-05,9.265536e+00,6.582481e+00,5.766173e-02
1.938959e+02,7.129842e+01,5.855350e+00,4.169729e+00,2.561808e+01,2.184744e+01,1.283752e+01,2.045034e+01,5.267261e+00,6.101369e-01
4.769590e+01,3.622960e+01,5.263361e-01,3.916322e-01,4.599265e+00,6.268228e-01,4.299300e+01,2.330958e+01,1.212710e+01,3.573146e-02
5.918911e+01,9.931600e+00,7.489079e+00,2.239264e+01,1.577116e+01,8.547149e+00,2.624318e-19,4.772503e+01,3.084716e-06,2.331426e-01
5.031863e+01,1.060774e-09,2.492322e+01,4.448473e-01,2.583396e+01,2.644144e+00,1.665125e+01,3.171563e+01,2.696045e+01,5.765399e-01
7.973628e+01,1.861511e+01,7.606550e+01,3.397890e+01,2.376609e+00,1.109949e+01,7.467465e+00,4.213525e+01,5.386675e+00,3.542142e-01
9.362427e+01,3.673999e+01,4.573994e+01,3.149855e+00,2.147018e+01,1.070543e-01,3.553679e+01,1.308753e+01,3.765954e+01,7.508005e-02
9.365062e+01,3.431638e-01,6.764905e+01,1.113702e+01,7.661600e+00,1.337415e+00,1.234524e+01,3.427718e+01,5.087664e+01,2.703833e-01
6.614405e+01,3.025189e+01,9.175919e+01,8.455576e+00,1.244951e+00,4.274757e+00,1.256824e+01,7.522894e-03,1.538446e+01,3.094304e-02
1.237758e+02,1.954875e+00,5.260782e+01,5.458798e+01,6.900469e-03,4.749957e+00,1.070748e+01,9.223988e-01,2.996900e+01,1.777657e-01
1.900882e+00,3.163095e+01,2.789863e+01,1.699448e+01,3.411057e+00,3.801492e+00,1.237169e+01,2.340232e+01,1.005580e+01,6.658588e-02
9.007649e+01,1.395570e+01,1.132585e+01,2.273930e+01,5.110280e+01,3.757427e+00,2.861681e+01,1.260140e+00,1.115460e+01,6.356486e-02
3.019363e+01,6.269585e+00,6.448216e+00,4.044251e+01,6.671386e+00,2.303863e+00,1.718036e+00,7.505007e+01,1.312324e+00,3.202868e-02
9.197739e+01,1.124980e+00,5.251409e+01,1.740938e+01,2.548511e+00,2.108308e+00,1.378235e+01,4.620029e+01,4.240104e+01,3.826874e-03
1.373278e+02,4.702544e+01,3.928156e+01,3.282370e+01,2.377861e+01,1.777075e+00,4.846827e+00,4.376731e+01,1.751678e+01,3.550319e-02
7.853480e+01,1.373655e-03,7.163899e+01,6.320429e+00,1.564399e+01,6.952727e-01,2.653607e+00,3.599672e+00,3.122396e+01,1.839968e-02
5.768935e+01,1.528821e+00,3.635884e+01,2.173131e-03,1.577698e+01,6.687344e-01,1.462820e+01,1.688456e+01,2.847867e+01,2.171393e-02
8.872699e+00,4.997065e+01,7.298717e+01,1.073026e+02,1.158532e-02,4.987436e-07,3.239373e-02,1.928737e+01,2.634692e-03,1.091798e-01
1.026300e+02,5.459371e+01,3.062900e+01,2.452966e+01,1.744143e+01,4.555253e+00,2.312857e+00,2.308685e+01,1.718044e+00,5.030923e-01
2.938927e+00,2.778024e+01,3.228288e+00,9.371081e+00,8.915973e+01,2.149793e+01,2.773532e+01,1.794916e+00,4.390302e-04,2.760258e-01
1.554538e+02,4.850491e+01,2.054751e-01,1.955651e+01,6.085332e+00,2.088593e+01,2.520455e+01,1.147591e+01,1.814022e+01,1.365647e-02
4.565778e+01,4.306143e+01,1.500590e+01,3.582019e+00,3.516802e+01,9.431253e-02,9.967224e+00,2.470000e+00,1.015216e+01,1.810381e-02
4.844354e+00,2.998124e+01,1.029841e+02,1.771517e+01,4.529824e+00,2.632417e+01,1.208892e+01,1.471608e+01,1.940578e+01,6.758789e-02
1.300535e+02,5.304580e+01,1.760863e+01,3.962369e-01,1.120314e+01,2.206141e-01,1.553669e+01,1.710430e+01,3.979240e-05,2.726671e-02
1.031659e-01,1.558242e+01,1.799124e+01,2.442650e+01,2.439574e+01,2.991916e+01,9.354087e+00,3.644401e+01,1.282219e-04,2.092243e-01
6.513604e+01,5.322635e+01,2.064369e+01,1.535722e+01,2.829206e-01,4.046819e+01,1.033500e+01,4.377986e+01,2.893543e-04,2.025748e-02
9.112648e+01,9.054144e+00,8.451237e+01,1.161376e+01,1.406014e+01,7.265913e-04,2.343072e+00,2.599874e+01,2.458011e+01,2.555909e-01
4.136626e+01,8.120406e+00,5.324887e+01,1.348969e+01,1.136530e+01,9.072314e-01,3.082282e-01,2.917722e+01,1.076783e+01,1.413834e-02
6.903502e+01,5.067179e+01,2.755806e+00,1.299230e-03,6.537320e+00,4.372966e+00,1.227302e+01,2.613054e+01,1.106208e+01,2.359960e-02
8.915983e+01,2.984592e+01,7.476468e+01,7.948667e+00,1.564108e+01,6.750699e-02,6.368024e+00,2.381263e+00,2.499691e+01,3.093992e-02
4.812830e+01,6.286324e+01,5.381138e+01,3.497632e+00,1.145665e+01,7.410837e-04,9.735651e+00,1.868354e+01,8.670618e-05,1.465866e-02
8.648319e+01,7.711160e+01,1.650368e+01,1.312727e+01,2.402735e+01,9.103136e-01,8.263539e-01,5.422589e+01,7.803492e+00,9.606343e-02
1.906039e+01,2.603921e-02,3.281472e+01,4.943312e+00,4.318809e+01,9.279922e+01,1.306463e+01,4.903069e-01,4.096094e+00,1.059199e-01
1.256727e+01,6.879443e+01,1.746417e+01,1.649609e-01,3.446063e+01,5.452670e+00,2.182043e+01,2.168715e+01,1.231607e+01,2.443531e-02
2.440575e+01,3.167907e+01,2.893997e+01,3.767522e+00,1.858961e+01,1.539099e+00,1.449887e+01,4.958177e+01,3.429659e+01,8.668243e-02
1.041016e+02,2.860465e+00,8.693145e+01,1.429893e+01,3.179668e+00,6.763887e-02,3.165620e+00,2.100157e+01,2.612526e+01,6.777490e-02
4.414022e+01,4.018565e-04,4.197841e+01,1.052137e+01,1.789085e+01,3.499505e-04,7.482858e+00,2.028305e+01,1.277092e+01,2.974844e-02
5.697692e+01,8.157427e+00,6.418409e+01,8.519973e-02,4.005627e-02,1.331165e+01,2.250254e+01,2.522004e+01,3.705717e+00,3.006009e-02
6.188082e+01,1.275934e-04,3.474956e+01,1.713118e+01,2.935432e+01,3.896425e+00,5.527340e+00,8.719192e+00,1.691239e+01,3.246062e-03
1.031007e+02,2.645752e+01,1.037132e+01,6.973989e+00,1.018689e+01,5.685073e-01,4.777684e+00,2.497672e+01,3.539177e+00,1.490750e-03
4.387481e+01,3.675594e+01,3.131559e+01,4.138793e+00,1.253704e-02,4.123123e-02,1.791485e+01,9.215660e+00,1.072662e+01,7.542656e-02
2.605598e+01,3.405611e+00,3.607643e+01,1.906133e+01,1.100629e+01,4.009610e-02,1.327030e+01,3.406894e+01,3.696855e+01,4.130755e-02
4.299944e-09,3.258682e+01,1.033208e-02,4.858303e+00,1.251294e+02,3.691589e-04,6.520899e+01,5.100184e+00,4.442817e+00,6.639007e-02
1.253398e+02,8.275083e+01,3.967338e+01,4.108437e+00,7.339042e+00,4.022305e+00,1.249058e+01,3.102957e+00,1.467785e+01,7.271224e-02
5.929124e+01,6.209226e+01,5.767996e+01,2.659427e+01,1.834183e+01,9.978146e+00,1.212991e+01,1.130316e+01,1.426082e+01,2.021969e-02
8.038762e+01,2.317386e+00,5.060647e+01,1.190130e+00,1.467122e+01,1.821586e+00,1.044591e+00,6.128723e+00,2.357103e+01,2.209097e-01
5.999848e+01,3.844841e+00,5.127898e+01,1.443109e+01,8.961830e+00,1.874257e+00,2.862420e+00,2.842310e+01,2.269137e+01,6.613581e-02
4.300512e+01,8.663184e+01,3.399295e-06,1.983602e+00,7.508004e+01,2.227783e+01,2.549209e+01,2.399688e+01,6.136747e+00,2.873624e-02
2.784966e+01,2.297060e+01,6.501466e+01,2.754856e+01,1.581004e+01,4.363368e+00,1.338078e+01,2.994444e+01,1.670128e-02,1.385080e-02
4.996608e+01,3.904426e+01,8.943892e+00,3.436184e+00,1.908682e+01,1.531573e-01,1.133217e+01,2.495870e+01,6.301016e+00,1.101076e-01
2.135065e+01,5.962663e+01,2.619594e+01,1.133904e+01,1.133561e-01,2.137611e+01,1.913002e+01,2.048856e+01,9.704146e+00,4.216340e-02
6.112411e+01,2.872932e+00,3.909922e+01,7.534340e+00,1.512197e+01,6.792519e-02,4.358015e+00,1.782408e+01,1.516636e+01,1.125875e-01
5.682692e+01,1.903869e-01,7.864202e+01,1.787952e+01,6.003914e+00,2.326306e-01,8.900031e-01,2.277117e+01,2.595407e+01,5.782103e-02
8.023702e+01,6.040065e+00,5.002229e+01,5.552878e+00,6.178502e+00,4.120948e+00,9.128743e+00,4.138266e+01,3.614825e+01,3.364956e-04
1.523460e+02,5.243233e+01,1.265316e+01,7.381617e-03,4.965769e+00,1.909195e-02,7.391374e+00,1.386446e+01,4.745361e+00,5.578918e-20
8.483398e+01,3.126034e+01,2.829925e-01,3.137707e+01,9.493499e+00,8.464021e+00,8.041328e+00,3.054430e+01,1.119287e+01,5.546710e-04
3.742821e+01,2.518240e+01,9.782487e-12,2.653768e+01,2.011981e+01,5.866096e+01,4.784315e-24,2.410895e+01,9.984936e+00,3.695372e-20
3.144579e+01,7.053086e+01,1.703825e-03,7.396860e+00,4.778659e+01,6.706801e+01,2.750387e+01,1.055580e+00,2.637191e+01,7.389021e-02
1.126205e+02,4.278828e+01,2.043642e+00,1.702174e+01,8.432532e+00,1.342284e+01,9.426037e+00,3.583770e+01,7.662224e+00,9.844418e-04
1.173751e+02,5.556280e+01,5.847448e+00,1.369527e+01,5.510196e-01,4.965669e+00,7.967360e+00,1.116870e-05,1.337909e+01,2.818574e-01
3.599309e+01,1.655033e-01,2.146110e+01,3.091389e+01,1.798124e+01,2.240908e+01,2.637050e+01,1.982146e+01,2.049401e+01,5.552200e-02
1.388494e+02,4.634270e+01,6.851551e+01,1.717510e-02,1.094121e+01,4.793639e+00,2.151386e+01,1.415088e+00,1.446256e-03,8.977426e-12
1.124210e+02,7.922055e+01,5.969561e-05,2.104291e+01,2.606941e+01,4.638155e-01,3.013276e+00,3.083285e+01,1.834262e+01,1.584786e-01
6.727197e-09,2.257845e+01,2.857942e+01,5.479369e+01,4.194669e+01,4.296919e+01,1.804619e+01,3.832716e+01,1.590809e+00,6.318294e-02
3.209976e+01,1.266256e+01,1.526894e+01,1.126655e-07,8.036417e+00,6.606796e+00,7.013109e+00,5.936793e+00,1.686863e+00,1.659614e-25
1.813624e+02,7.712194e+01,1.123278e+02,2.092324e+00,1.229777e+01,1.230662e+01,1.620238e+01,2.978374e+01,6.675079e-09,8.766011e-05
7.379894e+00,1.739163e+01,1.259916e+00,2.584960e+00,2.068816e+01,5.782220e-01,9.354644e+00,1.708076e-01,4.443504e+00,2.620712e-18
4.299796e+01,6.948104e+01,1.635165e+01,1.023061e+01,7.640511e+01,1.940911e+01,2.420141e+01,7.307962e+00,1.426638e+00,1.246742e-01
5.887653e+01,8.227341e+01,2.667672e+00,7.006597e+00,7.745101e+01,2.242622e+00,2.345550e+01,9.698919e+00,1.416231e+01,1.944301e-01
4.004719e+01,2.155806e+01,1.123854e+01,2.005206e+00,1.002148e+01,2.063881e-01,9.584978e+00,2.179098e+00,2.919350e+00,6.721733e-04
1.683846e+02,1.712894e+01,2.711459e+01,1.229707e+01,1.233128e+01,2.677976e-01,2.475610e+01,2.479377e+01,2.252947e+01,4.291456e-14
3.429263e+01,5.486878e+01,9.408549e+00,1.506946e+01,6.209695e+01,4.242451e+00,3.800769e+01,3.390871e+01,8.656580e+00,1.608202e-01
5.657645e+01,2.131528e+01,2.038166e+00,2.768637e-01,5.129017e+00,3.547183e-01,6.540974e+00,6.618612e+00,2.703173e+00,6.329394e-14
6.497196e+01,4.486027e-02,3.504272e+01,8.270700e+00,6.948997e+01,1.432323e+00,6.566221e+00,2.538826e-01,1.073325e+01,1.395431e-06
1.269879e+01,1.440213e+01,1.693679e-01,2.114629e+01,3.457816e+01,2.005233e+01,3.892356e+00,3.702241e+01,1.209188e-02,8.233299e-26
2.194156e-01,1.955670e+01,1.737711e-01,1.008489e+01,1.217281e+01,1.736073e+01,6.713434e+00,9.252565e+00,6.039408e+00,2.518749e-16
1.616666e+02,5.077763e+00,8.542595e+01,2.554331e-06,3.858718e+01,4.954936e-01,1.003582e+00,3.986316e+01,2.698316e+01,1.697723e-20
1.367302e+02,1.223092e+01,2.821488e+01,1.276976e+01,6.895346e+00,4.008732e+00,1.152189e+01,2.108882e+01,3.531430e+01,3.748285e-13
2.115122e+01,4.085732e+01,2.477335e+00,6.515592e-01,9.249734e+01,2.395247e+01,1.627522e+01,5.362926e-06,5.381464e+00,2.289318e-01
7.086198e+01,3.040891e+01,2.037815e+01,2.419618e+00,4.167028e+01,8.858985e+00,2.016612e+01,3.317742e-01,5.074850e-09,1.097169e-15
3.025128e+01,9.358160e-09,1.024264e-02,3.299628e+00,1.632674e+01,6.480181e+01,1.007087e+01,2.393561e+01,2.339987e+01,4.535963e-12
1.794189e+01,2.851174e+01,1.806290e+01,6.536400e+00,3.474550e+00,3.933733e+01,1.321977e+01,1.236367e+01,1.025189e+01,3.168088e-10
5.828786e+01,3.122054e+01,2.161390e+01,4.598470e+00,5.546975e+00,4.883072e+00,1.011332e+01,9.174737e+00,8.791864e+00,4.137022e-17
7.791324e+01,2.150499e+01,1.181461e+02,2.504482e+01,8.616745e+01,1.056375e+01,3.969455e+01,4.809127e+01,4.272662e+00,1.208463e-20
2.063701e-01,3.989799e+01,4.771193e-05,3.840396e+01,3.761481e+01,7.730703e+01,1.581254e+01,1.129731e+01,8.062787e+00,1.201535e-31
8.586471e+01,6.267545e+00,3.642909e+01,1.149423e-01,6.822602e+00,1.759530e+00,1.007389e+01,1.246990e+01,3.934636e+01,3.399727e-04
5.288916e+01,4.261223e+01,2.729140e+01,1.263624e+01,4.905544e+00,8.758392e+01,2.347565e+01,5.186055e-03,6.517442e+00,1.450251e-03
5.849254e+01,5.211131e+01,2.324336e+01,1.371683e+00,1.731121e+01,1.665467e+01,1.605363e+01,3.789518e+01,5.067867e+00,2.832496e-01
4.469480e+01,3.710540e-05,2.845928e+01,1.900849e-06,1.710619e+00,2.045088e+01,6.366777e+00,2.690906e-03,6.429950e+00,1.233074e-27
8.784493e+01,4.344127e+01,2.050500e+01,4.215445e+00,3.074792e+01,4.098011e+00,1.664848e+01,1.017878e+00,1.506482e+01,2.416804e-04
5.144691e+01,1.667180e+01,2.504921e+01,1.012374e+01,1.609158e+01,4.205341e+00,5.753442e+00,1.069576e+00,1.107796e+01,2.671525e-04
1.674678e+01,6.581929e-01,5.516949e+00,3.220999e+00,1.733357e+01,2.420621e+00,6.526608e+00,4.504451e+00,9.064032e+00,2.809118e-04
9.239612e+00,4.335072e+00,3.741094e+01,6.508022e+00,6.476875e+00,3.968629e-01,1.418682e+01,1.650084e+01,2.730169e+01,6.241517e-21
7.031741e+01,5.970391e+01,5.272968e+00,4.946072e-01,1.804212e+01,9.927577e-01,2.638831e+01,2.158904e+01,9.259958e+00,1.673657e-16
8.482478e+01,5.818574e-02,3.071890e+01,3.217990e-03,2.397514e+01,2.756626e+00,9.607148e+00,6.773349e+00,2.615322e+01,5.203455e-19
4.274920e+01,8.022906e+01,1.220296e+00,1.467594e+01,6.861057e+01,1.024217e+01,1.938227e+01,1.259295e-04,1.486097e+01,1.071896e-31
1.843994e+01,4.534414e+01,5.206435e+01,2.605963e-08,2.481825e+00,1.650541e+01,2.206994e+01,4.701696e+00,1.021219e+01,4.231076e-04
3.032188e+01,1.302613e+00,2.806091e+01,5.799330e+00,6.102860e+00,4.273099e-01,1.338360e+01,1.075347e+01,1.789113e+01,1.692156e-08
4.432433e+01,1.837755e+01,1.011324e+01,1.266896e+00,3.196386e-04,1.502779e-03,1.013746e+01,1.269734e+01,5.941599e+00,8.974859e-05
1.849411e+01,2.084277e+00,5.826784e+00,8.834314e-03,4.494377e+00,7.576415e+00,6.349330e+00,9.390309e+00,5.450911e+00,4.268923e-08
2.421974e-02,1.646471e+01,9.453165e+00,5.407242e+00,2.544002e+01,6.825507e+01,1.325704e+01,1.594545e+01,1.608859e-04,1.612740e-04
1.442901e+02,6.688132e+01,3.422230e+01,2.369286e+00,4.287185e+00,4.147918e-01,2.176188e+01,4.070873e+01,5.578590e-06,4.301323e-24
3.443570e+01,1.708693e+01,5.973248e+00,3.536016e+00,1.705889e-01,4.294316e+00,5.263962e+00,4.725126e+00,4.124030e-07,4.444399e-18
1.062184e+02,3.179015e-02,5.425377e+01,1.071971e+01,2.558003e+01,6.767590e+00,1.352098e+01,1.604416e+01,3.218179e+01,1.981286e-03
9.168881e+01,8.203267e+01,4.899153e+00,4.941501e-01,3.002727e+01,1.023024e+01,2.019897e+01,2.200415e+01,1.653311e+01,2.242566e-16
6.264529e+01,7.431937e-02,8.769565e+01,1.968777e+01,2.163178e+01,1.220963e+00,8.884894e+00,2.407403e+01,4.910663e+01,3.319484e-04
2.337265e+01,3.820823e+00,3.828183e+01,2.131213e-03,6.520527e+00,3.648973e-04,1.029854e+01,2.857464e+01,4.178225e+00,4.286664e-21
1.811111e+01,1.643748e+01,1.395292e+01,1.274936e+00,1.065056e+01,1.012779e+00,5.798537e+00,1.586230e+01,1.605712e-06,3.416160e-25
1.378231e+02,2.205005e+01,2.081733e-02,2.079232e+01,8.373559e+00,1.953260e+00,1.895473e+00,2.190494e+01,1.051343e+01,1.153482e-01
7.823676e+01,5.824383e+01,2.706122e+00,8.654541e+00,2.193962e+01,6.083119e+01,1.412858e+01,2.195779e+01,1.176909e+01,5.999495e-02
1.091832e+02,8.770599e-09,1.006357e+02,6.343508e+00,1.370910e+01,2.038966e+00,5.553262e+00,1.687138e+01,3.576873e+01,6.904549e-02
4.328436e+01,8.420379e-02,3.743718e+01,1.429432e+01,2.399771e+01,2.120281e-04,1.453723e+01,4.295242e-04,2.497869e+01,8.268257e-02
6.332914e+01,9.286513e-01,8.206137e-07,3.209226e+01,4.153277e+01,3.985604e+01,1.605885e-02,3.686676e+01,4.428766e+00,7.902829e-02
1.348096e+02,1.809217e+00,1.074342e+02,2.077501e-01,1.805324e+01,6.978745e-01,1.538930e+01,2.212516e+01,5.132172e+01,1.850848e-04
1.144035e+02,9.694501e+01,9.446621e+00,2.385565e-04,4.066262e+01,1.314145e+01,2.414004e+01,2.761961e+01,2.421558e+00,2.607852e-03
1.464296e+02,1.394538e+02,2.759115e+01,5.980501e-03,8.233799e+01,1.025765e-01,3.482240e+01,5.225909e+01,1.404412e+00,5.684721e-04
1.182689e+02,3.656884e+01,4.356346e-01,8.714548e+00,7.871465e-03,1.287316e+01,1.387123e+01,7.349238e+00,3.423940e+00,6.888573e-02
1.303405e+02,2.534227e+01,5.144524e+01,7.741516e+00,5.962752e+01,2.065552e-06,1.312411e+01,2.235781e+01,1.417616e+01,8.289424e-02
1.506295e+02,9.933774e+01,4.275132e+01,4.967598e-04,5.264470e+01,4.824082e-03,3.112040e+01,3.725383e+01,8.017151e-06,2.497593e-19
1.498867e-10,6.043896e+01,8.993386e+01,1.423473e+01,1.971810e-01,7.364818e+00,1.935312e+01,2.272122e+01,4.024322e-10,3.651094e-23
1.588858e+02,1.015272e+01,4.825503e+01,7.368861e+00,5.784788e+01,1.132459e-04,4.409470e+01,4.713965e+01,1.065514e+01,1.277818e-19
7.208611e+01,7.464391e+01,7.543082e+01,2.738855e-06,6.180322e-01,4.193310e+01,1.733326e+01,2.613953e+01,7.867902e+00,2.121496e-01
4.366539e+00,6.636379e-07,3.586358e+01,4.225655e+00,1.276895e+01,9.545718e+01,1.682420e+01,7.070619e+00,1.208191e+00,2.506275e-01
5.142076e+01,5.268050e+01,8.233317e+00,2.641971e+00,4.677559e+00,1.518746e+00,6.530683e+00,2.293955e+01,4.802974e+00,5.001771e-01
7.381303e+01,3.127409e+01,5.481108e+01,8.080125e+00,9.729173e+00,2.973380e+00,1.730904e+01,1.194821e+01,1.929983e+01,1.853256e-01
4.670580e+01,5.145884e+01,6.639805e-09,1.447863e-01,1.793841e+01,1.112211e+00,2.738124e+01,2.562234e+01,1.787939e+01,1.115005e-01
5.635588e+01,1.820558e-03,8.712550e+01,2.363329e+01,2.068378e+01,4.048627e+01,3.691639e+00,9.314316e+00,3.596624e+01,8.124438e-02
1.152550e+02,3.446865e-01,3.697172e+01,4.432539e+01,9.855601e-01,2.751298e+01,6.463520e+00,3.290663e+00,1.971571e+01,3.741124e-01
1.123226e+02,5.297743e+01,2.650569e+01,2.793196e-02,1.956888e+01,8.715500e-02,1.187626e+01,1.253377e+01,2.968862e-02,4.186627e-02
2.172292e+01,3.392299e-04,4.690596e+01,1.153676e+01,3.027849e+01,2.312068e-03,3.333680e+01,4.063366e+01,3.304545e+01,9.360020e-11
1.561420e+02,4.405324e+01,2.358982e+01,1.585174e-05,3.192217e-01,7.166911e-01,1.728647e+01,1.093442e+01,3.743347e-04,8.154159e-03
3.708753e+01,7.063629e+01,1.054748e+01,1.463395e+01,1.165336e+02,7.406367e+00,2.146798e+01,1.071608e-05,3.236419e-01,3.367997e-13
2.287673e+01,1.735820e+01,9.389457e-01,9.305034e-04,1.230539e+01,9.798342e+00,1.104399e+01,1.112375e+00,2.785072e-01,5.601886e-04
1.184626e+02,5.418768e+01,1.712728e+01,2.451040e+01,4.831426e+01,3.883094e+00,1.974621e+01,3.910273e+00,1.761798e+01,6.388577e-02
1.607181e+02,7.308901e+01,1.981343e-02,2.153683e+01,1.845114e-03,2.727490e+00,2.482897e+01,2.407488e+01,1.464970e+01,1.139999e-01
4.081427e+01,2.623355e+00,4.347562e+01,1.660106e-01,3.815385e+01,7.591295e+01,2.074066e+01,6.638323e-15,2.384259e+01,1.670395e-28
7.010677e+01,2.358580e+01,1.276931e+01,2.763272e+01,5.579983e+01,2.688421e+01,1.671435e+01,1.485146e+00,1.411201e+01,2.096775e-01
3.567764e+01,2.899233e+00,7.192133e+01,1.769733e+01,9.931074e+01,5.097649e-02,3.185938e+01,1.559881e-03,6.321182e+01,1.912931e-14
2.809651e+02,8.010926e+01,2.415795e+01,7.564903e+00,1.870870e-03,6.612783e+00,1.492208e+01,1.171395e+01,1.761948e+00,9.935002e-02
9.108049e+01,1.744655e-01,6.435685e+01,4.067521e-01,4.535055e+01,3.546575e+00,1.033886e+01,2.282366e+01,3.347140e+01,1.220519e-01
1.389770e+02,5.145348e+01,2.991436e+01,1.902480e+01,8.299918e+01,1.184829e+00,1.569470e+01,2.426036e+01,3.314261e+00,1.397302e-01
1.489610e+02,6.572797e+01,5.181539e+01,3.117272e+01,7.416958e+00,4.052837e+00,1.291191e+01,3.815777e+01,1.411212e+01,8.242352e-02
1.029127e+02,1.079089e+02,2.315036e+01,1.522577e+01,4.165168e+00,1.618052e+00,1.544257e+01,3.477287e+01,1.781196e+01,6.308420e-02
1.443270e+02,2.362093e+01,7.159726e+01,6.557857e-02,5.948924e+00,5.582463e+00,1.456781e+01,1.964584e+01,4.297214e+01,8.632793e-02
1.347746e+02,2.549564e+00,7.586389e+01,1.390624e+01,1.368813e+01,3.451531e-01,6.700195e+00,1.637318e+01,4.597069e+01,4.484327e-02
9.685445e+01,1.436393e+01,3.123356e+01,2.148516e+01,3.854862e+00,1.605407e+01,3.927195e+00,3.167055e+00,9.747849e+00,4.038186e-02
1.633329e+02,6.744048e+01,1.142633e+01,2.410976e-03,5.574260e-01,7.604206e-01,1.540616e+01,4.306377e+01,1.316133e+01,1.976086e-01
8.108913e+01,1.843556e+01,4.046799e+01,3.452234e-02,2.723088e-05,3.452943e+00,2.825429e+01,4.127656e+01,2.293973e+01,1.365439e-01
7.625540e+01,2.882178e+00,2.675137e+01,2.425905e+01,3.485791e-03,9.368800e+01,2.462443e+01,5.726431e+01,1.246184e+01,1.192199e-01
7.321727e+01,1.369501e+01,3.498112e+01,3.395437e+01,1.186546e+01,2.554931e+00,6.372486e-09,4.475115e+01,4.429221e+00,4.798836e-20
4.856226e+01,8.498270e+01,6.423549e+01,1.770204e+01,1.631899e-01,7.919044e-01,2.023265e+01,2.995003e+01,1.298221e+01,2.208686e-18
4.425930e+01,3.523490e-04,2.574138e+01,3.393986e+00,8.776594e-01,2.420748e+00,2.276953e+01,3.324887e+01,3.396687e+01,9.263414e-02
2.878060e+01,3.153731e+01,9.785995e-03,3.699180e-02,1.249735e+01,2.377784e+01,2.708664e+01,3.688878e+01,9.526544e+00,8.793374e-02
7.648947e+01,2.041548e+01,6.804209e+01,1.049369e+01,5.387599e-02,1.388638e+00,1.194348e+01,2.579428e+01,9.684964e+00,1.299703e-01
3.848221e+01,4.861798e+01,5.974955e+00,9.085609e-02,7.575327e+00,1.196074e+01,1.424453e+01,2.024856e+01,7.986708e+00,6.334436e-02
6.829054e+01,4.290314e+01,1.026703e-02,4.640843e-02,7.123887e+00,9.130311e-02,1.638524e+01,2.889211e+01,1.750291e+01,1.167818e-01
7.694051e+01,5.033396e+01,2.134094e+00,1.879329e+01,5.198712e+00,1.225709e+00,9.903082e+00,1.658587e+01,1.409380e+01,4.586465e-29
7.308697e+00,4.443433e+01,5.891489e-01,4.403990e+01,9.153946e+00,9.493101e-01,6.712950e+00,5.481952e+01,4.020664e+00,2.189608e-04
3.564307e+01,1.838823e+01,3.391174e+01,4.311308e+01,7.461708e+00,6.851895e+00,3.566980e+00,3.925205e+01,1.269142e+01,7.965551e-01
6.604123e+01,5.730366e+00,2.336856e+01,9.073934e+00,8.455653e+00,8.790791e+00,2.517872e+01,3.982293e+01,3.643693e+01,7.568970e-01
4.003854e+01,1.553766e-06,2.095518e+01,7.063039e+00,2.474822e+00,2.549364e+00,2.193267e+01,5.755544e+01,1.875605e+01,7.289767e-02
1.093618e+02,7.623169e+01,1.614778e+00,1.261825e+01,2.089065e+01,1.122417e+01,1.192013e+01,1.882351e+01,1.644831e+01,7.365858e-02
9.096012e+01,5.689923e+01,4.331418e+00,4.466256e+00,1.028079e+00,6.208608e-01,2.767593e+01,3.911317e+01,9.803924e+00,7.944799e-02
7.047828e+01,4.586522e+01,1.055642e-08,2.892725e+00,1.423405e+01,1.538379e+00,1.782266e+01,2.946924e+01,1.771369e+01,1.147296e-01
5.952477e+01,6.169591e+01,4.211381e+00,7.800723e+00,1.217436e+01,3.222999e+00,1.182252e+01,4.038198e+01,9.241780e+00,1.293010e-01
2.546519e+01,9.746766e+00,8.516021e+00,1.346061e-08,2.597481e+01,4.961564e+01,2.588473e+01,2.668185e+01,8.881208e+00,1.347493e-01
4.616642e+01,2.194863e+01,3.234294e-07,3.706534e+00,2.235417e+01,4.637666e+01,1.601254e+01,1.594410e+01,9.880303e+00,1.486002e-01
1.837226e+02,6.172474e-04,6.480959e+01,2.636276e+01,1.327627e+01,1.575768e-02,1.576642e+01,8.968804e+00,1.925855e+01,3.579496e-01
7.213296e+01,5.048047e+01,4.115135e+01,1.426276e+01,1.336102e+01,3.087960e+01,2.837719e+01,1.400321e+01,9.196335e-01,2.358180e-01
2.351891e+01,5.643207e+01,1.599600e-03,3.899613e+01,2.259119e+01,1.170600e+01,1.999276e+01,2.868576e-01,1.465317e+01,5.286293e-01
1.081195e+02,1.860759e+01,3.944358e+01,2.553597e+01,3.665679e+01,9.885048e+00,3.039357e+01,7.163903e+00,2.600614e+01,1.781712e-01
8.728636e+01,7.560619e+01,2.368976e-01,4.983734e+01,2.627742e+01,1.980783e+01,1.338490e+01,5.423968e+00,4.686280e+00,1.709947e-01
6.372265e+01,2.729430e+01,1.562634e+01,1.695261e+01,9.973590e+00,4.551335e-01,1.723126e+01,3.017474e+01,2.315817e+01,3.700607e-01
8.355997e+01,7.994041e+01,4.447614e+00,5.394533e+01,2.510430e+00,6.648015e-04,1.865845e+01,4.201038e-06,1.610783e+01,1.506793e-01
2.123338e+02,1.331352e-04,7.283238e+01,1.892252e+01,7.158235e-01,2.016660e-01,6.107772e+00,3.651948e+01,1.752716e+01,3.989770e-01
5.794310e+01,2.076064e+01,1.441952e+01,1.306717e+01,1.113612e+01,2.752189e+00,3.316765e+01,4.874111e+01,3.640729e+01,4.342768e-01
2.961838e+01,1.156392e+00,6.054974e+01,3.528745e+01,5.848620e+01,1.195389e+01,2.050413e+01,2.262760e+00,4.540604e+01,1.551824e-04
1.302272e+02,8.432556e+01,2.327953e+01,1.106879e-02,1.225373e-01,1.606627e+01,1.479725e+01,3.051219e+01,2.683549e+00,4.477605e-01
7.783834e+01,6.522392e+01,1.495002e-02,5.351950e+01,6.844621e+00,5.141867e+00,6.577711e+01,1.663484e-07,7.682856e+00,1.533781e-01
2.432382e+01,6.193109e+01,5.949099e-03,4.037065e+00,4.284885e+01,5.335563e+00,2.615495e+01,1.101897e+01,2.332270e+01,2.728018e-01
1.102399e+02,5.100690e+01,1.805269e-03,2.022913e+00,5.668891e-02,7.576733e+00,1.985494e+01,2.093333e+01,9.527099e+00,2.339607e-01
6.258001e+01,4.554041e-02,3.931082e+01,1.800542e+01,5.180895e+01,1.344139e+01,1.931816e+01,1.290390e-01,3.240818e+01,1.849526e-01
2.586813e+02,8.518763e+01,1.686762e+01,9.469189e+00,1.950628e+00,6.132124e+00,2.826902e+01,2.870499e+01,7.168515e+00,4.387804e-02
5.970120e+01,4.074190e-04,6.061117e+01,1.651003e+01,2.388213e+01,3.071599e-01,5.374314e+01,6.103643e+01,6.345319e+01,7.569647e-02
5.136872e+01,7.253662e+01,4.017347e-04,5.237113e+00,2.122981e+01,3.159042e+00,2.000149e+01,2.659372e+01,1.512140e+01,2.974604e-01
5.086762e+01,1.353031e-01,4.510792e+01,1.902696e+01,1.046632e+01,3.764335e+00,5.739030e+00,1.633833e+01,2.822331e+01,9.320183e-02
7.495980e+01,7.806314e-03,4.018337e+01,3.866222e-04,9.857437e+00,5.485612e+01,3.449429e+01,1.536479e-08,1.858489e+01,3.400873e-02
4.670450e+01,2.544991e-01,3.515643e+01,4.786352e+00,7.965224e+00,2.502944e-01,1.620567e+01,1.916346e+01,3.863088e+01,4.543772e-02
1.728426e+01,6.669446e+00,4.072041e+01,8.880458e+00,2.631042e+01,1.515572e-05,2.939539e+01,4.430361e+01,3.564701e+01,4.631378e-02
6.113485e+01,5.879453e+01,1.206811e-01,6.753658e+00,2.088878e+01,6.234537e+00,1.357264e+01,7.422215e+00,1.680381e+01,1.078700e-01
8.700996e+01,7.733925e+01,1.451908e+01,1.523260e-01,1.924512e+01,6.996244e+00,2.122884e+01,1.819878e+00,4.670628e+00,2.866577e-02
2.226516e+01,3.268347e+01,3.509270e+01,7.802870e+00,4.771226e-03,1.305290e+01,3.312665e+01,2.200339e+01,1.365655e+01,9.911249e-01
1.173925e+01,2.744277e-11,3.637198e+01,2.825507e+01,4.341354e+01,2.364357e+01,2.349495e+01,5.959632e+00,2.791633e+01,5.011095e-01
7.811705e+01,2.180506e-01,1.477268e+01,1.868473e+01,3.120925e+01,1.989993e+01,1.718529e+01,2.990775e+01,1.550098e+01,1.915648e-01
2.825581e+01,1.670355e+00,2.993689e+01,9.051461e-01,3.658823e+01,5.213783e+00,1.671378e+01,1.332066e+01,3.980268e+01,5.317315e-02
4.813812e+01,6.714451e-02,3.498224e+01,1.775150e+01,6.804572e+01,2.018998e+00,3.837389e+01,4.632642e+00,1.890210e+01,1.019341e-01
7.090952e+01,4.063477e+01,3.336281e+01,1.072571e+01,1.056234e+01,3.822552e+01,2.055896e+01,3.482586e-02,5.434770e+00,3.025705e-01
1.063165e+02,7.819294e+01,1.292018e+01,6.047032e+00,1.958241e+01,2.880853e+00,3.492255e+01,1.356685e+01,9.276897e+00,1.277463e-01
1.294720e+02,7.582816e+00,4.185567e+01,1.074544e+01,1.968476e+01,6.242163e-03,1.703035e+01,3.656008e+00,2.763030e+01,3.470221e-01
1.650388e+02,8.146086e+01,3.195450e+00,2.426924e+00,3.052325e+00,1.778043e+00,4.638223e+01,1.359450e+01,2.745579e+01,2.087403e-01
9.937807e+01,5.584189e+01,4.003018e-04,1.736097e+01,1.635847e+01,9.700242e+00,1.467710e+01,1.088700e+01,7.730048e+00,8.838609e-04
6.363208e+01,6.754616e+01,1.006419e+00,3.085202e-01,2.452593e+01,2.073319e-02,2.467262e+01,1.999220e+01,1.922372e+01,2.646325e-01
1.109616e+02,4.867862e+01,1.055973e+01,1.591302e+01,2.163392e+01,4.337956e+00,1.426172e+01,1.729173e+01,8.599647e+00,1.783491e-01
5.218280e+01,4.540044e+01,1.770283e-02,6.925839e+00,4.551266e+01,2.454879e-02,4.127445e+01,1.926299e+01,5.635835e+00,1.362824e+00
1.568360e+02,4.852496e+01,9.023277e+00,2.190253e+01,1.941001e+00,1.846730e+00,2.491784e+01,1.248351e+01,3.071349e+00,9.015567e-03
1.991958e+02,4.899570e+01,2.122925e+01,1.748122e+01,2.790827e-03,5.867096e-02,6.932782e+00,1.002091e-02,2.616259e+00,9.958323e-04
7.906897e+01,2.505628e+01,3.284439e+01,1.558180e+01,3.395306e+01,5.312658e+00,1.003417e+01,6.628656e+00,3.821355e+01,1.532088e-01
1.113965e+01,2.419665e+01,2.011047e-01,1.044293e+01,4.718558e+01,3.865082e+01,2.602504e+01,1.666762e+01,9.321586e+00,7.979452e-03
1.063607e+02,6.047944e+01,6.478921e+00,5.306597e+00,2.073671e+01,1.543900e+01,2.149904e+01,1.175160e+01,5.244889e+00,6.026421e-04
1.475522e+02,6.727755e+00,4.399892e+00,1.483440e+01,4.343831e-02,4.477397e+00,6.160268e+00,3.642844e+01,5.743685e+00,1.545723e-01
2.478450e-05,2.640336e+01,1.377028e+01,2.083731e+01,7.182083e+01,4.623251e+00,1.823851e+01,1.500553e+01,8.646731e+00,5.210667e-01
6.176349e+01,1.867245e+00,3.909905e+01,1.717673e+00,2.109145e-01,2.012525e+00,1.036843e+01,2.815978e+01,2.781932e+01,5.536816e-16
7.820962e+01,3.137629e+00,4.413643e+01,4.081356e+00,2.882814e+01,6.757180e-03,1.390778e+01,2.428543e+00,3.207698e+01,8.796884e-04
2.459936e+01,2.190688e+01,2.097109e+01,5.861999e+00,2.441722e+01,1.327127e-02,2.428822e+01,1.924436e+01,4.303808e+01,2.845091e-01
7.126012e+01,5.895685e+01,2.172078e+01,4.784594e+01,2.594504e-02,3.560692e-01,2.594814e+01,1.864779e+01,5.159080e-02,7.717261e-20
1.278633e+02,7.120515e+01,1.380790e+01,2.378953e+00,1.653061e+01,1.458088e+00,2.538043e+01,4.075615e+00,9.326859e+00,1.231996e-01
3.999901e+01,1.157116e+01,9.700345e+01,6.979097e+01,2.248850e+01,2.313185e-05,4.273209e+00,2.662194e+01,1.024972e-02,1.002199e-01
3.958088e+01,5.436828e-04,6.671024e+01,5.461742e+00,1.348278e+01,9.727466e-03,9.679787e+00,9.134071e+00,3.843777e+01,1.001487e-01
1.868180e+01,1.255468e+01,4.392865e+01,3.739863e-07,6.788943e+00,1.488310e+01,2.913122e+01,1.166807e+01,1.887702e+01,1.033710e-01
8.585332e+01,6.867359e+01,1.274075e-05,1.300663e+01,1.286927e+01,2.833333e+00,2.553709e+01,8.964304e+00,1.762893e+01,5.976617e-02
4.125549e+01,2.179241e+00,5.076156e+01,3.064144e+00,3.919283e+01,4.848159e-01,2.231370e+01,1.188978e+01,4.491509e+01,1.261807e-01
1.838577e-02,1.736455e+00,1.111275e+01,1.256969e+01,1.023490e+01,9.738003e+01,7.529091e+00,2.519116e+01,1.818528e+00,7.513861e-02
3.475410e+01,2.897623e+01,5.925817e+01,1.465764e+01,5.226649e-06,6.467182e+00,2.114411e+01,1.063756e+01,2.788237e+00,8.880683e-02
3.403654e+01,8.540485e+01,5.651799e+00,1.139361e-02,5.536196e+01,1.107807e+01,2.682061e+01,1.159229e+01,1.620804e+01,1.730082e-02
