4.348876e-03,0.000000e+00,8.511114e-02,0.000000e+00,3.980592e-01,1.757335e-01,9.467248e-02,1.707225e-01,4.687653e-01,1.683110e-02
2.689768e-02,0.000000e+00,5.747448e-02,2.699738e-02,3.037268e-01,2.082076e-01,2.437680e-01,1.901289e-01,1.380396e-01,4.684509e-02
8.187092e-01,1.265115e-01,0.000000e+00,2.953230e-02,5.390508e-01,0.000000e+00,7.297795e-01,6.180296e-01,3.701585e-01,3.545668e-01
2.699677e-01,0.000000e+00,0.000000e+00,7.924303e-02,7.826955e-01,2.429868e-01,8.907131e-02,3.010008e-01,7.704728e-01,0.000000e+00
3.230016e-02,8.389537e-02,1.146020e-01,0.000000e+00,9.894608e-01,3.048435e-02,0.000000e+00,5.039234e-01,4.981345e-01,4.833557e-02
0.000000e+00,7.589766e-02,2.021616e-01,6.038067e-02,1.110329e+00,8.645495e-01,0.000000e+00,3.863265e-01,7.285673e-01,1.259266e-01
0.000000e+00,2.277103e-01,1.265876e-01,1.264285e-01,7.708967e-01,2.991411e-01,1.692009e-01,5.397704e-01,1.095390e+00,0.000000e+00
1.085152e-02,0.000000e+00,1.119360e-02,0.000000e+00,5.465811e-01,1.635845e-01,2.768118e-02,4.424716e-01,1.790217e-01,1.293185e-01
2.416994e-02,1.083548e-01,1.256007e-02,7.164464e-02,2.801053e-01,1.625919e-01,1.383012e-01,1.365128e-01,2.623099e-01,6.071968e-02
3.477636e+00,2.365534e+00,4.078125e-01,3.738596e-01,1.664240e+00,2.449341e+00,1.118601e+00,1.170881e+00,8.982092e-01,7.777741e-01
3.300632e-02,8.535922e-02,2.308416e-01,5.448550e-02,7.532830e-02,2.158281e-01,1.594378e-01,3.033919e-02,2.185351e-01,1.675634e-01
1.247674e-01,0.000000e+00,1.730571e-01,6.453966e-02,1.570216e-01,5.196716e-01,2.209253e-01,1.401341e-01,0.000000e+00,6.943786e-02
0.000000e+00,1.146128e-01,2.427642e-02,3.388395e-02,1.879001e-01,4.157195e-01,1.837299e-01,3.446612e-01,2.474680e-01,2.904752e-02
7.875231e-03,1.143904e+00,0.000000e+00,3.310773e-01,2.852040e+00,6.212034e-01,0.000000e+00,5.252906e+00,0.000000e+00,1.175787e-01
6.516550e-01,3.998374e-01,0.000000e+00,3.909597e-02,0.000000e+00,0.000000e+00,1.824963e-01,1.445387e+00,0.000000e+00,0.000000e+00
9.326743e-04,0.000000e+00,2.117202e-01,4.135442e-02,3.420336e-01,4.388469e-01,0.000000e+00,0.000000e+00,2.532617e-01,6.511985e-02
0.000000e+00,1.862002e-01,6.379704e-02,0.000000e+00,3.110074e-01,2.675969e-01,2.504766e-03,2.576192e-01,2.742074e-01,5.060027e-02
2.684674e-01,7.743340e-02,0.000000e+00,0.000000e+00,8.625483e-01,5.758095e-01,2.371074e-01,4.222149e-01,4.615020e-01,4.195931e-02
1.093073e-01,2.503143e-01,6.695206e-02,1.403950e-01,2.619119e-01,3.290397e-01,3.948072e-02,4.670215e-01,3.292126e-01,9.606251e-02
0.000000e+00,1.658593e-01,1.733343e-01,1.632181e-01,3.032688e-01,3.829772e-01,1.399506e-01,1.392631e-01,2.864494e-01,0.000000e+00
1.198322e-01,1.345163e-01,2.315730e-01,1.315845e-02,1.737829e-01,2.051337e-01,2.134391e-01,3.548693e-01,5.021006e-01,0.000000e+00
2.002924e-01,0.000000e+00,0.000000e+00,1.480596e-01,4.134770e-01,2.697060e-01,1.356731e-01,4.506527e-01,4.436902e-01,0.000000e+00
0.000000e+00,4.882528e-02,0.000000e+00,6.888644e-03,3.487343e-01,3.513557e-01,1.588095e-01,3.669135e-01,1.215314e+00,0.000000e+00
3.821582e-01,0.000000e+00,0.000000e+00,0.000000e+00,1.687800e+00,1.353329e-01,2.665274e-01,1.401083e+00,3.481125e-01,4.293948e-02
3.460275e+00,6.444871e-01,4.636092e-02,2.467698e-01,2.569079e+00,1.503741e+00,5.264517e-01,1.267125e+00,3.081275e-01,5.716951e-01
4.394707e-01,0.000000e+00,0.000000e+00,4.495053e-02,9.283995e-01,5.169830e-01,0.000000e+00,6.060018e-01,0.000000e+00,2.216962e-01
5.189954e-02,0.000000e+00,0.000000e+00,2.216169e-01,1.966051e-01,3.871774e-01,0.000000e+00,4.206352e-01,4.928308e-01,4.694706e-03
2.639385e-02,2.931095e-01,4.815513e-02,6.738480e-02,2.306882e-01,6.571115e-01,2.168495e-01,1.635922e-01,3.996471e-01,1.170033e-02
0.000000e+00,0.000000e+00,0.000000e+00,2.901677e-02,0.000000e+00,2.863443e-01,5.541996e+00,6.440964e-01,0.000000e+00,0.000000e+00
1.082158e-01,4.842751e-01,4.508892e-01,4.195588e-02,6.987720e-01,7.471367e-01,6.449564e-01,0.000000e+00,3.477630e-02,0.000000e+00
5.516569e-02,0.000000e+00,9.715705e-02,0.000000e+00,4.544996e-01,2.713609e-01,1.076477e-01,2.036131e-01,2.399172e-01,5.031105e-02
8.930139e-02,0.000000e+00,1.215838e-01,7.490967e-02,2.268879e-01,2.513704e-01,1.045093e-01,1.357395e-01,7.733142e-02,4.054673e-02
3.984108e-02,1.698285e-01,2.830858e-02,0.000000e+00,3.868608e-01,1.962904e-01,0.000000e+00,4.694153e-01,2.836028e-01,5.627577e-02
6.504051e-02,0.000000e+00,0.000000e+00,2.723127e-02,1.916547e-01,7.718445e-02,7.937300e-02,3.939816e-01,4.737790e-01,5.476552e-02
2.513342e+00,0.000000e+00,2.442812e-02,4.164304e-01,1.370051e+00,1.012526e+00,1.380727e+00,1.041848e+00,9.507125e-01,7.810635e-01
1.275934e-01,0.000000e+00,0.000000e+00,0.000000e+00,3.617939e-01,1.114013e-01,1.093733e-01,2.156081e-01,2.292878e-01,4.014250e-02
0.000000e+00,2.530779e-01,1.977038e-01,1.449388e-01,4.591610e-01,6.660345e-01,8.120614e-02,6.972341e-01,1.438720e+00,0.000000e+00
2.415219e-01,0.000000e+00,0.000000e+00,2.309886e-02,5.840864e-01,3.701516e-01,0.000000e+00,3.043366e-01,2.340780e-01,1.015431e-02
0.000000e+00,6.900242e-01,9.528483e-02,0.000000e+00,4.883829e-01,3.614273e-01,5.708664e-01,0.000000e+00,5.841436e-01,1.574507e-01
0.000000e+00,0.000000e+00,2.065424e-01,2.963341e-02,1.282205e+00,6.000868e-01,0.000000e+00,0.000000e+00,7.064183e-01,0.000000e+00
1.166897e-01,5.181282e-01,1.015899e-01,1.663393e-01,1.451219e-01,2.932800e-01,3.576561e-02,1.546877e-01,0.000000e+00,4.496371e-02
2.016885e-01,8.394771e-01,5.588386e-01,2.907943e-01,0.000000e+00,1.322193e+00,0.000000e+00,7.174441e-01,3.690575e-01,9.425866e-02
5.456354e-02,0.000000e+00,1.211191e-01,1.435482e-01,1.702116e-01,2.774116e-01,4.448081e-02,1.074788e-01,2.000566e-01,7.614214e-02
0.000000e+00,5.735774e-03,1.054861e-01,1.137762e-01,3.042313e-01,1.689054e-01,3.262224e-02,3.543772e-01,2.294274e-01,9.808424e-02
0.000000e+00,0.000000e+00,1.296052e-03,0.000000e+00,4.039100e-01,2.946311e-01,3.963743e-01,0.000000e+00,5.256479e-01,0.000000e+00
1.508680e-01,4.655585e-02,0.000000e+00,1.024084e-01,2.744247e-01,1.877924e-01,6.640268e-02,1.448308e-01,1.036157e-01,4.157199e-02
5.628383e-02,0.000000e+00,5.706042e-03,1.266416e-01,4.024349e-01,3.041933e-01,2.521449e-01,1.912832e-01,8.388371e-02,8.347288e-02
2.089464e-01,0.000000e+00,0.000000e+00,1.181142e-01,5.687525e-01,0.000000e+00,3.444714e-01,9.788411e-01,1.015651e-01,2.595795e-01
0.000000e+00,0.000000e+00,1.772995e-02,6.895063e-02,3.083020e-01,2.519341e-01,0.000000e+00,4.519806e-01,4.075475e-01,0.000000e+00
0.000000e+00,2.842528e-01,0.000000e+00,5.042180e-01,0.000000e+00,0.000000e+00,0.000000e+00,3.220926e+00,6.461735e-01,0.000000e+00
0.000000e+00,5.011301e-01,0.000000e+00,1.138114e-01,0.000000e+00,0.000000e+00,0.000000e+00,6.737294e+00,1.539450e+00,0.000000e+00
4.251691e-02,1.447610e-01,6.165580e-02,1.687910e-01,4.835131e-01,2.177946e-01,2.621659e-01,3.885517e-01,2.316878e-01,7.953374e-02
3.671121e+00,7.142861e+00,8.790698e-01,1.789377e+00,2.209134e+00,3.679193e+00,2.319672e+00,9.766652e-01,1.183404e+00,1.373950e+00
0.000000e+00,3.398406e-01,1.484504e-01,3.433728e-03,6.778293e-01,2.347425e-01,1.194084e-01,5.749028e-01,4.835946e-01,0.000000e+00
1.027840e-01,7.312005e-02,4.501156e-02,1.221867e-02,3.107120e-01,7.171154e-02,2.253029e-01,4.078336e-01,5.411138e-01,0.000000e+00
4.686477e-01,1.576148e-01,1.343523e-01,0.000000e+00,6.192372e-01,5.194835e-01,1.058765e-01,5.759819e-01,5.272413e-01,0.000000e+00
0.000000e+00,1.090164e-01,1.538955e-01,1.783172e-01,0.000000e+00,4.691478e-01,7.378972e-02,0.000000e+00,2.541659e-01,6.149798e-02
2.796949e-01,0.000000e+00,5.190216e-02,6.803114e-02,1.201668e+00,0.000000e+00,2.513982e-01,7.223309e-01,0.000000e+00,0.000000e+00
4.000986e-01,1.411537e-01,4.422853e-02,1.892437e-01,0.000000e+00,4.464329e-01,1.531854e-02,2.636971e-01,8.575247e-01,0.000000e+00
2.007765e-01,6.216109e-02,5.659939e-03,0.000000e+00,4.476680e-01,2.228019e-01,2.570112e-01,3.352000e-01,1.077444e-01,3.863833e-02
1.393416e-01,1.010538e-01,0.000000e+00,1.426035e-01,2.362571e-01,4.120035e-01,3.517035e-01,1.984353e-01,3.007017e-01,0.000000e+00
0.000000e+00,0.000000e+00,0.000000e+00,9.048163e-01,4.434246e+00,1.857377e+00,1.312321e+00,0.000000e+00,1.895113e+00,3.971065e-01
0.000000e+00,0.000000e+00,0.000000e+00,3.455467e-01,0.000000e+00,2.305836e+00,0.000000e+00,9.165917e-01,8.346053e-01,0.000000e+00
0.000000e+00,3.818132e-01,2.413276e-01,2.904800e-01,7.636172e-01,2.578589e+00,1.150163e-01,7.798883e-01,4.125738e-01,0.000000e+00
4.663282e-01,0.000000e+00,0.000000e+00,0.000000e+00,7.522965e-01,0.000000e+00,1.204264e-01,0.000000e+00,0.000000e+00,0.000000e+00
9.568103e-02,1.492946e-02,0.000000e+00,1.673295e-01,4.385672e-01,5.127895e-01,1.545443e-02,2.997530e-01,8.230820e-01,6.607475e-02
4.093425e-02,2.031794e-01,1.854931e-01,1.656986e-05,9.072306e-02,6.058691e-01,1.283052e-01,1.238657e-01,0.000000e+00,0.000000e+00
1.007356e-01,1.507078e-01,3.416297e-01,3.298330e-01,3.574217e-01,8.288337e-01,0.000000e+00,5.860578e-02,4.929251e-01,1.049006e-01
9.437880e-02,3.021979e-02,2.031178e-01,0.000000e+00,3.814309e-01,2.626181e-01,2.784338e-02,2.134778e-01,1.166668e-01,0.000000e+00
2.105361e-01,2.001049e-01,7.850557e-02,1.309531e-01,3.083081e-01,4.345257e-01,9.733383e-02,0.000000e+00,5.127861e-01,0.000000e+00
1.354773e-01,2.416392e-01,7.653403e-02,0.000000e+00,3.762476e-01,1.861201e-01,2.385667e-01,1.816519e-01,3.082145e-01,0.000000e+00
5.714678e-02,3.480769e-02,7.180238e-02,1.018252e-01,7.919461e-01,4.059758e-01,1.739683e-01,5.246915e-01,4.051636e-01,1.207399e-01
2.993725e+00,2.019727e+00,4.227918e-02,6.443741e-01,1.804067e+00,1.551892e+00,9.406517e-01,1.265879e+00,7.634147e-01,5.174093e-01
2.391249e-01,3.829074e-01,3.283615e-01,1.622532e-01,1.114851e+00,9.625524e-01,5.399577e-01,0.000000e+00,1.181833e-02,5.669388e-02
5.448975e-02,1.656905e-02,0.000000e+00,1.016564e-01,4.911523e-01,2.413552e-01,0.000000e+00,4.038450e-01,1.323957e-01,2.218109e-02
1.170473e-01,3.850331e-02,1.663365e-02,2.593396e-02,2.971802e-01,1.450957e-01,1.101073e-01,2.383979e-01,9.087887e-02,3.765951e-02
3.345308e-01,3.723521e-01,0.000000e+00,3.062889e-01,7.695513e-01,5.517714e-01,3.828083e-01,5.904438e-01,6.570034e-01,2.185650e-01
0.000000e+00,5.210319e-02,1.943226e-01,0.000000e+00,1.946999e-01,3.318502e-01,1.491186e-01,6.499407e-02,7.913564e-02,8.849487e-02
1.249666e-01,0.000000e+00,1.805406e-01,1.232452e-01,4.017545e-01,0.000000e+00,5.440197e-01,2.485919e-01,3.018260e-01,2.542033e-02
1.835471e-01,0.000000e+00,4.102522e-02,1.566367e-01,1.768012e-01,1.747550e-01,7.959518e-02,2.010744e-01,4.109873e-01,4.798325e-02
1.968871e-01,2.213110e-01,1.677648e-01,9.433569e-02,0.000000e+00,0.000000e+00,5.642261e-01,0.000000e+00,0.000000e+00,5.410146e-02
1.215881e-01,0.000000e+00,1.551259e-01,0.000000e+00,6.388432e-01,4.972530e-01,1.061976e-01,6.134906e-01,1.489269e-01,4.393140e-02
2.115574e+00,4.964738e+00,4.249447e-01,8.460827e-01,1.716059e+00,2.132861e+00,1.194500e+00,4.040316e-01,5.420704e-01,2.233729e+00
1.294165e-02,1.549843e-01,1.307421e-01,3.508347e-01,4.204168e-01,9.910339e-01,4.262033e-02,0.000000e+00,3.054292e-01,0.000000e+00
1.045338e-01,1.658984e-01,7.159565e-02,5.089582e-02,4.064597e-01,2.445406e-01,1.439989e-01,1.646631e-01,4.564842e-01,3.129776e-02
7.238573e-01,2.600488e+00,1.421197e+00,7.588367e-01,5.092816e+00,3.842428e+00,1.742626e+00,3.419051e+00,1.733760e+00,5.691250e-01
1.390649e-01,3.415026e-01,8.030153e-02,1.069752e-01,6.562217e-01,4.637820e-01,1.085745e-01,6.211042e-01,3.825444e-01,0.000000e+00
6.880979e-01,1.037063e+01,2.209508e+00,3.046870e+00,4.399431e+00,5.264205e+00,3.067333e+00,0.000000e+00,1.707428e+00,4.692038e-02
2.342059e-01,1.718139e-01,4.777384e-02,2.316237e-01,7.125889e-01,5.249554e-01,2.239709e-01,4.514339e-01,2.083146e-01,0.000000e+00
0.000000e+00,1.274422e-01,1.952347e-01,7.745596e-02,3.492469e-01,4.338851e-01,4.478478e-03,1.547820e-02,2.892615e-01,0.000000e+00
3.332978e+00,3.415598e+00,1.887788e-01,7.906691e-01,1.854398e+00,2.602194e+00,8.388667e-01,3.263874e-01,3.705898e-01,1.351153e+00
9.916735e-03,0.000000e+00,0.000000e+00,0.000000e+00,4.408410e-01,1.334206e-01,6.396368e-02,2.741450e-01,9.976958e-01,5.102130e-02
0.000000e+00,0.000000e+00,9.190793e-02,6.362731e-03,1.128876e+00,4.931159e-01,0.000000e+00,8.111860e-01,9.534706e-01,0.000000e+00
2.329550e-01,0.000000e+00,0.000000e+00,6.381251e-02,5.253769e-01,2.570659e-01,2.928525e-01,1.037921e-01,8.467672e-01,1.839579e-01
7.753220e-02,1.041668e-01,1.297993e-01,5.400811e-02,3.218239e-01,2.430405e-01,5.698816e-02,1.464597e-01,5.129289e-02,1.025522e-01
5.808288e-01,0.000000e+00,7.728038e-02,0.000000e+00,9.149543e-01,1.792888e-01,1.913973e-01,6.241999e-01,0.000000e+00,1.010957e-01
9.176037e-02,1.644761e-01,9.665180e-02,1.623912e-02,6.117428e-01,2.730927e-01,0.000000e+00,2.958720e-01,2.769031e-01,0.000000e+00
1.238733e-02,0.000000e+00,7.845499e-02,1.200602e-01,4.446972e-01,1.687249e-01,0.000000e+00,3.576845e-01,5.177825e-01,4.215673e-02
3.454775e-02,1.765439e-01,6.958501e-02,5.523834e-02,2.540638e-01,3.103222e-01,2.756893e-01,8.449932e-02,7.477631e-02,5.172508e-02
1.600119e-01,0.000000e+00,0.000000e+00,0.000000e+00,2.142506e-01,2.434320e-01,5.865582e-02,2.808927e-01,1.769044e-01,0.000000e+00
1.757420e+00,9.113458e-03,0.000000e+00,2.454434e-01,7.211863e-01,3.450109e-01,0.000000e+00,4.055891e-01,5.126095e-01,4.720899e-01
3.469074e+00,2.941952e+00,6.052521e-01,5.561759e-01,2.506072e+00,1.922597e+00,0.000000e+00,1.514838e+00,2.269634e-02,8.394326e-02
0.000000e+00,3.504836e-01,0.000000e+00,0.000000e+00,9.427800e-01,1.323507e+00,4.629129e-01,1.142291e+00,3.083456e+00,0.000000e+00
8.501739e-01,3.526924e+00,4.357164e-01,0.000000e+00,3.592156e+00,1.448988e+00,1.650313e+00,3.170124e+00,5.568977e-02,0.000000e+00
2.113190e-03,1.907910e-01,2.678008e-01,2.058913e-01,2.239489e-01,5.035450e-01,6.140554e-01,0.000000e+00,9.341759e-02,0.000000e+00
2.316989e-01,4.298925e-02,0.000000e+00,1.323298e-01,6.005133e-01,3.484341e-01,1.532772e-01,2.720880e-01,4.728009e-01,1.339350e-02
0.000000e+00,0.000000e+00,3.593498e-02,8.777930e-02,5.090212e-01,6.065630e-02,0.000000e+00,2.931212e-01,6.222978e-01,5.029817e-02
2.859519e-02,0.000000e+00,0.000000e+00,1.056566e-01,4.069180e-01,5.637624e-01,9.153109e-02,4.079555e-01,3.389686e-01,7.166685e-02
3.503272e+00,3.310055e+00,3.215088e-01,9.663366e-01,2.205455e+00,2.089899e+00,1.305313e+00,1.035260e+00,6.864550e-01,1.115710e+00
2.898103e+00,1.634508e+00,0.000000e+00,3.330130e-01,2.377045e+00,2.338353e+00,5.463915e-01,1.440332e+00,1.213868e-01,1.390533e+00
3.125075e-01,0.000000e+00,0.000000e+00,0.000000e+00,1.119721e+00,1.397115e-02,3.243457e-01,0.000000e+00,0.000000e+00,2.534539e-02
2.629258e+00,3.136382e-01,0.000000e+00,1.219687e-01,3.198890e+00,1.225597e-01,0.000000e+00,1.491347e+00,0.000000e+00,3.441379e-01
2.765271e+00,1.218496e+00,0.000000e+00,7.106199e-01,0.000000e+00,2.263147e+00,1.458638e+00,1.560165e+00,3.350438e-01,7.087724e-01
3.921351e-01,5.728693e-01,2.204525e-01,2.447628e-01,1.761358e+00,6.954547e-01,7.507095e-01,1.555841e+00,7.748750e-01,3.426884e-02
4.937417e-02,9.628609e-02,3.622351e-02,4.987185e-02,8.038263e-01,3.199078e-01,1.176539e-01,5.488638e-01,3.111945e-01,8.915124e-02
3.114141e+00,1.210875e+00,0.000000e+00,2.780693e-01,2.377714e+00,2.089106e+00,7.482930e-01,9.877651e-01,4.026147e-01,4.633415e-01
1.359019e-01,5.311917e-02,0.000000e+00,0.000000e+00,3.696971e-01,1.881718e-01,9.228270e-02,5.304447e-01,1.494020e-01,1.503053e-01
6.469053e-02,6.475997e-02,5.333315e-02,8.416617e-02,3.016349e-02,1.808921e-01,2.230663e-01,2.743974e-01,1.091531e-01,7.676881e-02
6.993549e-02,1.897721e-01,7.495181e-02,7.392534e-02,2.924065e-01,4.815839e-01,0.000000e+00,2.282516e-01,3.404938e-01,9.905275e-02
2.233998e+00,8.332431e-01,4.881512e-02,1.623365e-01,6.197436e-01,1.204646e+00,4.207240e-01,5.368330e-01,1.019731e+00,6.331341e-01
1.134950e-01,0.000000e+00,3.474873e-02,1.419161e-01,5.717726e-01,3.654905e-01,0.000000e+00,4.063617e-01,0.000000e+00,8.709654e-03
0.000000e+00,2.280971e-01,2.907682e-02,0.000000e+00,3.396379e-01,3.910735e-01,1.251090e-01,5.413262e-02,3.610923e-01,0.000000e+00
2.373794e-01,2.617470e-01,1.161513e-01,1.173938e-01,1.084733e-01,4.545272e-01,2.069957e-01,1.745639e-01,5.019803e-01,2.063388e-01
1.267496e-01,0.000000e+00,0.000000e+00,0.000000e+00,4.032817e-01,2.897964e-01,5.486315e-01,5.970550e-02,1.927034e-01,0.000000e+00
2.603577e-01,1.848175e-02,2.615687e-02,0.000000e+00,2.718772e-01,2.315272e-01,1.722416e-01,2.942760e-01,2.374855e-01,0.000000e+00
7.773334e-02,4.645844e-02,2.227222e-01,1.312363e-01,3.644441e-01,0.000000e+00,7.410794e-01,1.200650e-01,0.000000e+00,7.901425e-03
5.468565e-02,1.149218e-01,1.473498e-01,4.664213e-02,1.238370e-01,1.046291e-01,1.803730e-01,2.451335e-01,2.945599e-01,8.235693e-02
6.938741e-02,9.345612e-03,4.867468e-02,1.871293e-02,3.450281e-01,2.797096e-01,1.314122e-01,2.226970e-01,2.090892e-01,0.000000e+00
1.985111e-01,1.635958e-01,1.686579e-01,8.231947e-02,3.539164e-01,0.000000e+00,5.456939e-01,3.339471e-01,5.553791e-02,0.000000e+00
2.721584e-01,3.383252e-01,1.395705e-01,5.826931e-02,1.483830e-01,4.122113e-01,3.740361e-01,1.720819e-01,0.000000e+00,2.236473e-01
2.811835e+00,1.655684e+00,2.270145e-01,7.809436e-01,7.355276e-01,1.971931e+00,1.048906e+00,7.122882e-01,7.123360e-01,1.550021e+00
1.971688e-01,3.855754e-02,2.014766e-01,1.257715e-02,6.654984e-01,3.932680e-01,1.963345e-01,5.653310e-01,3.812046e-01,1.334063e-02
0.000000e+00,0.000000e+00,3.392802e-01,5.717737e-02,7.092636e-01,2.305690e+00,0.000000e+00,9.659363e-02,7.566718e-01,0.000000e+00
2.457812e-01,5.391005e-01,2.570493e-02,4.843367e-01,0.000000e+00,3.599053e-01,3.628601e-01,3.471175e-01,0.000000e+00,0.000000e+00
0.000000e+00,0.000000e+00,0.000000e+00,1.097331e-01,0.000000e+00,4.415542e+00,0.000000e+00,2.565119e+00,0.000000e+00,0.000000e+00
2.775518e+00,3.149356e+00,1.939842e-01,5.496665e-01,1.862745e+00,1.088536e+00,0.000000e+00,1.112451e+00,0.000000e+00,8.978477e-01
0.000000e+00,1.914582e+00,0.000000e+00,6.508628e-01,2.571141e+00,3.287094e-01,4.709545e-01,4.542906e-01,1.338894e+00,0.000000e+00
0.000000e+00,0.000000e+00,0.000000e+00,0.000000e+00,8.394613e-01,1.115020e+00,0.000000e+00,2.383202e-01,3.935674e-01,0.000000e+00
2.481614e-01,1.162846e-01,1.353326e-02,0.000000e+00,1.630643e-01,4.231323e-01,3.212458e-01,0.000000e+00,2.357567e-01,0.000000e+00
2.131645e-01,6.389401e-01,3.063851e-01,0.000000e+00,4.681455e-01,1.481759e-01,2.045922e-01,6.201846e-01,2.633221e-01,1.922456e-02
3.171384e-01,0.000000e+00,7.061440e-02,0.000000e+00,7.371842e-01,2.203688e+00,0.000000e+00,0.000000e+00,2.688452e+00,1.730697e-01
5.623694e-02,0.000000e+00,2.135667e-02,0.000000e+00,8.470609e-01,3.245033e-01,2.665881e-02,4.362270e-01,5.085693e-02,3.006259e-02
2.763808e-01,4.465366e-02,7.771592e-02,2.137329e-01,4.326842e-01,3.903719e-01,6.130189e-02,2.937298e-01,4.110575e-01,2.369580e-02
0.000000e+00,3.330827e+00,0.000000e+00,6.933355e-02,0.000000e+00,0.000000e+00,0.000000e+00,0.000000e+00,0.000000e+00,6.682865e+00
2.104962e-01,0.000000e+00,5.733437e-02,2.722293e-02,5.658041e-01,3.550253e-01,1.157610e-01,2.292461e-01,3.097898e-01,1.508809e-02
2.921329e+00,3.087512e+00,9.690199e-02,5.522114e-01,1.861029e+00,2.111941e+00,7.913482e-01,7.278527e-01,4.245784e-01,1.531528e+00
1.000784e-02,4.423712e-02,8.928468e-02,0.000000e+00,4.885073e-01,1.354836e-01,6.346420e-02,3.464307e-01,2.934376e-01,0.000000e+00
0.000000e+00,0.000000e+00,2.383624e-02,1.877116e-01,4.438417e-01,5.656404e-01,0.000000e+00,2.455034e-01,3.664580e-01,3.226354e-01
3.492121e+00,1.487811e+00,1.601438e-01,4.559540e-01,1.939588e+00,1.980475e+00,7.604217e-02,6.330483e-01,1.240752e+00,5.847659e-01
0.000000e+00,1.783565e+00,6.586859e-02,7.563003e-01,1.784598e+00,2.450629e+00,0.000000e+00,6.005147e-01,3.975445e+00,0.000000e+00
1.084713e+00,0.000000e+00,0.000000e+00,4.065559e-02,1.275969e+00,8.193810e-02,5.641768e-01,8.229232e-01,2.996712e-01,3.835618e-01
2.803463e-01,4.120624e-02,0.000000e+00,1.196261e-01,3.082908e-01,1.774655e-01,0.000000e+00,3.241332e-01,2.165472e-01,5.487988e-02
3.472551e+00,2.914395e+00,2.457888e-01,8.805597e-01,1.946691e+00,1.281993e+00,9.414378e-01,8.334135e-01,9.081539e-01,6.728478e-01
7.974352e-01,2.168316e-01,0.000000e+00,0.000000e+00,9.601565e-01,7.444968e-01,3.446266e-01,6.936067e-01,0.000000e+00,4.308370e-01
5.171554e-02,1.862723e-01,0.000000e+00,2.159421e-01,3.288137e-01,5.085409e-01,3.827852e-02,2.632497e-01,2.919330e-01,1.317664e-01
5.756937e-01,0.000000e+00,1.019753e-01,1.785909e-01,1.193746e+00,2.152175e-02,3.549932e-01,3.913615e-01,0.000000e+00,1.925301e-01
4.820445e-02,7.449011e-02,5.750688e-02,2.823039e-02,2.650851e-01,5.438158e-01,2.190287e-01,2.716213e-01,0.000000e+00,2.181034e-02
1.810340e-01,1.527104e-01,1.019914e-02,1.127949e-01,7.183025e-01,3.900432e-02,1.699790e-01,3.401279e-01,3.414624e-01,7.425877e-02
7.818499e-02,9.249968e-02,0.000000e+00,1.177934e-01,6.844058e-01,2.741506e-01,1.449212e-01,6.867766e-01,2.602211e-01,3.575025e-01
3.272398e-02,5.967372e-02,1.917776e-01,0.000000e+00,2.785059e-01,2.723703e-01,1.950259e-01,2.252889e-01,5.490477e-02,1.988434e-02
7.971879e-02,2.946036e-01,3.209148e-02,1.579890e-01,0.000000e+00,1.096262e-01,6.660020e-01,2.944870e-01,1.960206e-01,5.044581e-02
8.477742e-02,1.381187e-01,4.113444e-02,7.524341e-02,3.755357e-01,2.333553e-01,0.000000e+00,2.805438e-01,0.000000e+00,6.277111e-02
1.309192e-01,7.565514e-02,1.688830e-01,0.000000e+00,3.320394e-01,2.054998e-01,1.263656e-01,1.365563e-01,1.914943e-01,5.834320e-02
6.061417e-02,2.750978e-01,7.786705e-02,1.540548e-01,3.539588e-01,2.262195e-01,5.167935e-02,4.694391e-02,1.195656e-01,0.000000e+00
1.176783e-01,7.087234e-02,0.000000e+00,0.000000e+00,5.008822e-01,3.293746e-01,8.986936e-02,2.504908e-01,7.806653e-02,0.000000e+00
5.747480e-01,4.524800e-01,2.636527e-02,2.246043e-01,8.117140e-01,5.311851e-02,1.633711e-01,5.445696e-02,4.055553e-02,1.264959e-01
3.343347e+00,4.488388e+00,2.658222e-01,8.460919e-01,9.014059e-01,1.965129e+00,2.054462e+00,1.616305e+00,1.212168e+00,1.170251e+00
5.309712e-04,1.195662e-01,6.810362e-02,0.000000e+00,7.421453e-01,1.632734e-01,8.289004e-02,2.562104e-01,2.499080e-01,2.166641e-02
6.687789e-01,0.000000e+00,0.000000e+00,0.000000e+00,1.219638e+00,1.301027e-02,0.000000e+00,7.204043e-01,0.000000e+00,3.733960e-01
0.000000e+00,0.000000e+00,0.000000e+00,0.000000e+00,2.266304e-02,0.000000e+00,7.265882e+00,1.628472e-01,0.000000e+00,0.000000e+00
6.094345e-02,1.117956e-01,7.322103e-02,1.653070e-01,4.661088e-01,5.011871e-01,5.018757e-02,5.594147e-01,4.412181e-01,1.488909e-01
2.419693e-01,2.773507e-02,6.369243e-02,0.000000e+00,2.161275e-01,3.986865e-01,0.000000e+00,2.953299e-01,3.364554e-02,1.643124e-01
5.833455e-02,5.291927e-02,9.107872e-02,1.019842e-01,7.207026e-01,7.035203e-02,0.000000e+00,9.504769e-02,7.934503e-01,3.770635e-02
6.299518e-02,5.265302e-02,3.568056e-02,1.107544e-01,2.690681e-01,2.562958e-01,3.349064e-02,1.320710e-01,2.992601e-01,5.562090e-02
0.000000e+00,8.947519e-02,1.088810e-01,4.744299e-02,2.077027e-01,1.655646e-01,0.000000e+00,3.260628e-01,3.218058e-01,7.965654e-02
1.942085e+00,0.000000e+00,0.000000e+00,3.320666e-01,9.678970e-01,1.734629e+00,8.151739e-01,3.751463e-01,4.724738e-01,1.378081e+00
1.113759e-01,0.000000e+00,1.496227e-03,6.864258e-02,5.139918e-01,2.979900e-01,0.000000e+00,9.358753e-02,1.190568e-01,0.000000e+00
1.169160e-01,0.000000e+00,6.127905e-02,6.048648e-02,2.916328e-01,1.696968e-01,1.236384e-01,4.087800e-01,1.652727e-01,0.000000e+00
2.924856e-01,0.000000e+00,1.989095e-01,0.000000e+00,4.105037e-01,3.116241e-01,4.742642e-01,6.031639e-01,0.000000e+00,0.000000e+00
1.830428e-01,1.108426e-01,8.705156e-02,1.535589e-01,2.929438e-01,3.191743e-01,1.425836e-01,1.826192e-01,4.895202e-03,0.000000e+00
0.000000e+00,1.789421e-01,1.533508e-01,5.132131e-02,3.303488e-01,2.165146e-01,1.816871e-01,8.692991e-02,1.466152e-01,0.000000e+00
3.633381e-01,4.989063e+00,1.947556e+00,9.921871e-01,2.652033e+00,4.566960e+00,1.841623e+00,6.515052e-01,1.422773e+00,2.237392e-01
1.853675e-01,1.691200e+00,7.916556e-01,4.555645e-02,0.000000e+00,2.696514e+00,1.466788e+00,4.210466e-01,1.268852e+00,0.000000e+00
0.000000e+00,0.000000e+00,0.000000e+00,2.162095e-02,6.636772e-01,5.269231e-01,6.318597e-02,2.351992e-01,6.863558e-01,5.373431e-02
7.021814e-02,5.157360e+00,1.374454e+00,1.137071e+00,2.427822e+00,4.106208e+00,1.751672e+00,1.218549e+00,9.738219e-01,0.000000e+00
2.622324e-01,5.844761e+00,1.965488e+00,1.185280e+00,2.915138e+00,4.475505e+00,2.463340e+00,1.210360e+00,1.304047e+00,2.596344e-01
0.000000e+00,1.671718e-01,4.007410e-02,2.913934e-01,4.890522e-01,0.000000e+00,6.316911e-02,6.120835e-01,7.664327e-01,0.000000e+00
3.009402e-02,0.000000e+00,0.000000e+00,3.613299e-02,4.577453e-01,2.207204e-01,1.517856e-01,2.997653e-01,1.368958e-01,9.405230e-02
3.255755e-01,1.785546e-01,0.000000e+00,9.392492e-03,1.196296e+00,5.824702e-01,2.702946e-01,5.766834e-01,2.865231e+00,9.150759e-02
3.890881e-01,0.000000e+00,0.000000e+00,0.000000e+00,3.624169e-01,1.677177e-02,1.023185e-01,3.680291e-02,4.184179e-02,5.959789e-02
5.980832e-02,9.581477e-04,8.812797e-02,1.281912e-01,3.954728e-01,3.848635e-01,4.319331e-01,5.811089e-01,6.693427e-01,7.995414e-02
1.480643e-01,3.040566e-02,6.894460e-02,0.000000e+00,4.396704e-01,3.501376e-01,0.000000e+00,1.838915e-01,4.895465e-01,0.000000e+00
9.285739e-02,1.737844e-01,2.862605e-02,3.203871e-02,1.005540e+00,6.706912e-01,1.366658e-02,4.218465e-01,4.375014e-01,0.000000e+00
3.895288e+00,3.489310e+00,3.426449e-01,9.761528e-01,3.170668e+00,1.968643e+00,9.887817e-01,8.673973e-01,6.301376e-01,1.308517e+00
2.340165e-01,2.935899e-02,0.000000e+00,8.384603e-02,6.541039e-01,2.614090e-01,2.692718e-01,1.600136e-01,4.648853e-01,6.099731e-02
1.901613e+00,4.965849e-01,0.000000e+00,1.556249e-01,1.045590e+00,8.574892e-01,5.918194e-01,9.265359e-01,4.195402e-01,1.972417e-02
2.560506e+00,1.936897e+00,0.000000e+00,5.128916e-01,3.384768e+00,1.838075e-01,2.483959e-01,7.663389e-02,0.000000e+00,8.575750e-01
2.212925e-01,0.000000e+00,1.148949e-02,1.319428e-01,4.289532e-01,5.424991e-01,0.000000e+00,4.251348e-01,3.195961e-01,8.491540e-02
0.000000e+00,0.000000e+00,1.908898e-01,0.000000e+00,5.889249e-01,2.037947e-01,1.895638e-01,3.721450e-01,1.128497e+00,0.000000e+00
1.744061e-01,1.348501e-01,1.520002e-01,0.000000e+00,7.794741e-01,0.000000e+00,1.228843e-02,4.122361e-01,0.000000e+00,0.000000e+00
2.795012e+00,6.000179e-01,2.938557e-01,8.727562e-01,9.405862e-01,9.771620e-01,1.570336e+00,6.467056e-01,8.056334e-01,5.147185e-01
1.750647e-01,1.376774e-01,4.417851e-02,1.640681e-01,7.011034e-01,2.933102e-01,0.000000e+00,2.212417e-01,3.933053e-01,2.841173e-01
6.974309e-02,0.000000e+00,1.062668e-01,0.000000e+00,6.121946e-01,3.099575e-01,1.477263e-01,2.382619e-01,1.931324e-01,2.482114e-02
2.893756e-01,3.292797e-01,1.797068e-01,0.000000e+00,0.000000e+00,8.625390e-01,1.069653e+00,1.420687e-01,0.000000e+00,0.000000e+00
1.352621e-01,1.153214e-01,2.216540e-01,0.000000e+00,1.942735e-01,4.901909e-01,1.384530e-01,1.462986e-02,0.000000e+00,0.000000e+00
1.337707e-01,9.542902e-02,0.000000e+00,0.000000e+00,3.152381e-01,2.123890e-01,0.000000e+00,3.815688e-01,1.339911e-02,4.645964e-02
2.584269e-02,0.000000e+00,3.294601e-03,0.000000e+00,2.902289e-01,4.093132e-01,0.000000e+00,2.597710e-01,5.155066e-01,5.349369e-02
1.740521e-01,7.951209e-02,6.760863e-03,0.000000e+00,1.453891e-01,3.518469e-01,2.114971e-01,1.713806e-01,1.913765e-01,3.942616e-02
1.172268e-01,1.645409e-01,1.042207e-01,1.628709e-01,1.722079e-01,3.595851e-01,2.116310e-01,7.050035e-02,1.186243e-01,1.123382e-01
3.907382e+00,4.033121e+00,4.612231e-02,1.137005e+00,2.461034e+00,1.512003e+00,2.612426e-01,1.228456e+00,3.838802e-01,9.654072e-01
2.846444e-01,5.755147e-02,9.151241e-02,6.932935e-02,5.957895e-01,2.432223e-01,4.216939e-01,5.517577e-01,1.270081e-02,3.439843e-02
1.940196e-01,0.000000e+00,1.516116e-01,5.726850e-02,7.053349e-01,2.438871e-01,0.000000e+00,2.436067e-01,3.495524e-01,0.000000e+00
0.000000e+00,0.000000e+00,1.883266e-01,8.327851e-02,2.130931e-01,4.353897e-01,2.681885e-01,2.876798e-02,1.683730e-01,5.295188e-03
0.000000e+00,3.042335e+00,1.010862e+00,1.991053e-01,3.110038e+00,0.000000e+00,5.239066e-01,2.407253e+00,1.259780e+01,9.682981e-02
1.476362e-01,4.108743e-02,8.608813e-02,0.000000e+00,4.039348e-01,4.528009e-01,8.175599e-02,2.580277e-01,1.523269e-01,0.000000e+00
9.758061e-02,1.694713e-01,1.427481e-02,0.000000e+00,1.000693e+00,3.501060e-01,1.495747e-01,8.947283e-01,3.740117e-01,1.985308e-01
1.187189e+00,5.874439e-01,6.406153e-02,1.910928e-01,0.000000e+00,4.625816e-01,7.811375e-01,7.939340e-01,8.717248e-01,9.583439e-02
2.356191e-02,1.127451e-01,0.000000e+00,0.000000e+00,6.352803e-01,3.768165e-01,3.200326e-01,2.683890e-01,0.000000e+00,0.000000e+00
1.793327e-02,0.000000e+00,3.006093e-01,0.000000e+00,8.180669e-01,5.683797e-01,2.163157e-01,1.058219e+00,8.241652e-01,2.225638e-01
0.000000e+00,1.951987e-01,1.584527e-01,0.000000e+00,8.105747e-01,4.103041e-01,3.918558e-01,7.924017e-01,6.280340e-01,2.908609e-01
6.299795e-02,1.994726e-01,0.000000e+00,0.000000e+00,4.279011e-01,1.264037e-01,8.842210e-03,1.999755e-01,1.179074e-01,6.451320e-02
1.512477e-01,3.038038e-01,1.364670e-01,3.244931e-02,5.079862e-01,0.000000e+00,3.881164e-01,0.000000e+00,4.400000e-01,1.014771e-01
3.871845e-01,0.000000e+00,4.185677e-02,0.000000e+00,1.617074e+00,6.147726e-01,5.157395e-01,1.293101e+00,6.252907e-01,2.209868e-02
1.363186e-01,0.000000e+00,5.568743e-02,8.499418e-02,3.455110e-01,2.010727e-01,1.675175e-01,2.558876e-01,0.000000e+00,1.700993e-02
2.534983e-01,0.000000e+00,0.000000e+00,2.996661e-01,1.543813e+00,4.257718e-01,0.000000e+00,9.684989e-01,9.534507e-01,2.324753e-01
5.850294e-02,1.237683e-01,0.000000e+00,3.396920e-02,1.288893e+00,0.000000e+00,8.889087e-02,6.411538e-01,1.379376e+00,0.000000e+00
2.688821e-02,0.000000e+00,0.000000e+00,0.000000e+00,3.326075e-01,3.572104e-01,1.099005e-01,2.365648e-01,1.639287e-01,1.107511e-01
5.656012e-02,0.000000e+00,0.000000e+00,0.000000e+00,1.337533e+00,2.805866e-01,0.000000e+00,5.498014e-01,2.964787e-01,1.225613e-01
1.743096e-01,2.094745e-01,1.545396e-01,3.011173e-01,4.849283e-01,2.344496e-01,3.088016e-02,2.479645e-01,4.086990e-01,7.617087e-02
0.000000e+00,2.152659e-02,4.239183e-02,0.000000e+00,2.829144e-01,3.328898e-01,1.130828e-01,1.331108e-01,2.450016e-01,5.118068e-02
9.443359e-02,2.253399e-02,4.546777e-02,1.340025e-01,2.996358e-01,3.174768e-01,3.195099e-02,1.167408e-01,1.957306e-01,0.000000e+00
1.781224e-01,8.718717e-02,3.177915e-02,1.580822e-01,4.090746e-01,1.430331e-01,1.631399e-01,1.960521e-01,2.732283e-01,4.704929e-03
2.721650e-02,8.554058e-02,5.796815e-02,0.000000e+00,2.322515e-01,1.783317e-01,1.511420e-01,1.303792e-01,1.979742e-01,9.043816e-02
9.856962e-02,2.138368e-01,2.471055e-01,0.000000e+00,6.137099e-02,1.836903e-01,1.043426e-01,1.113128e-01,0.000000e+00,0.000000e+00
1.079987e-01,0.000000e+00,5.322358e-02,4.897038e-02,3.679272e-01,1.518617e-01,6.716161e-03,2.173675e-01,2.323525e-01,0.000000e+00
1.081814e-01,6.785841e-02,3.421965e-02,3.976813e-02,5.189648e-01,4.058841e-01,3.278612e-01,3.899894e-01,1.079514e-01,0.000000e+00
0.000000e+00,9.015234e-03,1.532935e-01,6.771019e-02,1.444144e+00,3.692690e-01,2.653712e-01,6.856172e-01,5.618793e-01,9.587195e-02
1.096114e-01,0.000000e+00,1.071982e-02,0.000000e+00,3.546010e-01,1.321074e-01,0.000000e+00,1.677993e-01,2.198675e-01,1.542822e-01
2.618130e-02,3.891044e-02,1.067860e-01,7.129908e-02,4.704726e-01,1.276841e-01,1.868723e-02,2.119214e-01,2.437681e-01,4.690457e-02
1.193628e-01,2.013381e-01,3.400982e-01,2.074954e-01,0.000000e+00,1.402252e+00,0.000000e+00,1.795509e-01,8.182936e-01,0.000000e+00
8.313166e-02,1.139545e-01,0.000000e+00,1.430043e-01,1.361044e-01,5.433412e-01,0.000000e+00,3.537749e-03,2.299213e-01,5.720703e-02
8.884784e-01,7.241226e-02,0.000000e+00,2.644750e-01,7.849695e-01,4.687343e-01,1.865240e-02,4.015821e-01,3.621674e-01,1.812932e-01
0.000000e+00,3.797210e-01,2.497421e-02,2.761585e-01,5.053406e-01,3.466593e-01,1.836019e-01,1.280236e+00,1.825714e+00,0.000000e+00
1.588838e+00,6.112221e+00,1.624296e+00,1.436895e+00,3.502225e+00,4.699618e+00,3.219244e+00,1.969595e+00,3.795041e+00,9.236055e-01
3.820282e-02,7.479488e-03,1.299508e-01,9.274956e-02,0.000000e+00,4.774216e-01,7.442910e-01,1.242405e-01,6.227087e-02,0.000000e+00
2.498930e-01,0.000000e+00,3.072022e-02,5.205289e-02,6.968037e-01,3.051353e-01,2.297765e-01,4.930305e-01,7.644841e-02,0.000000e+00
2.868985e-02,2.887460e-01,0.000000e+00,1.864922e-02,0.000000e+00,0.000000e+00,0.000000e+00,8.142822e-01,2.552615e-01,0.000000e+00
4.852202e-01,0.000000e+00,0.000000e+00,0.000000e+00,1.677492e-01,1.349171e-01,3.109147e-01,6.682404e-01,1.130625e-01,7.393745e-02
2.146952e-01,1.644225e-01,0.000000e+00,0.000000e+00,1.208414e+00,0.000000e+00,2.646620e-02,7.194149e-01,4.435540e-01,0.000000e+00
2.712548e-02,0.000000e+00,7.706104e-02,6.658641e-02,4.914133e-01,1.850287e-01,3.835992e-02,2.662296e-01,2.644891e-01,0.000000e+00
0.000000e+00,3.827731e-01,2.841363e-01,0.000000e+00,8.061019e-01,8.946293e-01,2.967391e-01,2.518365e-01,3.818205e-01,7.892648e-02
3.086381e+00,2.591197e+00,5.226936e-01,9.873795e-01,2.678858e+00,2.561884e+00,6.699745e-01,3.708987e-01,1.903530e-01,1.307341e+00
3.218290e-03,6.372721e-02,3.864776e-02,2.421470e-02,5.170109e-01,7.973088e-02,0.000000e+00,3.444536e-01,3.110901e-01,6.293874e-02
1.448894e-01,1.848650e-02,5.430460e-02,1.479603e-02,8.486991e-02,3.485677e-01,0.000000e+00,1.289647e-01,2.307597e-01,9.767065e-02
1.970555e+00,4.650775e-01,0.000000e+00,7.378942e-01,1.957924e+00,0.000000e+00,0.000000e+00,3.358684e-01,0.000000e+00,4.743050e-01
2.127931e-01,1.899266e-01,1.899174e-01,0.000000e+00,0.000000e+00,0.000000e+00,1.644619e+00,1.240078e-01,0.000000e+00,6.037913e-02
1.009645e-01,0.000000e+00,3.495886e-03,0.000000e+00,5.702577e-01,2.377608e-01,4.380550e-02,3.467615e-01,1.793165e-01,9.733350e-02
1.112646e-01,0.000000e+00,0.000000e+00,0.000000e+00,1.112837e-01,0.000000e+00,0.000000e+00,0.000000e+00,0.000000e+00,8.901995e-01
1.473201e-01,0.000000e+00,8.684379e-02,1.427520e-01,6.120303e-01,3.518961e-01,3.772425e-01,7.156149e-01,3.759882e-01,1.035475e-01
4.249285e-01,2.348848e-01,0.000000e+00,2.502825e-01,1.208366e+00,1.757810e-01,5.591709e-02,7.131798e-01,4.636460e-01,0.000000e+00
3.650598e+00,4.925294e+00,5.646050e-01,9.447250e-01,2.538869e+00,3.595618e+00,1.918259e+00,1.254216e+00,1.131646e+00,1.323566e+00
0.000000e+00,1.877648e-01,1.653753e-01,2.358516e-01,4.459897e-01,1.943736e-01,3.183966e-01,7.606680e-02,6.802507e-01,0.000000e+00
2.698152e-01,1.616127e-01,1.464491e-01,6.002372e-02,0.000000e+00,4.904311e-01,4.026589e-01,5.037587e-01,3.952351e-01,8.788497e-02
1.559772e-01,2.157453e-02,1.430311e-01,1.563473e-01,4.053983e-02,1.688575e-01,3.580972e-01,0.000000e+00,2.564596e-01,0.000000e+00
2.754872e+00,8.134494e-01,1.834443e-01,2.012169e-01,5.303112e-01,1.453038e+00,4.077540e-01,1.919350e+00,8.174351e-01,3.647772e-01
1.919250e+00,2.145659e+00,0.000000e+00,1.779787e-01,1.581335e-01,1.514223e+00,9.966938e-01,9.424971e-01,2.186188e-01,2.828759e+00
2.577611e-01,7.839048e-02,0.000000e+00,6.628343e-02,2.134346e-01,4.992234e-01,2.686509e-01,3.427742e-01,3.035157e-02,2.989333e-01
2.989280e+00,3.051494e+00,1.376122e-01,5.041298e-01,2.030295e-01,2.178082e+00,1.747930e+00,7.078486e-01,8.463931e-01,5.474194e-01
0.000000e+00,0.000000e+00,1.262121e-02,0.000000e+00,1.082511e+00,1.921052e-01,0.000000e+00,7.072067e-01,5.903457e-01,4.089423e-01
7.214073e-01,0.000000e+00,1.966877e-01,0.000000e+00,7.506892e-01,3.608085e-01,3.747492e-01,0.000000e+00,0.000000e+00,2.723236e-01
1.509596e-01,0.000000e+00,5.796940e-02,5.147208e-02,4.405391e-01,1.732427e-01,9.368834e-02,1.933721e-01,3.549361e-01,2.982315e-02
5.295868e-01,0.000000e+00,0.000000e+00,8.591170e-03,1.862603e-01,2.132436e-01,1.939968e-01,2.320487e-01,1.276222e-01,4.807484e-02
2.666495e-01,0.000000e+00,0.000000e+00,3.914641e-02,4.125584e-01,1.271984e-01,1.485950e-01,2.060130e-01,0.000000e+00,2.407583e-01
1.248281e-01,0.000000e+00,9.645029e-02,0.000000e+00,4.695670e-01,4.645279e-02,1.119783e-01,3.010822e-01,2.734740e-01,1.173986e-01
0.000000e+00,2.111023e-01,1.750015e-01,0.000000e+00,5.051091e-01,5.223130e-01,9.234130e-02,1.085626e-01,7.008157e-01,0.000000e+00
6.215315e-02,0.000000e+00,1.214696e-01,1.567851e-01,7.981437e-01,4.601825e-01,6.124348e-01,8.341864e-01,2.672936e-03,1.953519e-01
1.715230e+00,2.164558e-01,0.000000e+00,3.354493e-01,0.000000e+00,1.702107e+00,1.941194e+00,8.575702e-01,1.470123e+00,1.781829e-01
5.228030e-02,0.000000e+00,1.690894e-01,6.696519e-02,2.107865e-01,2.441164e-01,2.566163e-01,1.388110e-01,5.175605e-02,1.075910e-01
2.443036e+00,9.030842e-02,2.700090e-02,4.935349e-03,1.222165e+00,3.634854e-01,1.229844e+00,2.468980e+00,9.434181e-02,1.108522e+00
3.430537e+00,4.000979e+00,3.086723e-01,9.278665e-01,2.656426e+00,2.218120e+00,9.649292e-01,1.328123e+00,5.085621e-01,1.107444e+00
7.238552e-02,0.000000e+00,5.947897e-02,1.134507e-01,3.564018e-01,2.768417e-01,0.000000e+00,2.725924e-01,2.393477e-01,1.239064e-03
1.440663e-01,2.458346e-01,0.000000e+00,2.283827e-01,5.317626e-01,9.069486e-01,0.000000e+00,7.125443e-01,5.032649e-01,9.172832e-02
0.000000e+00,0.000000e+00,8.883218e-02,1.320496e-01,5.911632e-01,2.467473e-01,3.113439e-02,1.575981e-01,6.239475e-01,8.779719e-02
2.821065e-02,5.565542e-02,1.267359e-01,3.473286e-02,5.323419e-01,2.420992e-01,1.679718e-01,1.851874e-01,3.923522e-01,1.392376e-01
1.003096e-01,0.000000e+00,1.654472e-01,0.000000e+00,3.716893e-01,2.024186e-01,1.109943e-01,5.045531e-01,5.308688e-01,1.455796e-01
2.871158e-01,4.095096e-03,5.688033e-02,9.615012e-02,1.469326e-01,4.610694e-01,2.826237e-01,2.393982e-01,1.698389e-01,1.052765e-01
2.936270e+00,3.104297e+00,3.653607e-01,7.182310e-01,2.380187e+00,1.154166e+00,1.331053e+00,1.688152e+00,1.885211e-01,1.322063e-01
4.232724e-02,8.157721e-02,6.888289e-02,0.000000e+00,4.874883e-01,1.475499e-01,2.134172e-01,3.360390e-03,8.184073e-01,0.000000e+00
0.000000e+00,5.961586e-02,3.816723e-02,1.449312e-02,3.020463e-01,0.000000e+00,5.898281e-01,4.091455e-01,4.856835e-01,0.000000e+00
3.094135e+00,1.072407e+00,2.455063e-02,3.144616e-01,2.276504e+00,1.815110e+00,8.178561e-01,1.229872e+00,9.731805e-02,1.104464e+00
1.867591e-01,1.485205e-01,1.399245e-02,2.736022e-01,1.156112e+00,3.610265e-01,1.211909e-01,1.844583e-01,3.075156e-01,0.000000e+00
4.248145e-02,1.528224e-01,1.160006e-01,0.000000e+00,2.240216e-01,9.423813e-02,1.341877e-01,3.370399e-01,2.249771e-01,2.704705e-02
2.760547e+00,1.154175e+00,1.964495e-01,2.583288e-01,1.399611e+00,1.146290e+00,4.846614e-01,1.335177e+00,6.437713e-01,4.353773e-01
4.453917e-01,4.496794e-01,1.412797e-02,2.832893e-01,7.308899e-01,6.770018e-01,6.637626e-01,2.276562e-01,3.571098e-01,1.306225e-01
1.120901e-01,0.000000e+00,1.629248e-01,0.000000e+00,5.676469e-01,1.167974e-01,7.215137e-02,4.557310e-01,4.229767e-01,7.534888e-02
0.000000e+00,0.000000e+00,1.813064e-01,5.396252e-01,2.949577e+00,3.896562e+00,1.182362e+00,0.000000e+00,0.000000e+00,0.000000e+00
1.409452e-01,2.602732e-01,1.997280e-01,5.498771e-02,1.879445e-01,3.800642e-01,1.457697e+00,6.569808e-02,2.101317e-01,0.000000e+00
0.000000e+00,0.000000e+00,0.000000e+00,0.000000e+00,2.041482e-01,6.565309e-01,0.000000e+00,2.352388e-01,3.848139e-01,0.000000e+00
3.210738e-01,0.000000e+00,0.000000e+00,1.257322e-01,3.089263e-01,0.000000e+00,0.000000e+00,9.729943e-01,2.291813e-01,0.000000e+00
3.964399e-02,5.052037e-02,1.924865e-02,1.470514e-01,3.349020e-01,3.053710e-01,3.923704e-03,1.526259e-01,2.998613e-01,0.000000e+00
2.411850e-01,3.632942e-01,3.989925e-02,4.830996e-01,8.940927e-01,1.106355e+00,0.000000e+00,1.079555e+00,1.555823e+00,1.684606e-01
0.000000e+00,0.000000e+00,3.337925e-01,0.000000e+00,1.986735e-01,3.585173e+00,0.000000e+00,2.616536e-01,1.637037e+00,0.000000e+00
1.556300e-01,3.407681e-01,0.000000e+00,1.092079e-01,4.439062e-01,2.661074e-01,3.070448e-01,1.880757e-01,2.977582e-01,4.488507e-02
1.734377e+00,1.921564e+00,3.681317e-01,0.000000e+00,2.171314e+00,5.652895e-01,9.064660e-02,0.000000e+00,0.000000e+00,2.353046e+00
6.344748e-02,2.817049e-02,2.681834e-02,1.104027e-01,3.150597e-01,2.071444e-01,6.062470e-02,2.513292e-01,2.464869e-01,3.150534e-02
6.341794e-02,0.000000e+00,4.829287e-02,0.000000e+00,6.530186e-01,1.438481e-01,1.395969e-01,5.478703e-01,4.425580e-01,0.000000e+00
4.009701e-02,9.405326e-02,1.376287e-02,0.000000e+00,2.771371e-01,1.818993e-01,1.058526e-01,2.220450e-01,2.663961e-01,2.428295e-01
0.000000e+00,2.733839e+00,2.451693e-01,9.265599e-01,6.988790e+00,0.000000e+00,1.343067e+00,0.000000e+00,0.000000e+00,1.599053e-01
6.145243e-02,0.000000e+00,0.000000e+00,2.551199e-01,2.542582e+00,1.213605e-01,9.704092e-01,2.521878e-01,8.095522e-01,2.124228e-01
1.566876e-01,8.483076e-02,0.000000e+00,0.000000e+00,1.234055e+00,0.000000e+00,9.922325e-02,0.000000e+00,0.000000e+00,5.889612e-02
7.021007e-02,7.946950e-02,1.198429e-01,0.000000e+00,3.143415e-01,2.704298e-01,1.681751e-02,1.822746e-01,2.696891e-01,0.000000e+00
3.392960e+00,5.036047e+00,7.538408e-01,6.008683e-01,2.334195e+00,2.079093e+00,1.543110e+00,2.026247e+00,7.502542e-01,6.890754e-01
0.000000e+00,4.529176e-01,2.175937e-01,1.670824e-01,2.260953e+00,1.663685e-01,6.718055e-01,5.579486e-01,1.360893e-01,3.996612e-02
4.536664e-02,4.297794e-02,3.191301e-01,0.000000e+00,5.653305e-01,2.809343e-01,0.000000e+00,3.270521e-01,4.684304e-01,0.000000e+00
0.000000e+00,2.394979e-02,3.469358e-01,0.000000e+00,9.152122e-01,8.035721e-01,3.881089e-01,9.006443e-01,1.107057e+00,2.115892e-01
0.000000e+00,1.642825e-01,6.623009e-02,1.287932e-01,5.244515e-01,2.171819e-01,1.074799e-02,2.586459e-01,3.689735e-01,5.974297e-02
4.809927e-01,1.557971e-01,0.000000e+00,2.789827e-01,2.689915e-01,5.690999e-01,2.332999e-01,1.018834e-01,7.549144e-02,1.192864e-01
3.361080e+00,4.028870e+00,2.484736e-01,7.235771e-01,3.998055e-01,2.225577e+00,8.981276e-01,1.111524e+00,1.213086e+00,8.345884e-01
7.718317e-02,8.188142e-02,2.097526e-02,6.596761e-02,5.100795e-01,1.951929e-01,6.254590e-03,1.498031e-01,1.186241e-01,1.125374e-02
0.000000e+00,1.684642e-01,1.374683e-01,2.075027e-02,3.574236e-01,2.306887e-01,8.317509e-02,3.194710e-01,2.725177e-01,0.000000e+00
2.717691e+00,6.297488e-01,0.000000e+00,2.701119e-01,7.894132e-01,1.098163e+00,6.755550e-01,8.768982e-01,8.845076e-01,1.519115e+00
1.048646e-01,0.000000e+00,7.065780e-02,0.000000e+00,5.134168e-01,1.594396e-01,1.467412e-01,2.800228e-01,1.698477e-01,3.577784e-02
8.199890e-02,0.000000e+00,0.000000e+00,2.205989e-03,7.501956e-01,7.458159e-02,2.961531e-01,6.233420e-01,3.343841e-01,0.000000e+00
7.058545e-02,0.000000e+00,8.937465e-03,6.647490e-02,4.519027e-01,2.943051e-01,1.303026e-01,1.512637e-01,1.387494e-01,5.282926e-02
1.422814e-01,0.000000e+00,9.761317e-02,0.000000e+00,5.432074e-01,0.000000e+00,5.317241e-02,2.346922e-01,5.054302e-01,0.000000e+00
1.817405e-01,1.315833e-01,2.819367e-02,7.717144e-02,6.377901e-01,1.764551e-01,3.806014e-01,5.874823e-01,2.297324e-01,1.165754e-01
3.527785e-01,8.430599e-02,0.000000e+00,0.000000e+00,1.416248e+00,8.775956e-01,2.158272e+00,3.449367e+00,0.000000e+00,6.877914e-01
2.422106e-01,0.000000e+00,7.085685e-02,1.714398e-01,1.828548e-01,2.445670e-01,1.743568e-01,4.119807e-01,1.229127e-01,1.119944e-01
6.277930e-02,0.000000e+00,7.231510e-02,7.504878e-02,7.480320e-01,2.940468e-01,0.000000e+00,2.911946e-01,3.296523e-01,2.025980e-02
2.350410e-01,3.001993e-01,3.755321e-01,2.668138e-01,5.113968e-01,2.336353e+00,0.000000e+00,1.154545e-01,4.323980e-01,0.000000e+00
8.532133e-02,0.000000e+00,0.000000e+00,2.634435e-01,1.207428e+00,1.411625e-01,0.000000e+00,5.202957e-01,3.502149e-01,3.521207e-02
1.158443e-01,2.159353e-02,1.212552e-01,4.264368e-02,4.665946e-01,2.459987e-01,1.321192e-01,2.882493e-01,2.943485e-01,1.176488e-01
3.287530e-02,0.000000e+00,1.165927e-01,0.000000e+00,8.023996e-01,1.329624e-01,1.780780e-01,2.661241e-01,5.970840e-01,0.000000e+00
2.252128e+00,2.716993e+00,3.954154e-01,6.021191e-01,1.647001e+00,1.729023e+00,1.594785e+00,1.715846e+00,4.969030e-01,3.717017e-01
0.000000e+00,0.000000e+00,3.347210e-01,5.714831e-02,2.315546e-01,4.838050e-01,3.481168e-01,0.000000e+00,0.000000e+00,7.874322e-03
2.324207e+00,1.005733e+01,5.086110e+00,1.999530e+00,2.339452e+00,8.188581e+00,4.466504e+00,6.760499e-01,2.798489e+00,1.174302e+00
0.000000e+00,4.352314e-01,3.545991e-01,0.000000e+00,3.615196e+00,0.000000e+00,0.000000e+00,3.301019e+00,3.479568e+00,5.127492e-01
0.000000e+00,1.701709e+00,5.156508e-01,6.034772e-01,4.822585e+00,1.188921e-01,0.000000e+00,1.580936e+00,0.000000e+00,0.000000e+00
7.359173e-02,2.141674e-01,1.942063e-01,1.194310e-01,6.113714e-01,0.000000e+00,1.587146e-01,2.292379e-01,6.330329e-01,0.000000e+00
2.109799e-01,0.000000e+00,3.024981e-01,4.179230e-02,7.295383e-01,5.716961e-01,3.668496e-01,3.176754e-01,1.577102e-02,0.000000e+00
0.000000e+00,2.777367e-02,0.000000e+00,9.497684e-02,7.338670e-01,4.177306e-02,0.000000e+00,3.754457e-01,1.971380e-01,5.221321e-02
2.260318e-03,1.714255e-01,1.333935e-01,1.919662e-01,2.367365e-01,1.926041e-01,2.454767e-01,1.316283e-01,5.979473e-02,1.524878e-02
8.758357e-02,0.000000e+00,8.655201e-02,3.134748e-02,1.447521e-01,4.192446e-01,1.183121e-01,1.568891e-01,2.676173e-01,0.000000e+00
1.465089e-02,6.878421e-02,4.683736e-02,1.052752e-01,9.572212e-01,6.763600e-01,1.050651e-01,4.891623e-01,8.575757e-01,3.260280e-02
4.669013e-02,1.173909e-01,7.630735e-02,1.463539e-01,4.305376e-01,4.994213e-01,1.298731e-01,1.124622e-01,2.873140e-01,4.461281e-02
2.266011e-01,2.942161e-01,5.176479e-01,2.110326e-01,3.329852e-02,1.946384e+00,4.689913e-02,1.777521e-01,4.011832e+00,4.875292e-01
6.543350e-02,0.000000e+00,0.000000e+00,0.000000e+00,5.546793e-01,1.568012e-01,0.000000e+00,5.117827e-01,1.034383e-02,0.000000e+00
1.572861e-01,0.000000e+00,1.088262e-01,0.000000e+00,2.803916e+00,9.237832e-02,2.400920e-01,5.367005e-01,1.127097e+00,0.000000e+00
1.719658e-01,0.000000e+00,0.000000e+00,0.000000e+00,6.624487e-01,0.000000e+00,0.000000e+00,1.704877e-01,1.478148e-01,0.000000e+00
4.949474e-02,1.484404e-01,0.000000e+00,1.117774e-01,3.827562e-01,2.823323e-01,2.235140e-01,1.153523e-01,1.382914e-01,0.000000e+00
5.771630e-02,6.196557e-03,0.000000e+00,6.753103e-02,9.322327e-01,6.033275e-01,0.000000e+00,4.761793e-01,4.013717e-01,4.954736e-03
3.878671e-02,7.876947e-02,0.000000e+00,0.000000e+00,4.135058e-01,1.921460e-01,0.000000e+00,5.152835e-01,3.159613e-01,6.714157e-02
3.374213e+00,4.248159e+00,4.087714e-01,1.451054e+00,1.802961e+00,2.406900e+00,1.487999e+00,7.602013e-01,8.074149e-01,9.753527e-01
1.484098e-01,0.000000e+00,4.525261e-02,0.000000e+00,5.143796e-01,2.101099e-01,7.537141e-02,3.331553e-01,3.403641e-02,0.000000e+00
0.000000e+00,3.040444e-02,2.404698e-02,2.112269e-01,0.000000e+00,6.943689e-01,0.000000e+00,3.693134e-01,1.071771e-01,0.000000e+00
7.256389e-02,5.593574e-03,0.000000e+00,0.000000e+00,3.803028e-01,6.264774e-01,1.168630e-01,1.346690e-01,7.043876e-01,0.000000e+00
1.875516e-01,5.674073e-02,2.149152e-02,1.179654e-01,1.904836e-01,3.696193e-01,0.000000e+00,0.000000e+00,1.020122e-01,8.919958e-02
4.527351e-02,0.000000e+00,2.130843e-03,1.143961e-01,4.295355e-01,1.100049e+00,2.118612e-01,1.752157e-02,1.832325e-01,1.028011e-01
8.401733e-01,0.000000e+00,0.000000e+00,2.283498e-01,1.351056e+00,5.385543e-01,3.320506e-01,7.373618e-01,4.162326e-01,4.419421e-01
2.774101e+00,2.436204e+00,0.000000e+00,8.899272e-01,8.801078e-01,3.539178e-01,8.979968e-01,1.931996e+00,6.224301e-01,8.492049e-01
1.725965e-01,2.964819e-01,0.000000e+00,1.297073e-01,7.483019e-01,4.424797e-01,0.000000e+00,7.202879e-01,4.618569e-01,1.055481e-01
5.635106e-01,0.000000e+00,0.000000e+00,0.000000e+00,4.622101e+00,2.241947e-01,0.000000e+00,1.392708e+00,1.321867e-01,0.000000e+00
9.216204e-02,0.000000e+00,9.248220e-02,0.000000e+00,1.384438e+00,2.393487e-01,2.238341e-01,7.538675e-01,4.328651e-01,0.000000e+00
1.528994e-01,0.000000e+00,2.189023e-01,0.000000e+00,7.716576e-01,4.885861e-01,3.969364e-01,1.625264e-01,2.864872e-01,2.254895e-03
1.158709e+00,0.000000e+00,0.000000e+00,0.000000e+00,0.000000e+00,3.646153e+00,1.597742e+00,0.000000e+00,3.288548e-01,1.979302e-01
9.468591e-02,1.531712e-01,7.110955e-03,0.000000e+00,2.145304e-01,0.000000e+00,1.460636e+00,0.000000e+00,0.000000e+00,0.000000e+00
1.264177e-01,5.752240e-01,1.047240e-01,2.254927e-01,5.066752e-01,1.018583e+00,1.214999e-01,0.000000e+00,1.119539e+00,1.003713e-01
0.000000e+00,1.956322e-01,1.468962e-01,7.376852e-02,1.762743e-01,1.429638e-01,4.389356e-02,1.760235e-01,6.102800e-02,1.281475e-01
1.340928e-01,1.944477e-01,2.287293e-01,2.855228e-01,3.245144e-01,7.590112e-01,1.699898e-01,2.566505e-01,2.775185e-01,1.168747e-01
4.668918e-01,5.937131e-01,0.000000e+00,4.421870e-01,6.225048e-01,0.000000e+00,2.064129e-01,0.000000e+00,0.000000e+00,0.000000e+00
1.101102e-01,0.000000e+00,1.362861e-01,3.883892e-01,1.573208e+00,1.250843e+00,1.558437e+00,2.105998e+00,2.678715e+00,5.327816e-01
2.840897e-01,0.000000e+00,0.000000e+00,0.000000e+00,6.906199e-01,1.087151e-01,0.000000e+00,2.944843e-01,0.000000e+00,1.226280e-01
0.000000e+00,0.000000e+00,6.577944e-02,1.737019e-01,2.826871e-01,1.415867e-01,1.652439e-01,1.194847e-01,4.211057e-01,2.170664e-02
0.000000e+00,0.000000e+00,4.546259e-02,0.000000e+00,9.299555e-01,0.000000e+00,1.929958e-02,9.428252e-01,2.991504e-01,0.000000e+00
1.970944e-01,0.000000e+00,0.000000e+00,1.622603e-01,1.957791e-01,7.001010e-02,4.066173e-01,2.182458e-01,1.266071e-02,0.000000e+00
1.241348e-01,1.443051e-01,9.483381e-02,6.846482e-02,2.311606e-01,7.473672e-01,2.836598e-01,3.979651e-01,4.361291e-01,0.000000e+00
8.545101e-02,9.654130e-02,9.784110e-02,2.426365e-02,3.045943e-01,2.413153e-01,1.243512e-01,2.122194e-01,2.211336e-01,1.359086e-03
6.581485e-02,3.411286e-01,4.029172e-02,2.896777e-01,4.139498e-01,5.258626e-01,3.170268e-01,1.839066e-01,7.215246e-01,8.624263e-03
1.235640e+00,1.057192e+00,1.200890e-02,7.181227e-01,7.131880e-01,9.981697e-01,4.170279e-01,3.513835e-01,3.647955e-01,3.341276e-02
3.340493e-02,6.501308e-02,0.000000e+00,3.108386e-01,4.478431e-01,3.319596e-01,2.934075e-01,2.166620e-01,7.548502e-01,1.791067e-01
8.708597e-02,2.067622e-01,1.772299e-01,5.689124e-02,2.969425e-01,2.932376e-01,3.132601e-01,3.048361e-01,0.000000e+00,8.285283e-02
7.165008e-01,0.000000e+00,0.000000e+00,6.047618e-02,1.448184e+00,9.866711e-01,3.535736e-01,6.682368e-01,5.914755e-02,9.527553e-02
1.185100e+00,0.000000e+00,0.000000e+00,0.000000e+00,3.177384e-01,7.912047e-01,7.661317e-02,8.033941e-01,8.436093e-01,5.203134e-01
6.108687e-02,9.435099e-02,0.000000e+00,0.000000e+00,4.482717e-01,2.749999e-01,1.658199e-02,3.415728e-01,3.293661e-02,0.000000e+00
1.201649e-01,1.709340e-01,5.133923e-02,1.497610e-01,2.213872e+00,5.579459e-03,2.008922e-01,3.135874e-01,9.430121e-01,2.395335e-01
2.367838e+00,3.131694e+00,1.803055e-02,9.706794e-01,7.069783e-01,1.758629e+00,7.212675e-01,5.836291e-01,1.139804e+00,5.438734e-01
1.133298e-01,0.000000e+00,9.869605e-02,2.744763e-02,4.805896e-01,3.132870e-02,0.000000e+00,2.601731e-01,2.464198e-01,5.187963e-02
1.152437e+00,9.168563e-01,0.000000e+00,4.108584e-02,4.504958e-01,5.581372e-01,6.309314e-01,6.036649e-01,2.002251e-02,4.244198e-01
0.000000e+00,3.754504e-01,0.000000e+00,2.358679e-01,2.745035e+00,7.317163e-01,6.157009e-01,2.228445e+00,1.325449e+00,3.880896e-02
4.002502e-02,0.000000e+00,1.731043e-02,0.000000e+00,4.083895e-01,3.169076e-01,0.000000e+00,2.534565e-01,3.161184e-01,9.565357e-02
1.419412e-01,0.000000e+00,0.000000e+00,2.770022e-02,4.827470e-01,1.013213e-01,1.313621e-02,3.465965e-01,1.143520e-01,4.832168e-05
2.102144e+00,0.000000e+00,0.000000e+00,2.249346e-01,3.068366e-01,1.887040e+00,1.051156e+00,3.755743e-01,1.560235e+00,7.281480e-01
0.000000e+00,1.333188e-01,1.253158e-01,0.000000e+00,4.266427e-01,8.454423e-01,0.000000e+00,4.186317e-01,2.356582e-01,1.082226e-01
4.032637e-01,0.000000e+00,0.000000e+00,0.000000e+00,2.938899e-01,1.847569e-01,3.807854e-02,2.728131e-01,0.000000e+00,3.606522e-02
5.266975e-01,7.038981e-01,5.302781e-01,3.320649e-01,0.000000e+00,6.941983e-01,3.984455e+00,0.000000e+00,0.000000e+00,0.000000e+00
0.000000e+00,1.056295e-01,4.563171e-02,0.000000e+00,5.461841e-01,4.486500e-01,0.000000e+00,2.316151e-01,5.498877e-01,2.486737e-02
1.274135e-01,0.000000e+00,0.000000e+00,1.532277e-02,3.639064e-01,7.506209e-02,0.000000e+00,3.171804e-01,1.831498e-01,3.789712e-02
2.195161e-01,0.000000e+00,1.062226e-01,1.132161e-02,5.186733e-01,2.877742e-01,0.000000e+00,3.414411e-01,3.242395e-01,0.000000e+00
7.401363e-02,1.040344e-01,1.277254e-01,7.366911e-02,6.043601e-01,2.459162e-01,1.075400e-01,4.533853e-01,1.013805e-01,8.328009e-03
1.152579e-02,0.000000e+00,0.000000e+00,1.488854e-01,8.071491e-01,6.565571e-01,2.481374e-01,3.949384e-01,5.338818e-01,3.042570e-02
1.040519e-01,2.167759e-01,1.461824e-02,1.357164e-01,1.756674e-01,1.816216e-01,1.592811e-01,8.164966e-02,0.000000e+00,2.506257e-02
3.407840e-01,0.000000e+00,1.076822e-01,0.000000e+00,1.672657e+00,7.578909e-01,3.656158e-01,7.669178e-01,1.264851e+00,0.000000e+00
1.277917e-01,1.568147e-02,3.631895e-02,2.451599e-01,3.235665e-02,3.706531e-01,2.392687e-01,2.826455e-01,0.000000e+00,1.045982e-01
2.748814e+00,1.811407e+00,2.247528e-01,5.440899e-01,2.253065e+00,2.091042e+00,4.092093e-01,5.839705e-01,1.422444e-01,1.041798e+00
2.303518e+00,0.000000e+00,0.000000e+00,0.000000e+00,2.604429e+00,0.000000e+00,0.000000e+00,1.148751e+00,0.000000e+00,3.519817e-02
2.270713e-01,0.000000e+00,1.242081e-01,1.750868e-01,9.511103e-01,4.005843e-01,2.148298e-02,7.387304e-01,5.291067e-01,0.000000e+00
6.443574e-02,0.000000e+00,1.215298e-01,0.000000e+00,2.988619e-01,1.378779e-01,1.040960e-01,2.881046e-01,3.675408e-01,3.014680e-02
6.965965e-02,0.000000e+00,0.000000e+00,0.000000e+00,7.629279e-01,6.119328e-01,0.000000e+00,3.334025e-01,4.380113e-01,3.347122e-02
1.138026e-01,0.000000e+00,6.102067e-02,0.000000e+00,6.518714e-01,8.765307e-02,2.713561e-01,3.221424e-01,4.732632e-01,1.234340e-01
0.000000e+00,6.693592e-01,5.120945e-01,5.424401e-01,1.075548e+00,1.418498e+00,2.417695e+00,1.241109e+00,1.841348e-01,0.000000e+00
7.147180e-02,0.000000e+00,0.000000e+00,1.533992e-02,4.542684e-01,3.090752e-01,0.000000e+00,3.773940e-01,2.817294e-01,2.234833e-02
3.472511e-02,1.809167e-01,2.478253e-01,1.824499e-01,2.338827e-01,2.829396e-01,8.989079e-02,7.318277e-02,1.091027e-02,1.033544e-01
1.082675e-01,3.591597e-02,3.078561e-02,7.275679e-02,4.441237e-01,4.983196e-01,3.938093e-01,7.818984e-01,2.555601e-01,9.655024e-02
2.125607e+00,5.589449e+00,2.070900e-01,9.081168e-01,9.449092e-01,1.877193e+00,1.134658e+00,9.486264e-01,8.198117e-01,2.086938e+00
1.566059e-01,2.584268e-01,7.227276e-02,0.000000e+00,6.326177e-01,1.393658e-01,1.448702e-01,2.702965e-01,2.367272e-01,0.000000e+00
0.000000e+00,0.000000e+00,0.000000e+00,0.000000e+00,4.616438e-01,1.548907e-01,0.000000e+00,3.021708e-01,2.939977e-01,9.903993e-02
3.062874e-01,1.974658e-01,3.292814e-01,0.000000e+00,7.413999e-01,9.393443e-01,2.428492e-01,1.104749e+00,2.365301e-01,5.825485e-02
0.000000e+00,0.000000e+00,0.000000e+00,1.089598e-02,3.962449e-01,1.027146e+00,3.054012e-01,1.794488e-01,9.354562e-01,0.000000e+00
3.227091e+00,3.152351e+00,1.492507e-01,7.364477e-01,2.270080e+00,1.707001e+00,1.542633e+00,4.724219e-01,3.732155e-01,1.537772e-01
0.000000e+00,0.000000e+00,1.156622e-01,0.000000e+00,5.161485e-01,3.252855e-02,1.402682e-01,4.069478e-01,9.045967e-01,0.000000e+00
3.362314e-01,3.065341e-01,1.908192e-01,3.448880e-01,9.084551e-03,1.319983e+00,1.028106e+00,2.311561e-01,9.983307e-01,1.213433e-01
6.297748e-01,3.336995e-01,0.000000e+00,2.788767e-01,8.408903e-01,4.340398e-01,3.635667e-01,5.665131e-01,2.468454e-01,3.561094e-01
2.065348e-01,5.372679e-03,4.049424e-02,0.000000e+00,3.223926e-01,1.699694e-01,6.249750e-03,2.214845e-01,1.366067e-01,1.637134e-01
3.716813e-02,2.021486e-01,7.074061e-02,2.359536e-02,3.317827e-01,1.444507e-01,4.238188e-02,3.368737e-01,4.460458e-01,2.900218e-02
3.147471e-01,6.894422e-01,0.000000e+00,2.821490e-01,1.588385e+00,8.055249e-01,3.866964e-01,8.496866e-01,7.816124e-01,0.000000e+00
1.016641e-02,0.000000e+00,6.467697e-02,0.000000e+00,2.191105e+00,0.000000e+00,0.000000e+00,6.000071e-01,4.193578e-01,3.721940e-02
9.027080e-02,0.000000e+00,1.061054e-01,0.000000e+00,3.913924e-01,1.337612e-01,3.962425e-01,1.071237e-01,1.698745e-01,0.000000e+00
1.252819e-01,3.098348e-01,2.152046e-01,5.466728e-02,8.464237e-01,3.417087e-01,1.324565e-01,6.720158e-01,1.553012e-01,0.000000e+00
0.000000e+00,0.000000e+00,0.000000e+00,1.678758e-01,9.161067e-01,1.911279e+00,0.000000e+00,8.799062e-01,4.704974e-01,0.000000e+00
0.000000e+00,0.000000e+00,0.000000e+00,1.035973e+00,1.481381e+00,7.865811e+00,0.000000e+00,9.110485e-01,0.000000e+00,0.000000e+00
3.912129e-01,0.000000e+00,0.000000e+00,0.000000e+00,0.000000e+00,0.000000e+00,3.507286e+00,0.000000e+00,0.000000e+00,0.000000e+00
2.344937e+00,2.616851e+00,0.000000e+00,5.346169e-01,1.505815e+00,0.000000e+00,0.000000e+00,1.956913e+00,0.000000e+00,5.713256e-02
1.256054e+00,1.214899e+00,0.000000e+00,6.766168e-01,0.000000e+00,1.723185e+00,6.374374e-01,7.089673e-01,8.078014e-01,1.147452e-01
0.000000e+00,1.111479e-01,1.541657e-01,1.484036e-01,1.262629e-01,8.372283e-02,2.989957e-01,2.231915e-01,5.524340e-02,1.888770e-01
0.000000e+00,0.000000e+00,0.000000e+00,1.193612e-01,2.686511e-01,3.247828e-01,3.501097e-02,2.450865e-01,3.304629e-01,3.734360e-02
2.589044e-02,1.551415e-01,0.000000e+00,2.062811e-01,1.765320e-01,7.098076e-01,1.476540e-01,4.787874e-01,6.358859e-01,0.000000e+00
3.443766e-01,5.286143e-01,3.500625e-01,0.000000e+00,1.821812e-01,5.516093e-01,9.020774e-01,1.178769e-01,4.687177e-01,0.000000e+00
1.619754e-01,0.000000e+00,0.000000e+00,0.000000e+00,5.244091e-01,0.000000e+00,2.585862e+00,0.000000e+00,0.000000e+00,0.000000e+00
8.352098e-02,6.986837e-01,1.730389e-01,1.689802e-01,2.549928e+00,1.259846e+00,1.067989e+00,1.266606e+00,1.286427e+00,0.000000e+00
8.541113e-02,6.743220e-02,1.072615e-02,4.905271e-02,2.056654e-01,3.484557e-01,4.059464e-02,1.666123e-01,3.199275e-01,1.339167e-01
6.410340e-02,3.875338e-02,3.348694e-01,1.320018e-02,2.757323e-01,4.920435e-01,1.414900e-01,2.872311e-01,8.623041e-01,2.063156e-01
0.000000e+00,2.031053e-01,1.500397e-01,1.947810e-01,0.000000e+00,2.767223e-01,3.797397e-01,1.356747e-01,9.385649e-02,0.000000e+00
1.966784e-01,0.000000e+00,3.863862e-01,1.748440e-01,1.697986e+00,1.541219e-01,6.749500e-01,1.139508e+00,3.720106e-01,0.000000e+00
0.000000e+00,0.000000e+00,0.000000e+00,2.678121e-02,4.505986e-01,5.498882e-03,0.000000e+00,2.227978e-01,3.816619e-02,4.221452e-01
1.443750e-01,0.000000e+00,0.000000e+00,1.857216e-01,1.327556e+00,0.000000e+00,1.445098e-01,6.814151e-01,4.490005e-02,1.662684e-01
1.371769e-02,2.910875e-02,5.212396e-02,6.685880e-03,6.525717e-01,3.614818e-01,0.000000e+00,1.069670e-01,3.051670e-01,6.297450e-02
1.597862e-01,4.647121e-01,0.000000e+00,9.019105e-03,1.525386e+00,5.382810e-01,1.947805e-01,1.595494e+00,2.364753e-01,2.576330e-01
1.875405e-02,0.000000e+00,4.037569e-02,0.000000e+00,7.939452e-01,2.367172e-01,1.765887e-01,6.109251e-01,7.711673e-01,0.000000e+00
4.612006e-01,2.954249e-01,4.747608e-01,4.812528e-01,3.567318e+00,1.450793e+00,6.219687e-01,3.301927e+00,0.000000e+00,2.832924e-01
1.684462e+00,7.746102e+00,2.179677e+00,1.621741e+00,3.082596e+00,6.490274e+00,3.042531e+00,2.037579e+00,2.744287e+00,1.104090e+00
1.465254e-01,0.000000e+00,1.217227e-01,2.651922e-01,3.948513e-01,1.803728e-01,1.956980e-01,1.048515e-01,5.390181e-01,5.823314e-02
0.000000e+00,1.498255e-02,3.441191e-02,8.322386e-03,9.271385e-01,6.286541e-02,1.977889e-01,9.486973e-01,7.041673e-01,0.000000e+00
1.683717e+00,1.964011e-01,0.000000e+00,2.152178e-01,7.256856e-01,4.569471e-01,1.170144e+00,8.098214e-01,5.746407e-01,7.372213e-01
3.938522e+00,2.508606e+00,2.169909e-01,5.204900e-01,5.150488e+00,2.302542e+00,0.000000e+00,1.692476e+00,0.000000e+00,8.404372e-01
2.030011e-01,0.000000e+00,6.249969e-02,5.188797e-02,6.740426e-01,3.833592e-02,1.061851e-01,2.490803e-01,3.568678e-01,0.000000e+00
0.000000e+00,0.000000e+00,0.000000e+00,8.054375e-02,6.212347e-01,8.596413e-02,1.469849e-02,3.687433e-01,2.210140e-01,2.605822e-02
1.095010e-01,2.113348e-01,9.416525e-02,7.872443e-02,3.495584e-01,2.557911e-01,1.008283e-01,3.047770e-01,2.013643e-01,8.633537e-02
1.403008e-01,6.761640e-02,0.000000e+00,0.000000e+00,3.897531e-01,1.579450e-01,1.286474e-01,3.320452e-01,1.540381e-01,6.898134e-02
2.375897e-02,0.000000e+00,7.176080e-02,1.933134e-01,1.332767e-01,2.670257e-01,2.628675e-01,2.915683e-02,0.000000e+00,1.734456e-01
2.870181e-02,1.670673e-01,5.729211e-02,1.265370e-01,5.306139e-01,1.908143e-01,1.960349e-01,1.826072e-01,2.903452e-01,7.982560e-02
1.288707e-01,0.000000e+00,7.449138e-02,6.905580e-02,4.952709e-01,2.148607e-01,0.000000e+00,2.528850e-01,1.386626e-01,5.121020e-03
3.709695e+00,2.945204e+00,7.069228e-01,8.435629e-01,3.831342e+00,1.567113e+00,1.162994e+00,1.411798e+00,0.000000e+00,1.355710e+00
2.471928e-02,1.727663e-01,1.279605e-01,0.000000e+00,2.313907e-01,6.598347e-02,8.285170e-01,5.503472e-02,0.000000e+00,0.000000e+00
2.848353e-01,3.038336e-01,4.936159e-02,0.000000e+00,1.811842e+00,3.832941e-01,0.000000e+00,1.150395e+00,1.704122e-01,0.000000e+00
5.735300e-02,2.661446e-01,3.036035e-02,4.258643e-01,0.000000e+00,1.027970e+00,3.668825e-01,3.478194e-01,0.000000e+00,1.396129e-01
3.199222e+00,3.587247e+00,2.172213e-01,5.489133e-01,2.354389e+00,2.526409e+00,1.477821e+00,2.644299e-01,6.900202e-01,1.635826e+00
3.904286e-02,2.194785e-01,6.149256e-02,3.979932e-02,9.219486e-01,7.345700e-02,5.234949e-02,5.538941e-01,5.840108e-01,8.335907e-02
1.411338e-01,2.315068e-01,6.222049e-02,2.112797e-01,2.752105e-02,7.359338e-01,5.690826e-01,8.761842e-03,0.000000e+00,0.000000e+00
1.833541e-01,0.000000e+00,1.628472e-01,3.075412e-01,2.198743e+00,0.000000e+00,3.691024e-01,1.277450e-01,4.318849e+00,0.000000e+00
1.758979e-02,6.014909e-04,7.983121e-02,9.356333e-02,3.641749e-01,8.542121e-02,0.000000e+00,3.120160e-01,3.744408e-01,3.072126e-02
4.961958e-02,2.387292e-03,0.000000e+00,1.314445e-01,3.671229e-01,4.371540e-01,5.843742e-02,6.938709e-01,0.000000e+00,0.000000e+00
0.000000e+00,0.000000e+00,3.317108e-02,7.952921e-02,2.395935e-01,6.194277e-01,0.000000e+00,2.684275e-01,1.661967e-01,0.000000e+00
5.725752e-02,2.210526e-01,6.078480e-02,7.036462e-02,2.713256e-01,0.000000e+00,2.556969e-01,2.847557e-01,2.240055e-01,2.350751e-02
3.900425e-02,1.019048e-01,7.494313e-02,0.000000e+00,8.014375e-01,5.134930e-01,0.000000e+00,1.011298e-01,6.789257e-01,1.445049e-02
1.288798e-01,0.000000e+00,0.000000e+00,1.276038e-01,2.159463e-01,1.324198e-01,2.344442e-01,1.535737e-01,9.422798e-02,6.529528e-02
1.379881e+00,5.669408e-01,3.929394e-02,3.048388e-01,9.859424e-01,1.089724e+00,4.125411e-01,9.903351e-01,8.624331e-01,5.990152e-02
8.306503e-02,6.266992e-02,1.563037e-01,1.274134e-01,1.265991e-01,2.902371e-01,9.678386e-02,1.632124e-01,1.693578e-01,5.922211e-02
0.000000e+00,2.037553e+00,5.146260e-01,1.023634e+00,1.458557e+00,3.109332e+00,1.384875e+00,1.442989e+00,2.932762e+00,0.000000e+00
2.368077e-01,3.126584e-01,1.301014e-01,5.766251e-02,7.636684e-01,1.000947e-01,3.050252e-02,2.254905e-01,4.102873e-01,0.000000e+00
3.887609e+00,4.609219e+00,7.064454e-01,8.634278e-01,2.341398e+00,2.562911e+00,1.788186e+00,1.234329e+00,8.268659e-01,1.313395e+00
1.042651e-01,5.190788e-02,2.854781e-01,0.000000e+00,0.000000e+00,4.786781e-01,4.655340e-02,0.000000e+00,2.850301e-01,0.000000e+00
0.000000e+00,2.285338e+00,4.630112e-01,6.759258e-01,5.884513e+00,9.295630e-01,9.741571e-01,2.477680e+00,4.968012e+00,5.773090e-01
1.619768e-01,0.000000e+00,3.466389e-01,0.000000e+00,4.431742e-01,0.000000e+00,2.190660e-01,0.000000e+00,2.535498e-01,9.360950e-02
1.382335e-01,0.000000e+00,1.879615e-01,9.595741e-02,1.123760e+00,0.000000e+00,3.118067e-02,4.208537e-01,6.887810e-01,2.096552e-01
0.000000e+00,2.336248e-02,6.280308e-02,1.226890e-01,5.510175e-01,1.362747e-01,6.547775e-02,3.436985e-01,2.911786e-01,4.345840e-02
0.000000e+00,8.817076e-02,0.000000e+00,1.608471e-01,8.172108e-01,3.163577e-01,0.000000e+00,2.903780e-01,5.474505e-01,1.488365e-01
3.245906e-01,1.890402e-01,1.422841e-01,1.731811e-01,5.346286e-02,5.299836e-01,4.441106e-01,2.174043e-01,3.530037e-01,0.000000e+00
2.761864e+00,3.634775e+00,0.000000e+00,1.166255e+00,1.680214e+00,2.147400e+00,1.243467e+00,0.000000e+00,7.524493e-01,1.606847e+00
6.101571e-01,0.000000e+00,2.331932e-01,0.000000e+00,2.964781e+00,2.641487e+00,1.610518e+00,1.529602e+00,2.745206e-01,0.000000e+00
0.000000e+00,0.000000e+00,3.836606e-01,0.000000e+00,7.914343e-01,1.229230e+00,2.617674e-01,0.000000e+00,7.757626e-02,0.000000e+00
3.294285e+00,4.365746e+00,1.198915e-01,1.118619e+00,1.462695e+00,1.972791e+00,1.119943e+00,1.345638e+00,6.956899e-01,8.950437e-01
0.000000e+00,0.000000e+00,0.000000e+00,1.810517e+01,0.000000e+00,0.000000e+00,0.000000e+00,0.000000e+00,0.000000e+00,0.000000e+00
0.000000e+00,0.000000e+00,0.000000e+00,4.720528e-02,9.144841e-02,6.617202e-01,4.854726e-01,0.000000e+00,7.176160e-01,0.000000e+00
0.000000e+00,0.000000e+00,0.000000e+00,7.021627e-02,1.450725e-01,1.947175e+00,2.330336e-01,0.000000e+00,1.073670e+00,0.000000e+00
9.560731e-02,0.000000e+00,0.000000e+00,1.011154e-01,7.612049e-01,3.402000e-01,0.000000e+00,4.144216e-01,2.596073e-01,3.281354e-02
1.583988e+00,0.000000e+00,0.000000e+00,1.966715e-01,1.397044e+00,1.079780e+00,1.088518e-01,0.000000e+00,2.162854e-01,2.209634e-01
3.569250e+00,3.504481e+00,3.863562e-01,6.697073e-01,1.963640e+00,1.443979e+00,7.176160e-01,1.245421e+00,9.231886e-01,5.790425e-01
2.662542e-02,0.000000e+00,3.635860e-02,5.786389e-02,3.145394e-01,2.433927e-01,1.100566e-01,8.847823e-02,3.473815e-01,8.552147e-02
0.000000e+00,3.330176e-01,6.004543e-02,0.000000e+00,2.189671e-01,0.000000e+00,1.688023e-01,3.159712e-01,3.030534e-01,2.265066e-01
7.018452e-01,1.144871e+00,6.847622e-01,8.136707e-01,1.161953e+00,2.150070e+00,5.329609e+00,1.594127e+00,1.691138e+00,0.000000e+00
2.625019e+00,2.497155e+00,0.000000e+00,5.405964e-01,3.295557e+00,8.721893e-01,4.321815e-01,1.240304e+00,0.000000e+00,0.000000e+00
0.000000e+00,5.253798e-02,7.820819e-02,9.481433e-02,3.175797e-01,1.393945e-01,1.587460e-01,1.658286e-01,3.027544e-01,1.457366e-02
0.000000e+00,0.000000e+00,0.000000e+00,8.859054e-02,1.474134e-01,6.989657e-01,0.000000e+00,1.687087e-01,6.852485e-01,0.000000e+00
6.986121e-02,0.000000e+00,9.285784e-02,7.773081e-02,1.035486e+00,1.339867e+00,6.282936e-01,0.000000e+00,2.107784e-01,2.865938e-01
0.000000e+00,0.000000e+00,8.408978e-02,5.122421e-02,9.494874e-02,2.757181e-01,2.075599e-01,2.204595e-01,2.518980e-01,4.474914e-02
1.694805e-01,1.622810e+00,6.985456e-01,7.606753e-02,0.000000e+00,1.405376e+00,1.465143e+00,8.250935e-01,0.000000e+00,2.954321e-01
2.628434e+00,7.638464e-01,1.337570e-01,6.255850e-01,0.000000e+00,1.036340e+00,5.938194e-01,1.317631e+00,1.386741e+00,0.000000e+00
0.000000e+00,2.014173e-01,1.933134e-01,1.282005e-01,1.223759e-01,3.315719e-01,0.000000e+00,3.622227e-02,6.074452e-01,3.235934e-02
4.124517e-03,0.000000e+00,1.036419e-01,4.002133e-02,2.007185e-01,3.410898e-01,3.591209e-02,3.294502e-01,4.210386e-01,4.489306e-02
1.588140e-01,0.000000e+00,1.900605e-02,0.000000e+00,3.685923e-01,1.558578e-01,0.000000e+00,2.435599e-01,1.310260e-01,5.559629e-02
2.507884e-01,0.000000e+00,0.000000e+00,1.259816e-01,7.562527e-01,7.519391e-01,3.180853e-01,4.224338e-01,1.308575e-01,4.376356e-02
5.197787e-01,0.000000e+00,8.343527e-01,2.058012e-01,8.015384e-01,2.543900e+00,5.753341e+00,2.978678e-01,6.472597e-01,0.000000e+00
5.975874e-02,3.780867e-02,4.246449e-02,0.000000e+00,5.018883e-01,9.858224e-03,3.307053e-01,3.408990e-01,7.943703e-02,1.476103e-03
0.000000e+00,1.031465e-01,4.609668e-01,1.383810e-01,2.478902e-01,3.486166e-01,1.095413e-02,0.000000e+00,0.000000e+00,0.000000e+00
6.491222e-01,0.000000e+00,0.000000e+00,0.000000e+00,0.000000e+00,0.000000e+00,0.000000e+00,0.000000e+00,1.016383e+01,0.000000e+00
0.000000e+00,1.095237e-01,3.801350e-02,4.119175e-02,5.389088e-01,6.366321e-02,1.168979e-01,2.930702e-01,1.720406e-01,1.960250e-02
3.097489e-02,9.382107e-02,3.264041e-02,2.978927e-02,6.434472e-01,1.621665e-01,1.998141e-01,1.661552e-01,3.012635e-01,0.000000e+00
0.000000e+00,1.291188e+00,5.950291e-01,5.798647e-01,3.960405e+00,0.000000e+00,1.385252e+00,0.000000e+00,1.132104e+00,4.079884e-01
2.643635e-01,1.620576e-01,0.000000e+00,5.600349e-01,0.000000e+00,1.534439e+00,1.760182e+00,3.569572e-01,6.104197e+00,1.125106e-01
1.636072e-01,4.869544e-01,6.170063e-02,1.604917e-01,6.946542e-01,9.787334e-01,2.774310e-01,9.229223e-01,1.297701e+00,0.000000e+00
1.623402e-01,0.000000e+00,1.525104e-02,0.000000e+00,3.292242e-01,2.115297e-01,0.000000e+00,2.068572e-01,2.321679e-01,1.363387e-01
1.619981e+00,5.106541e-01,4.643902e-02,2.142581e-01,9.766186e-01,4.073026e-01,1.097151e-02,5.108913e-01,0.000000e+00,2.414677e-01
4.843140e-02,4.975572e-02,2.430268e-01,1.428939e-01,0.000000e+00,3.240239e-01,2.525429e-01,0.000000e+00,1.735611e-01,5.693362e-02
7.232591e-02,8.629418e-03,0.000000e+00,9.236075e-02,6.737679e-01,1.302724e-01,3.172571e-02,5.743265e-01,3.262835e-01,0.000000e+00
8.981066e-02,1.368654e-01,4.215058e-02,0.000000e+00,2.587823e-01,1.016688e-01,2.017280e-01,2.489276e-01,2.680834e-01,1.083626e-02
7.769618e-02,3.646116e-02,2.809402e-02,1.929987e-01,5.848569e-02,3.956904e-01,5.449006e-02,2.920471e-01,2.669428e-01,2.774488e-02
0.000000e+00,1.862628e+00,8.973449e-02,1.195438e+00,0.000000e+00,4.499572e+00,8.461164e-01,7.781568e-01,9.902883e-01,0.000000e+00
7.163993e-02,1.435376e-01,2.491559e-01,9.568698e-02,1.366213e-01,8.097855e-01,4.836599e-01,2.050144e-02,1.283446e-01,1.647466e-02
6.329892e-02,3.776139e-02,0.000000e+00,2.387200e-02,5.888540e-01,2.470248e-01,6.686240e-02,2.913120e-01,1.793142e-01,0.000000e+00
8.275978e-02,0.000000e+00,0.000000e+00,0.000000e+00,4.301552e-01,3.455397e-01,2.102803e-01,2.502761e-01,2.331836e-01,7.583993e-02
1.654210e-01,2.534813e-01,4.677632e-01,0.000000e+00,1.828765e-01,4.640469e-01,7.147176e-01,2.406739e-01,1.055820e-01,0.000000e+00
2.323156e-02,2.143958e-01,6.458676e-02,5.573584e-02,5.296591e-01,4.397338e-01,5.287935e-01,1.654761e-02,1.643470e-01,0.000000e+00
1.329769e-01,0.000000e+00,1.655585e-01,3.813919e-02,7.397590e-02,4.298203e-01,0.000000e+00,1.997582e-01,8.269265e-01,1.666992e-01
5.291690e-01,2.143911e-02,0.000000e+00,1.098186e-01,1.435485e-01,1.194684e-01,0.000000e+00,6.067109e-02,0.000000e+00,2.223574e-01
5.206979e-01,9.423829e-01,2.635970e-01,1.988354e-01,3.041452e+00,3.847147e-02,2.174002e-01,1.893152e+00,1.087593e+00,3.490513e-01
2.868242e-02,1.925177e-01,1.973072e-02,1.062326e-03,1.178655e+00,2.078010e-01,6.127678e-02,7.889552e-01,9.414485e-01,0.000000e+00
2.791386e+00,1.521040e+00,5.917823e-02,2.041196e-01,2.123976e+00,0.000000e+00,6.327025e-01,2.320382e+00,0.000000e+00,0.000000e+00
1.803103e-01,8.722977e-02,0.000000e+00,8.945913e-02,6.645026e-01,2.974815e-01,0.000000e+00,1.073014e+00,3.498702e-01,2.207391e-01
0.000000e+00,5.829333e-01,4.744907e-01,0.000000e+00,1.717688e+00,6.836454e-01,3.678988e-01,5.855299e-01,1.103031e+00,0.000000e+00
4.015771e-02,1.360873e-01,7.126357e-02,9.377716e-02,4.612511e-01,3.187767e-01,0.000000e+00,2.729077e-01,3.576110e-01,1.141537e-02
1.622702e-01,0.000000e+00,3.656509e-02,1.638401e-01,3.273393e-01,1.973598e-01,1.050306e-01,2.776618e-01,1.246547e-01,4.826181e-02
2.386668e-01,1.314801e-01,4.844679e-02,0.000000e+00,8.550092e-01,3.285109e-01,4.656647e-02,2.533709e-01,4.564699e-01,1.410439e-01
2.260247e-01,3.659187e-01,3.599673e-01,1.341819e-01,1.505146e-01,7.264371e-01,7.554273e-01,2.439149e-01,6.567855e-01,2.441723e-01
3.102815e+00,2.911904e+00,3.710394e-01,9.492111e-01,2.211400e+00,2.156978e+00,1.291986e+00,1.266478e+00,7.525609e-01,7.942283e-01
3.181280e-01,4.297183e-01,0.000000e+00,3.761460e-01,1.325431e+00,6.776924e-01,5.314784e-01,8.907565e-01,6.300417e-01,0.000000e+00
0.000000e+00,0.000000e+00,1.576004e-01,0.000000e+00,4.076991e-01,3.175577e-01,7.750679e-02,1.922399e-01,3.669216e-01,0.000000e+00
2.517426e-01,9.790284e-02,0.000000e+00,6.055151e-01,1.477030e+00,4.078074e-01,6.840241e-01,1.617170e+00,0.000000e+00,4.349593e-01
2.237411e-01,0.000000e+00,0.000000e+00,2.654665e-02,4.272094e-01,1.480962e-01,1.200802e-01,3.066781e-01,4.245624e-01,0.000000e+00
6.146945e-02,1.161117e-01,1.181977e-01,6.630376e-02,2.433714e-01,2.727774e-02,6.477348e-01,1.095722e-01,2.127718e-02,0.000000e+00
4.894260e-02,0.000000e+00,1.693061e-01,0.000000e+00,6.931306e-01,1.159611e+00,6.272001e-01,3.092531e-01,4.460870e-01,3.180483e-02
2.156947e-01,2.843721e-01,2.516222e-01,8.616775e-02,7.771048e-01,1.803864e-01,4.335602e-01,0.000000e+00,5.584842e-01,0.000000e+00
6.896813e-01,0.000000e+00,7.775337e-02,0.000000e+00,2.293712e-01,7.413931e-01,2.712429e-01,0.000000e+00,1.550535e-01,2.737962e-01
0.000000e+00,1.679526e-01,9.615877e-02,9.259255e-03,4.766572e-01,1.174275e-01,0.000000e+00,1.972595e-01,2.683178e-01,0.000000e+00
3.145385e+00,2.073477e+00,0.000000e+00,6.038976e-01,2.296624e+00,1.121185e+00,7.679886e-01,1.543964e+00,1.142517e-01,4.557669e-01
1.648159e-01,0.000000e+00,1.814507e-02,0.000000e+00,8.608141e-01,8.096718e-02,1.938891e-01,4.288752e-01,2.395659e-01,1.146184e-01
3.279023e+00,3.182785e+00,1.145382e-01,3.949294e-01,1.354341e+00,1.492759e+00,1.176469e+00,1.583345e+00,1.051374e+00,6.541733e-01
2.452067e-02,7.462757e-02,1.589219e-01,4.658927e-02,3.798787e-01,0.000000e+00,2.208722e-02,2.589174e-01,1.421020e-01,7.385911e-02
3.870559e-02,0.000000e+00,4.371337e-01,1.090165e-01,2.405530e-01,5.255180e-01,2.717282e-01,1.141918e-01,8.299525e-02,0.000000e+00
1.614090e-01,3.593515e-01,3.454580e-02,2.373729e-01,1.230613e+00,3.789191e-01,0.000000e+00,6.912964e-01,6.696049e-01,1.018993e-01
5.985240e-01,1.048861e-01,0.000000e+00,3.850563e-01,2.393983e+00,1.432483e-01,1.306548e+00,0.000000e+00,3.501607e-01,0.000000e+00
2.119572e-01,2.684994e-01,1.819467e-01,3.040315e-02,3.954011e-01,3.225128e-02,5.353021e-02,2.211372e-01,2.749363e-01,6.950022e-02
0.000000e+00,5.593515e-03,1.929125e-01,5.245906e-02,6.533879e-02,6.569361e-01,0.000000e+00,1.156138e-01,1.187305e-01,0.000000e+00
4.867978e-02,1.657244e-01,0.000000e+00,1.550919e-01,4.456969e-01,2.191276e-01,2.499197e-01,3.360231e-01,3.492924e-01,1.437634e-01
4.634817e-01,1.539242e-01,1.056488e-01,0.000000e+00,3.736520e-01,7.733003e-01,4.294543e-01,2.685621e-01,7.768416e-01,9.862433e-02
0.000000e+00,0.000000e+00,0.000000e+00,3.441325e-01,0.000000e+00,0.000000e+00,3.365128e+00,8.206311e-01,2.744928e-01,0.000000e+00
0.000000e+00,4.018659e-02,0.000000e+00,0.000000e+00,7.086841e-01,1.905375e-02,0.000000e+00,6.331291e-01,2.155286e-01,0.000000e+00
0.000000e+00,0.000000e+00,8.738097e-02,0.000000e+00,4.718825e-01,8.987147e-02,4.438302e+00,3.874132e-01,7.368989e-02,0.000000e+00
1.700956e-01,9.507549e-02,6.393122e-02,4.844594e-02,5.113472e-01,2.899281e-01,3.664298e-01,3.777557e-01,2.659042e-01,5.001523e-02
0.000000e+00,1.053796e-01,2.418292e-01,0.000000e+00,8.443138e-01,3.188467e-01,3.762404e-02,3.603816e-01,4.640005e-01,0.000000e+00
0.000000e+00,4.236678e-01,2.626379e-01,2.199553e-02,2.747579e-01,6.357143e-01,9.782466e-02,4.932902e-02,3.184037e-01,7.305279e-02
2.255021e-01,1.398425e-01,5.419952e-03,0.000000e+00,5.070844e-01,3.055093e-01,2.398503e-01,1.694736e-01,3.992174e-01,1.850362e-02
3.443551e+00,1.900273e+00,1.432718e-01,4.702114e-01,1.892279e+00,1.134647e+00,3.505075e-01,1.268504e+00,8.640811e-01,1.187110e+00
7.803112e-02,1.413651e-02,1.084338e-01,3.839923e-02,4.042672e-01,1.942534e-01,2.230508e-02,3.105517e-01,2.322429e-01,9.987057e-03
2.307139e+00,2.100179e+00,5.077347e-02,7.539726e-01,2.013507e+00,1.847163e+00,1.332439e+00,1.005783e+00,5.545126e-01,1.425469e-01
0.000000e+00,3.337768e-02,1.124725e-01,0.000000e+00,6.343489e-01,7.883390e-02,4.647972e-02,4.611086e-01,3.693151e-01,2.097826e-01
1.255999e-01,5.372355e-03,2.590482e-01,4.065334e-02,8.402994e-01,1.370302e-01,8.136980e-02,4.287665e-01,3.658843e-01,7.794979e-02
3.796152e-01,0.000000e+00,0.000000e+00,0.000000e+00,4.304786e-01,0.000000e+00,0.000000e+00,1.584317e-01,0.000000e+00,0.000000e+00
6.861604e-01,2.987507e-01,0.000000e+00,0.000000e+00,6.201771e-01,0.000000e+00,8.817280e-01,1.030157e+00,6.017680e-02,5.843315e-01
2.801359e-01,0.000000e+00,8.158110e-02,5.316462e-02,1.013268e+00,6.791760e-01,4.506149e-02,5.947268e-01,6.480581e-01,2.888604e-01
7.083960e-02,2.918858e+00,1.696169e-01,8.166233e-01,2.403925e+00,0.000000e+00,1.336004e+00,8.441975e-01,3.999946e+00,0.000000e+00
3.387597e-01,2.605143e+00,1.501317e-01,6.626673e-01,1.484701e+00,2.533441e+00,2.352143e+00,3.891236e-01,1.327923e+00,4.964679e-01
3.381024e-02,1.186183e-02,1.084211e-01,1.703119e-01,4.710536e-01,1.838012e-01,4.239717e-02,1.934556e-01,3.407230e-01,1.474604e-02
6.261357e-01,2.695418e-01,0.000000e+00,1.586182e-01,7.359335e-01,4.507674e-01,1.729672e-01,5.508187e-01,2.962270e-01,2.875747e-01
7.140806e-02,8.366437e-02,0.000000e+00,0.000000e+00,5.135201e-01,2.624809e-01,9.105133e-02,1.610210e-01,4.269423e-01,1.665723e-02
4.296456e-01,0.000000e+00,5.132578e-02,0.000000e+00,1.208605e+00,1.048426e+00,6.577466e-01,5.883458e-01,3.614668e-01,8.630712e-02
0.000000e+00,0.000000e+00,0.000000e+00,0.000000e+00,8.036204e-01,0.000000e+00,2.610181e+00,0.000000e+00,0.000000e+00,4.617765e-02
2.807186e+00,2.301263e+00,3.273672e-01,6.347135e-01,1.527435e+00,1.447603e+00,7.186368e-01,8.051156e-01,8.689908e-01,4.520647e-01
2.467381e-01,1.394055e-01,5.882733e-04,5.750850e-02,2.785901e-01,5.140956e-02,1.434648e-01,2.828374e-03,1.632929e-01,1.609728e-02
1.099357e-01,7.361442e-03,3.017420e-02,1.239545e-02,2.837357e-01,2.390491e-01,1.427464e-01,1.331480e-01,5.886460e-01,3.165390e-02
3.554573e+00,4.509771e+00,8.038544e-01,1.157324e+00,3.272795e+00,2.156404e+00,1.031350e+00,6.709249e-01,8.718935e-02,8.896389e-01
6.130950e-02,1.543477e-01,5.638824e-02,6.434501e-02,3.341415e-01,4.017959e-01,1.478153e-01,2.992826e-01,3.156326e-01,0.000000e+00
5.001111e-01,1.995695e-01,0.000000e+00,8.442676e-02,1.075984e+00,3.233176e-01,6.509271e-01,7.478723e-01,2.427193e-01,8.796543e-02
1.602733e-03,0.000000e+00,0.000000e+00,7.708753e-02,4.178807e-01,1.839750e-01,1.100381e-01,3.139256e-01,3.499618e-01,0.000000e+00
5.935413e-02,1.279193e-01,3.328186e-02,1.240310e-02,2.814197e-01,1.826720e-01,4.552846e-02,3.171489e-01,9.247409e-02,1.076534e-02
7.800072e-03,6.857984e-02,1.712374e-01,0.000000e+00,3.676680e-01,3.051912e-01,1.418443e-02,2.727548e-01,4.437405e-02,0.000000e+00
1.328133e+00,6.489921e-01,9.894874e-02,2.018706e-01,0.000000e+00,3.085055e-01,5.444946e-01,4.217957e-01,1.422348e-01,1.042765e-01
3.633162e-03,0.000000e+00,0.000000e+00,0.000000e+00,5.658647e-01,2.018409e-01,2.287543e-01,4.408144e-01,3.385369e-01,2.370829e-02
8.541996e-02,2.808327e-01,0.000000e+00,1.577157e-01,6.617743e-01,8.685786e-01,3.948129e-01,1.441715e+00,1.425562e+00,3.339158e-02
3.167389e+00,1.992789e+00,0.000000e+00,4.550708e-01,1.377548e+00,1.690004e+00,1.406038e+00,8.878500e-01,1.135811e+00,3.037428e-01
6.236748e-02,7.950159e-02,8.145986e-02,0.000000e+00,1.220686e-01,0.000000e+00,1.309549e+00,0.000000e+00,0.000000e+00,6.621077e-02
1.155435e+00,6.158324e-01,3.537420e-01,4.317010e-01,0.000000e+00,2.818060e+00,3.493417e+00,3.802714e+00,0.000000e+00,1.396423e-01
3.827081e-01,2.922691e-01,7.875020e-02,4.175239e-01,1.793939e-01,5.639763e-01,2.395646e-01,0.000000e+00,6.406543e-01,1.490602e-01
3.779898e+00,4.519868e+00,8.191470e-01,9.076045e-01,1.838330e+00,3.103702e+00,1.871406e+00,4.877373e-01,7.721200e-01,1.235270e+00
2.254791e+00,1.007948e-01,0.000000e+00,3.969610e-01,8.650547e-01,1.579241e+00,9.671190e-01,1.764491e+00,6.591059e-01,0.000000e+00
8.743149e-01,5.439155e+00,1.154560e+00,1.934001e+00,3.226728e+00,7.161597e+00,1.904348e+00,1.562135e-01,3.325227e+00,2.056953e-01
4.149673e-02,2.595729e-01,4.759203e-02,2.857489e-02,7.859134e-01,3.621809e-01,3.650231e-01,3.252692e-01,1.591664e-01,0.000000e+00
2.770627e+00,1.479868e+00,8.566856e-02,2.364261e-01,2.735905e+00,7.968592e-01,5.154923e-01,1.162502e+00,0.000000e+00,5.713334e-01
3.365478e+00,2.741124e+00,3.879203e-01,4.503658e-01,2.926330e+00,2.137396e+00,5.501935e-01,1.787848e+00,2.318385e-01,9.133148e-01
2.659437e+00,8.954592e-01,0.000000e+00,4.438714e-01,2.760270e+00,0.000000e+00,5.667118e-01,1.100328e+00,2.170641e-01,4.097639e-01
1.310935e-01,1.265677e-01,7.418487e-02,9.845671e-02,1.030954e+00,0.000000e+00,2.012366e-01,5.913775e-01,0.000000e+00,5.452270e-02
1.913466e-01,1.390519e-02,0.000000e+00,0.000000e+00,3.645494e-01,1.168621e-01,9.182155e-02,1.223209e-01,7.555033e-02,6.361392e-02
9.772596e-02,1.474439e-01,4.736246e-02,0.000000e+00,6.032496e-02,3.959837e-01,3.366854e-02,2.153426e-01,2.821353e-01,1.001150e-01
1.076234e-01,2.307430e-01,9.326376e-02,7.773808e-02,1.642707e-01,1.938508e-01,2.641267e-01,2.099100e-01,8.211481e-01,9.718295e-03
1.102390e-01,6.679667e-03,0.000000e+00,2.019152e-01,8.664584e-01,3.143748e-01,0.000000e+00,3.998218e-01,3.335095e-01,1.653774e-01
1.948561e-01,1.418363e-01,5.254542e-02,2.563853e-02,1.731745e-01,1.579329e-01,0.000000e+00,9.288854e-02,1.586172e-01,1.175595e-02
5.978189e-02,8.859935e-02,2.371260e-01,1.571309e-01,8.554573e-01,0.000000e+00,1.663473e-01,0.000000e+00,3.494656e-01,6.065088e-02
0.000000e+00,1.334783e-01,4.061632e-02,0.000000e+00,2.303029e+00,9.368975e-01,3.980846e-01,1.186330e+00,1.626144e+00,2.474869e-01
0.000000e+00,0.000000e+00,0.000000e+00,0.000000e+00,7.276147e-01,4.928684e-01,0.000000e+00,1.576043e+00,6.132202e-02,0.000000e+00
3.590310e-01,0.000000e+00,3.617167e-02,9.033438e-02,2.967376e-01,2.520859e-01,3.062387e-01,0.000000e+00,8.302944e-02,1.153161e-01
0.000000e+00,3.262820e-01,3.396416e-01,2.013230e-01,0.000000e+00,4.370825e-01,4.685979e-01,1.077685e-01,6.159900e-02,0.000000e+00
1.471705e-02,1.842408e-01,5.028539e-02,7.020277e-02,4.904024e-01,6.775599e-02,0.000000e+00,0.000000e+00,6.893457e-01,7.007221e-02
3.261782e+00,3.517773e+00,7.052159e-01,1.136292e+00,1.529710e+00,2.638516e+00,2.265673e+00,2.483112e-01,4.640238e-01,1.006428e+00
0.000000e+00,0.000000e+00,1.370826e-01,0.000000e+00,3.571967e-01,1.622472e-01,1.288966e-01,3.666564e-01,1.456009e-01,4.171647e-02
1.689380e-01,0.000000e+00,5.671228e-02,0.000000e+00,2.539797e-01,1.348279e-01,2.013920e-01,1.770128e-01,0.000000e+00,5.121170e-02
4.043650e-02,0.000000e+00,0.000000e+00,0.000000e+00,4.189947e-01,2.250638e-01,0.000000e+00,4.448264e-01,2.259498e-01,1.669005e-02
1.321082e-01,0.000000e+00,7.482572e-02,8.943519e-02,3.160668e-01,1.221675e-01,1.657135e-01,3.056080e-01,1.039160e-01,1.993167e-02
2.518253e-01,3.546042e-02,0.000000e+00,0.000000e+00,4.578339e-01,9.646107e-02,1.439630e-01,1.830212e-01,4.227567e-02,7.599094e-02
2.401041e-01,0.000000e+00,0.000000e+00,3.698978e-02,6.600132e-01,0.000000e+00,0.000000e+00,2.749861e-01,7.038688e-02,1.181715e-01
1.063014e-01,0.000000e+00,1.001469e-01,0.000000e+00,6.825710e-01,3.058122e-01,0.000000e+00,2.581247e-01,3.355684e-01,1.381668e-01
7.439265e-02,1.440731e-01,1.017380e-02,2.227538e-01,5.135805e-01,2.755095e-01,1.154708e-01,5.926988e-01,0.000000e+00,7.350128e-02
0.000000e+00,1.879264e-01,6.298409e-01,1.765708e-02,1.683642e-01,5.154998e-01,3.549069e-02,1.022905e-01,2.399276e-01,1.895863e-01
2.756297e-01,0.000000e+00,0.000000e+00,0.000000e+00,4.723707e-01,2.700722e-01,3.690793e-02,4.697961e-01,1.228788e-01,8.735151e-02
2.245560e-01,0.000000e+00,0.000000e+00,0.000000e+00,6.572747e-01,1.918371e-01,1.778726e-01,3.479487e-01,3.074573e-01,8.074484e-02
8.598109e-02,0.000000e+00,3.188003e-02,4.056326e-02,4.027276e-01,2.474813e-01,0.000000e+00,4.190854e-01,2.331578e-01,2.036484e-02
2.913484e-02,0.000000e+00,3.893121e-02,1.924743e-01,4.871331e-01,1.806660e-01,7.292309e-02,2.911477e-01,3.675304e-01,7.046060e-02
0.000000e+00,4.058462e-01,3.005767e-01,1.774902e-01,1.675179e+00,1.027954e+00,0.000000e+00,4.690585e-01,8.902930e-01,0.000000e+00
0.000000e+00,9.270175e-02,8.472492e-02,1.913253e-01,2.043771e-01,3.918513e-01,2.381686e-01,2.628770e-01,3.920842e-01,0.000000e+00
6.048993e-01,3.190706e-01,2.988342e+00,2.074558e-01,1.087093e+00,0.000000e+00,2.024140e-01,5.347946e-01,0.000000e+00,0.000000e+00
6.744649e-01,1.999136e-01,4.017496e+00,3.339366e-01,9.348987e-01,0.000000e+00,7.762603e-01,9.903063e-01,0.000000e+00,0.000000e+00
1.113444e+00,7.880578e-01,5.885211e+00,7.554652e-01,1.389371e+00,4.078980e+00,1.956168e+00,0.000000e+00,6.069962e-01,2.654255e-01
0.000000e+00,2.912353e-01,5.769883e+00,4.654688e-03,7.581226e-01,1.333983e+00,7.525083e-01,7.854125e-01,3.227890e-01,1.721713e+00
1.116651e-01,0.000000e+00,3.968964e+00,0.000000e+00,5.057682e-01,4.897293e-01,0.000000e+00,8.285987e-01,1.348463e-01,3.562222e-01
1.281410e+00,0.000000e+00,5.561222e+00,3.952103e-01,1.777367e+00,2.392027e+00,6.447991e-01,9.298935e-02,0.000000e+00,0.000000e+00
0.000000e+00,0.000000e+00,1.495082e+00,0.000000e+00,1.790026e-01,0.000000e+00,2.595732e-01,0.000000e+00,0.000000e+00,4.047359e-01
1.793490e-02,0.000000e+00,4.755500e+00,1.041898e-01,7.986303e-01,7.427261e-02,0.000000e+00,1.106736e+00,0.000000e+00,1.138879e+00
6.504609e-02,7.194320e-02,2.042053e+00,0.000000e+00,0.000000e+00,0.000000e+00,5.136729e-01,3.289432e-01,0.000000e+00,4.577453e-01
0.000000e+00,0.000000e+00,4.934157e+00,0.000000e+00,0.000000e+00,4.697668e-01,0.000000e+00,1.561806e+00,1.197125e-01,8.305493e-01
