4.746152e+00,2.376945e-01,0.000000e+00,3.009636e-01,1.844510e+00,4.474108e-02,4.046001e-01,1.124011e+00,5.671109e-01,8.866680e-01
4.616820e+00,0.000000e+00,1.874912e+00,8.430434e-01,0.000000e+00,3.001423e-01,7.355729e-01,2.682239e-01,5.613529e-01,8.948752e-01
3.464176e+00,2.090957e+00,1.348169e+00,9.352414e-01,1.993904e+00,6.185973e-01,1.098860e+00,2.066057e-02,2.969250e-01,1.820838e-01
4.479842e+00,4.141795e-01,3.415834e-01,1.542340e-01,1.328866e+00,6.887121e-01,7.860979e-01,9.394699e-01,5.343779e-01,8.487709e-01
4.779844e+00,1.186418e-01,4.202473e-01,5.352799e-01,3.866154e-01,7.378815e-01,8.328131e-01,1.100657e+00,0.000000e+00,0.000000e+00
4.287222e+00,4.256827e-01,4.714988e-01,5.489118e-01,2.235721e+00,1.040881e+00,7.124665e-01,4.674649e-01,8.302698e-02,1.223264e+00
4.145883e+00,2.881513e-01,4.915341e-01,0.000000e+00,3.190580e+00,1.281038e+00,9.950057e-01,5.568809e-02,0.000000e+00,1.224607e+00
4.216595e+00,8.600328e-02,1.497772e+00,4.214250e-01,1.536504e+00,5.816930e-01,1.235928e+00,0.000000e+00,5.134443e-01,1.441191e+00
3.864855e+00,8.309581e-01,1.732086e+00,0.000000e+00,1.819967e+00,1.234350e+00,3.329348e-01,0.000000e+00,5.006651e-01,1.831133e+00
5.139014e+00,0.000000e+00,3.181535e-01,9.152275e-01,0.000000e+00,9.213464e-01,2.419342e-01,6.489849e-01,6.659539e-01,5.699754e-01
4.080981e+00,4.382202e-02,1.703784e+00,7.554743e-01,1.631705e+00,1.015119e+00,3.107892e-01,5.672171e-03,5.872778e-01,1.703276e+00
4.751660e+00,1.309689e-01,6.242007e-01,2.122791e+00,6.062581e-01,7.075873e-01,2.357213e-01,2.063584e-01,7.052916e-01,2.061566e-01
4.624796e+00,0.000000e+00,2.493733e-01,3.307452e-01,1.227313e+00,1.683518e-01,1.121684e+00,1.203880e+00,0.000000e+00,1.119978e+00
4.072998e+00,1.123270e+00,1.537608e+00,0.000000e+00,1.009710e+00,2.372691e-01,1.624932e+00,3.188255e-01,4.905403e-01,8.579964e-01
4.334598e+00,1.412577e+00,1.255192e+00,5.632217e-01,9.349645e-02,1.151423e+00,1.277329e-01,5.097644e-01,7.569438e-01,4.598382e-01
4.376208e+00,0.000000e+00,1.526176e+00,8.005454e-02,2.024927e+00,3.600487e-01,9.389160e-01,5.105613e-02,5.160759e-01,1.409821e+00
4.712679e+00,0.000000e+00,3.606786e-01,2.547139e+00,1.519923e+00,4.198746e-01,0.000000e+00,1.526989e-01,6.641893e-01,2.937985e-01
4.474711e+00,2.719757e-01,1.786410e+00,9.682158e-01,4.752582e-01,4.619664e-02,1.180433e+00,7.873502e-02,5.439402e-01,9.195406e-01
4.748813e+00,0.000000e+00,1.269990e-01,2.265380e-02,7.318184e-01,5.038314e-01,1.429904e+00,1.151614e+00,6.627267e-02,1.040397e+00
4.346663e+00,4.596423e-01,9.258794e-01,1.096483e+00,8.296308e-01,5.698986e-01,1.756698e+00,1.460837e-01,9.704144e-02,7.587905e-01
4.323906e+00,1.422354e+00,2.399376e-01,3.633929e+00,7.618771e-01,0.000000e+00,7.023306e-02,0.000000e+00,3.806244e-01,1.658452e+00
4.625066e+00,3.410216e-01,0.000000e+00,4.530651e-01,8.883141e-01,6.272679e-01,8.267505e-01,1.181126e+00,4.137724e-01,6.190410e-01
4.244844e+00,6.883723e-01,1.542025e+00,0.000000e+00,1.632629e+00,5.372133e-01,4.213794e-01,1.164509e-01,5.980124e-01,2.027553e+00
5.339946e+00,0.000000e+00,9.473657e-01,7.073983e-01,0.000000e+00,1.116230e+00,0.000000e+00,0.000000e+00,3.790321e-01,6.123265e-01
4.781043e+00,4.809355e-01,1.118506e-01,4.481753e-01,6.149213e-01,3.968336e-01,8.347883e-01,1.060068e+00,0.000000e+00,1.564716e+00
4.497584e+00,5.090384e-01,2.857422e-01,6.217340e-01,8.440136e-01,7.970433e-01,9.147930e-01,8.346469e-01,5.995696e-01,6.837896e-01
4.736793e+00,6.024917e-01,8.055313e-01,1.323837e+00,0.000000e+00,6.900651e-01,0.000000e+00,4.285917e-01,6.987143e-01,1.537441e+00
4.095602e+00,6.670829e-01,1.871862e+00,4.049027e-01,8.977385e-01,8.220278e-01,8.879088e-01,5.274069e-02,6.011408e-01,7.864272e-01
3.200745e+00,4.140175e+00,1.555152e+00,7.253622e-01,2.359323e+00,3.078409e-01,0.000000e+00,2.808719e-02,3.805832e-01,1.000196e+00
4.465414e+00,3.345263e-01,6.661194e-01,5.848256e-01,2.747375e+00,0.000000e+00,1.050881e+00,0.000000e+00,6.739510e-01,6.900983e-01
4.250943e+00,1.518124e+00,1.391439e+00,0.000000e+00,1.294931e+00,2.413955e-01,1.044576e+00,0.000000e+00,6.230713e-01,1.789672e+00
4.755231e+00,0.000000e+00,5.373106e-01,5.711904e-01,2.308733e-01,9.553571e-01,5.109763e-01,9.032598e-01,4.518238e-01,8.090394e-01
4.573287e+00,0.000000e+00,7.226774e-01,1.545911e+00,1.981482e-01,1.073986e+00,3.782558e-01,5.803653e-01,1.915210e-01,1.412453e+00
4.655285e+00,1.619742e-02,7.215356e-01,3.258166e-01,2.331901e-01,4.555799e-01,1.108935e+00,8.081249e-01,5.197273e-01,1.450455e+00
4.760716e+00,0.000000e+00,3.919138e-01,8.897654e-01,1.257939e+00,3.583061e-02,8.273494e-02,1.068016e+00,6.121841e-01,6.604826e-01
4.604249e+00,2.096916e-01,1.241425e+00,1.439302e+00,1.072600e+00,8.478412e-01,3.616370e-01,0.000000e+00,7.679652e-02,4.824079e-02
4.128529e+00,1.160360e-01,3.031856e-01,0.000000e+00,4.132713e+00,8.897260e-01,3.019224e-01,5.276147e-01,4.506241e-01,7.009917e-01
4.030129e+00,1.187772e-01,4.418083e-01,4.320167e-02,4.876341e+00,8.141329e-01,0.000000e+00,4.095717e-01,3.336686e-01,4.030904e-01
4.899270e+00,9.877840e-01,3.868340e-01,2.164746e-01,0.000000e+00,1.258437e+00,0.000000e+00,9.381680e-01,1.959767e-01,5.365241e-01
3.484665e+00,4.431882e+00,0.000000e+00,1.239566e+00,1.439599e+00,7.695034e-01,2.235977e-01,5.897382e-01,0.000000e+00,1.026674e+00
3.595508e+00,1.177701e+00,1.509446e+00,3.963308e-01,2.006602e+00,7.658804e-01,1.276520e+00,1.274080e-01,0.000000e+00,1.241503e+00
4.987826e+00,0.000000e+00,3.656669e-01,3.907695e-01,3.418624e-01,7.583729e-01,4.536769e-02,1.002329e+00,1.163457e-01,1.519620e+00
4.101624e+00,7.161382e-01,1.630945e+00,3.904551e-01,7.729982e-01,7.874825e-01,1.176080e+00,4.873327e-02,1.310788e-01,2.305223e+00
4.894014e+00,6.969575e-01,0.000000e+00,4.602072e-01,2.765019e-01,1.264053e+00,4.306505e-01,8.392763e-01,9.529970e-02,8.369845e-01
3.994458e+00,6.009420e-02,1.822212e+00,0.000000e+00,2.063157e+00,6.898532e-01,6.885291e-01,3.347026e-02,5.419894e-01,2.098692e+00
4.142167e+00,2.604735e-01,7.398115e-01,7.996682e-01,2.101490e+00,1.652697e+00,1.751741e-01,0.000000e+00,5.039317e-01,1.779652e+00
4.621090e+00,2.991109e-02,8.020650e-01,1.159121e-01,1.208898e+00,7.769262e-01,2.184487e-01,8.505452e-01,6.771198e-01,9.233708e-01
3.803233e+00,6.649730e-01,1.031506e+00,5.330289e-01,2.803481e+00,6.043521e-01,1.473623e+00,0.000000e+00,0.000000e+00,1.503497e+00
4.904142e+00,6.618746e-01,0.000000e+00,4.900709e-02,9.594689e-01,7.444917e-01,4.166963e-01,8.336997e-01,5.712372e-01,8.734949e-01
4.256330e+00,2.368075e-01,1.956376e+00,3.843524e-01,1.059155e+00,2.254783e-01,1.491941e+00,0.000000e+00,5.848382e-01,5.212175e-01
4.126928e+00,8.252529e-02,1.682907e+00,2.596405e-01,9.908720e-01,1.222003e+00,1.024126e+00,1.558462e-01,1.912302e-01,1.836914e+00
4.267893e+00,1.153016e+00,1.641966e+00,7.768367e-01,3.646127e-01,2.417967e-02,1.633893e+00,1.655087e-01,5.530506e-01,0.000000e+00
3.598213e+00,3.106979e+00,4.828935e-01,9.934550e-01,1.803884e+00,7.595943e-01,8.120780e-01,5.044527e-01,7.243836e-02,2.107796e-01
4.395183e+00,0.000000e+00,7.539181e-01,2.222711e+00,2.403695e+00,0.000000e+00,3.928006e-01,0.000000e+00,3.520478e-01,9.720386e-01
4.491191e+00,0.000000e+00,9.903180e-01,3.350664e-01,1.098812e+00,3.767523e-01,0.000000e+00,1.183871e+00,0.000000e+00,1.753079e+00
4.985273e+00,1.610976e-01,0.000000e+00,6.170434e-01,1.992350e-01,1.606084e+00,5.656934e-01,4.405306e-01,7.863538e-02,1.925361e+00
4.692362e+00,7.904128e-01,0.000000e+00,8.610592e-01,6.136926e-01,6.683907e-01,6.195123e-01,8.063285e-01,7.317625e-01,1.216383e+00
4.663504e+00,0.000000e+00,2.512060e-01,9.846763e-01,1.189430e+00,1.009579e+00,0.000000e+00,7.050132e-01,5.397982e-01,1.253980e+00
3.726851e+00,3.039491e+00,1.468409e+00,1.066119e+00,9.839506e-01,2.866919e-01,8.901079e-01,0.000000e+00,2.694369e-02,8.776969e-01
4.222109e+00,1.262038e+00,1.471548e+00,0.000000e+00,3.735137e-01,5.983120e-01,1.381377e+00,1.367947e-01,7.334720e-01,1.380619e+00
4.785543e+00,0.000000e+00,1.571229e+00,5.799484e-01,5.907625e-01,7.920438e-02,1.022226e+00,2.650202e-02,6.238148e-01,1.147802e+00
4.251864e+00,1.313164e+00,5.448179e-01,0.000000e+00,7.898244e-01,5.538883e-01,1.624122e+00,8.699295e-01,4.830406e-01,6.657724e-02
4.064076e+00,0.000000e+00,1.911334e+00,5.032879e-01,7.543733e-01,8.697314e-01,1.082339e+00,8.116853e-02,6.757852e-01,1.657058e+00
4.353920e+00,8.294285e-01,3.653288e-01,1.334526e+00,8.641066e-01,1.543826e+00,0.000000e+00,6.592592e-01,0.000000e+00,9.280659e-01
4.432697e+00,0.000000e+00,2.159785e+00,8.439165e-01,3.586612e-02,7.004458e-01,9.113704e-01,8.920326e-02,9.685966e-02,1.097586e+00
4.591510e+00,0.000000e+00,3.281843e-01,1.788259e+00,1.740478e+00,0.000000e+00,2.232261e-01,5.349491e-01,5.974266e-01,1.440632e+00
4.631295e+00,1.985091e+00,1.813387e-01,9.034632e-02,0.000000e+00,8.490181e-01,5.976965e-01,9.597238e-01,6.827880e-01,3.509781e-01
4.735927e+00,6.942285e-01,0.000000e+00,5.027211e-01,7.697516e-01,9.355755e-01,4.588899e-01,1.123730e+00,1.270614e-01,3.338427e-01
4.731486e+00,6.466942e-01,1.656708e+00,1.926558e-01,2.455769e-01,1.884174e-01,5.651253e-01,3.094224e-01,7.714177e-01,6.048519e-01
3.812406e+00,2.620265e+00,1.686876e+00,9.186851e-01,3.260443e-01,8.793795e-01,3.026098e-01,2.808463e-01,7.777981e-02,7.069264e-01
4.321441e+00,1.140179e+00,0.000000e+00,3.067370e+00,1.146993e+00,0.000000e+00,0.000000e+00,4.835404e-01,1.254258e-01,1.854705e+00
4.027922e+00,8.142838e-02,1.836192e+00,7.497461e-01,1.819246e+00,7.487064e-01,2.697822e-02,2.509272e-01,5.596308e-01,1.309713e+00
4.721712e+00,0.000000e+00,4.723156e-01,0.000000e+00,1.616553e+00,2.972695e-01,6.275330e-02,1.277968e+00,3.832704e-01,7.586985e-01
4.178500e+00,5.587194e-01,8.196225e-01,7.419415e-01,1.453873e+00,3.302259e-01,5.843287e-01,1.089454e+00,0.000000e+00,7.215577e-01
4.563820e+00,5.391159e-01,1.052016e+00,1.333078e+00,0.000000e+00,0.000000e+00,6.968686e-01,5.851083e-01,8.218366e-01,7.631397e-01
4.100622e+00,1.982834e-01,2.091333e+00,0.000000e+00,1.853741e+00,4.244026e-01,3.250367e-01,0.000000e+00,6.615754e-01,2.023989e+00
4.673939e+00,5.805557e-01,1.808585e-01,2.952625e-01,8.097454e-01,1.201879e+00,4.459943e-01,1.043102e+00,1.915966e-02,6.298662e-01
4.843768e+00,3.858213e-01,2.862284e-01,4.531662e-02,7.121428e-01,7.528758e-01,3.730110e-01,9.318543e-01,6.074005e-01,1.206281e+00
4.260185e+00,8.885748e-01,1.175944e+00,2.734196e-01,1.295034e+00,0.000000e+00,1.881675e+00,1.459107e-01,4.546408e-01,1.026438e+00
4.208456e+00,2.409449e+00,1.705071e-01,0.000000e+00,2.299560e+00,9.189546e-01,6.536039e-01,2.142982e-01,4.880515e-01,4.717912e-01
4.537219e+00,8.324847e-01,3.090862e-01,1.450896e+00,8.540443e-01,0.000000e+00,5.018927e-01,6.968127e-01,7.901051e-01,1.289461e+00
4.317204e+00,8.479509e-01,0.000000e+00,2.157426e-01,2.312049e+00,6.973577e-01,7.322121e-01,9.197542e-01,1.486462e-02,1.042617e+00
4.703699e+00,1.692227e+00,5.030554e-01,6.138091e-01,0.000000e+00,0.000000e+00,6.352618e-01,1.147894e+00,0.000000e+00,3.106909e-01
4.340983e+00,2.497573e+00,0.000000e+00,9.586603e-02,9.527379e-01,3.666851e-01,7.922144e-01,1.061588e+00,1.233375e-01,1.053782e+00
3.968619e+00,4.465240e-01,4.332545e-01,1.204112e+00,3.292678e+00,7.537587e-01,7.876103e-01,2.489207e-01,4.637929e-01,0.000000e+00
4.270499e+00,2.688836e-02,1.999328e+00,4.365972e-01,4.933333e-01,7.855016e-01,8.498638e-01,1.405931e-01,6.003484e-01,1.420554e+00
4.134388e+00,4.417136e-01,1.537896e+00,0.000000e+00,1.815323e+00,1.092490e+00,1.468930e-01,0.000000e+00,4.632682e-01,2.286985e+00
4.604087e+00,9.512311e-02,2.014515e+00,4.139388e-01,5.520544e-01,5.223574e-01,4.491958e-02,0.000000e+00,6.084616e-01,2.087503e+00
4.842750e+00,3.111598e-01,3.717160e-01,0.000000e+00,1.074553e+00,1.673894e-01,2.891325e-01,1.303230e+00,6.173574e-01,2.159079e-01
4.158227e+00,7.724384e-01,1.781446e+00,1.101849e+00,7.842799e-01,4.345248e-01,7.423028e-01,0.000000e+00,1.207548e-01,2.034076e+00
4.111061e+00,2.684177e+00,1.529259e+00,8.735260e-01,1.002924e+00,0.000000e+00,2.972252e-01,1.054202e-01,5.191172e-01,4.932695e-01
4.045582e+00,0.000000e+00,1.686058e+00,0.000000e+00,1.513597e+00,9.312176e-01,1.388181e+00,0.000000e+00,5.417439e-01,1.552132e+00
4.872971e+00,0.000000e+00,0.000000e+00,3.360584e+00,7.677675e-01,3.776097e-02,0.000000e+00,3.607638e-02,4.301060e-01,2.648513e+00
4.279135e+00,0.000000e+00,8.753226e-01,4.114034e-01,2.704835e+00,7.730291e-01,3.779409e-01,3.385500e-01,3.389162e-01,1.080569e+00
4.814122e+00,2.680071e-01,4.037342e-01,1.177814e+00,0.000000e+00,1.140845e+00,4.495313e-01,5.970310e-01,2.979291e-01,1.635113e+00
4.771635e+00,4.540551e-02,5.467471e-01,0.000000e+00,2.208613e+00,1.396972e+00,0.000000e+00,7.675592e-02,2.739809e-01,1.006011e+00
4.249847e+00,7.485277e-01,7.000680e-01,2.008203e+00,8.365916e-01,6.767217e-01,6.751489e-01,3.996234e-01,5.131844e-01,1.109512e-01
4.364898e+00,2.403977e+00,1.880417e+00,2.056769e-01,3.247787e-01,0.000000e+00,7.247604e-01,1.658620e-02,5.555286e-01,0.000000e+00
4.272401e+00,5.811983e-01,5.590468e-01,2.217118e+00,2.923624e+00,0.000000e+00,0.000000e+00,1.381203e-01,4.494563e-01,2.516312e-01
4.725649e+00,1.010534e+00,0.000000e+00,3.537801e+00,0.000000e+00,5.071811e-02,4.394626e-01,0.000000e+00,5.729600e-03,2.795931e+00
3.666576e+00,3.307863e+00,8.671205e-01,1.991291e+00,1.216138e+00,3.761020e-01,1.720044e-01,1.957506e-01,4.816084e-01,5.881016e-01
4.636063e+00,0.000000e+00,1.189686e+00,6.985841e-01,2.178259e+00,1.766054e-01,4.843561e-01,2.022336e-01,3.605548e-01,0.000000e+00
4.017739e+00,1.063078e+00,0.000000e+00,0.000000e+00,4.481976e+00,2.407107e-01,1.069733e-01,8.056993e-01,4.720880e-01,5.931656e-01
4.619997e+00,3.507028e-01,7.059543e-01,4.706261e-01,3.931970e-01,7.793581e-01,4.376685e-01,9.501313e-01,6.255141e-01,4.206587e-01
4.064137e+00,2.028027e-01,8.257718e-01,0.000000e+00,2.955458e+00,7.805444e-01,1.071170e+00,4.293354e-01,0.000000e+00,1.685815e+00
4.125746e+00,7.647184e-01,0.000000e+00,1.482230e+00,2.793186e+00,1.079679e+00,5.766968e-01,0.000000e+00,4.419459e-01,1.419268e+00
4.218845e+00,9.034990e-02,1.978252e+00,7.778484e-01,1.094849e+00,3.416438e-01,8.533839e-01,2.199333e-01,5.311271e-01,6.796946e-01
4.710268e+00,3.224486e-01,4.440475e-01,5.209247e-02,1.219097e+00,1.667841e-01,1.373503e-01,1.285482e+00,5.018240e-01,9.198216e-01
4.465487e+00,7.207065e-01,4.332639e-02,3.148013e-01,1.145118e+00,1.052616e+00,8.506819e-01,9.735257e-01,5.156871e-01,4.350433e-01
4.721069e+00,6.731280e-02,0.000000e+00,6.078627e-01,6.581998e-01,1.720428e+00,8.486261e-01,6.710629e-01,2.606426e-02,5.097895e-01
4.366019e+00,6.710958e-01,1.515311e-01,9.751841e-01,3.355819e+00,3.435899e-01,4.002319e-01,3.579267e-01,0.000000e+00,2.821907e-01
4.790300e+00,4.818900e-01,5.940645e-01,1.426886e+00,0.000000e+00,5.952396e-01,4.795723e-01,4.462160e-01,7.087632e-01,1.213370e+00
4.543882e+00,0.000000e+00,8.088000e-01,1.850426e+00,1.773287e+00,1.252321e-01,2.154877e-01,1.536277e-01,6.536881e-01,1.173057e+00
4.221137e+00,4.894411e-01,1.583238e+00,2.026219e-01,9.897681e-01,7.753071e-01,9.029275e-01,2.838380e-01,5.765918e-01,8.831863e-01
4.278759e+00,8.126242e-02,1.903247e+00,2.645596e-01,7.887492e-01,8.382567e-01,7.704919e-01,0.000000e+00,5.624921e-01,1.922928e+00
4.452389e+00,1.164974e-02,1.403203e+00,4.811762e-01,1.513234e+00,7.393418e-01,6.754585e-01,0.000000e+00,5.063312e-01,9.548164e-01
4.615416e+00,3.816775e-02,0.000000e+00,3.126158e+00,1.059143e+00,0.000000e+00,7.816711e-01,0.000000e+00,3.993049e-01,2.337424e+00
4.624332e+00,1.735319e-01,1.276992e+00,1.285666e+00,4.072966e-01,4.315976e-01,6.262545e-01,1.893229e-01,1.433356e-01,2.163529e+00
3.986653e+00,0.000000e+00,5.776912e-01,8.917059e-02,4.287690e+00,9.541656e-01,7.801019e-01,1.457622e-01,4.132482e-01,4.425018e-01
4.275279e+00,2.725012e+00,6.835303e-02,3.565010e-01,5.336108e-01,6.543048e-01,8.432128e-01,1.081141e+00,0.000000e+00,0.000000e+00
4.628984e+00,5.207693e-02,3.932196e-01,1.810584e-01,7.341907e-01,9.723466e-01,8.115310e-01,1.055113e+00,0.000000e+00,1.107421e+00
4.647629e+00,1.234910e-01,1.140571e+00,1.486756e+00,2.627835e-01,7.321961e-01,7.282542e-01,2.322224e-01,6.218284e-01,0.000000e+00
3.832430e+00,2.725460e+00,1.034231e-01,1.587877e+00,1.454443e+00,1.250338e+00,5.462987e-01,2.317083e-01,0.000000e+00,8.098756e-01
4.930944e+00,0.000000e+00,2.726682e-01,1.119095e+00,8.043587e-01,1.366407e+00,1.174998e-01,3.095729e-01,6.927010e-01,0.000000e+00
4.835050e+00,1.251120e-01,3.560911e-01,3.033173e-01,5.847915e-01,1.077507e+00,3.712607e-01,1.033131e+00,4.931272e-01,0.000000e+00
4.479165e+00,6.388132e-01,3.059756e-01,2.322186e+00,1.567800e+00,0.000000e+00,4.398325e-01,2.348912e-01,4.574611e-01,7.091394e-01
3.979672e+00,1.508797e+00,8.097959e-01,1.414687e+00,9.491917e-01,6.909902e-01,1.142246e+00,4.025503e-01,2.227445e-01,5.394239e-01
4.809802e+00,0.000000e+00,4.891439e-01,9.132551e-01,0.000000e+00,1.160770e+00,5.137747e-01,9.175589e-01,3.267182e-02,1.108369e+00
4.768782e+00,0.000000e+00,1.823557e+00,9.275225e-03,4.863662e-01,1.980673e-01,7.292031e-01,7.272695e-02,6.710481e-01,1.681444e+00
4.233907e+00,0.000000e+00,6.064751e-01,2.785452e+00,1.187200e+00,9.270793e-01,6.594338e-01,8.920458e-02,4.654134e-01,5.323042e-01
4.658907e+00,2.200585e-01,0.000000e+00,9.218455e-01,5.487749e-01,1.159811e+00,9.552824e-01,9.002936e-01,0.000000e+00,6.312809e-01
4.335029e+00,3.935852e-01,2.152285e+00,3.042296e-01,5.583278e-01,0.000000e+00,1.376801e+00,1.675035e-01,6.476340e-01,3.594180e-01
4.090305e+00,3.307597e-01,1.247497e-03,1.088334e+00,3.626100e+00,1.259045e+00,4.113976e-01,2.421340e-01,4.881603e-01,5.245600e-01
3.907905e+00,2.835104e-01,1.949233e+00,4.511195e-01,1.430199e+00,1.000159e+00,7.120013e-01,0.000000e+00,6.071118e-01,1.441292e+00
4.371106e+00,1.452527e-01,2.255888e-01,4.607748e-01,4.048271e+00,5.985522e-02,1.300222e-01,6.138549e-01,5.366126e-01,0.000000e+00
4.809831e+00,0.000000e+00,8.516992e-01,1.177371e+00,1.385821e+00,5.681742e-01,3.380572e-01,2.247927e-01,5.301324e-01,0.000000e+00
4.708048e+00,1.850426e-01,1.470606e-01,1.090205e+00,8.645286e-01,1.320933e+00,1.912492e-02,7.788910e-01,3.741750e-01,0.000000e+00
3.911872e+00,7.606633e-01,1.723379e+00,0.000000e+00,1.266591e+00,5.269222e-01,1.976883e+00,9.227123e-02,4.806111e-01,7.725530e-01
4.164801e+00,1.767674e+00,9.618274e-02,8.612762e-01,1.834872e+00,4.376241e-01,6.003639e-01,1.053763e+00,0.000000e+00,4.449037e-02
4.379673e+00,9.660170e-01,2.011432e+00,7.985713e-01,7.861517e-01,0.000000e+00,6.793047e-01,5.888266e-02,6.006844e-01,3.511350e-01
4.653900e+00,7.026679e-02,1.687307e+00,8.785652e-01,0.000000e+00,2.144123e-01,1.444553e+00,5.523050e-02,6.615926e-01,4.134443e-01
4.478620e+00,0.000000e+00,0.000000e+00,3.421075e+00,2.052517e+00,0.000000e+00,0.000000e+00,0.000000e+00,0.000000e+00,2.917446e+00
4.330775e+00,8.118442e-02,9.792620e-01,7.901365e-01,9.109451e-01,5.196483e-01,1.120829e+00,6.091922e-01,6.026647e-01,9.828811e-01
4.839674e+00,1.096330e+00,3.315205e-01,4.743652e-01,0.000000e+00,9.523330e-01,1.255199e-01,8.067482e-01,2.141113e-01,1.621613e+00
4.229757e+00,5.714005e-03,6.711519e-01,1.118011e+00,2.014720e+00,1.391574e+00,1.029618e+00,3.759430e-02,4.677674e-01,1.232532e-01
4.037466e+00,2.282071e-01,7.195749e-01,1.689916e+00,9.261713e-01,1.312222e+00,1.144072e+00,0.000000e+00,6.316634e-01,2.079999e+00
4.372856e+00,2.339568e-02,1.714464e+00,4.927721e-01,1.717375e+00,7.584451e-01,2.775331e-01,5.569301e-06,5.997221e-01,7.256625e-01
4.212973e+00,6.166371e-02,1.677808e+00,1.357360e+00,9.232779e-01,5.569431e-01,7.851749e-01,1.811467e-01,5.364597e-01,2.349669e-01
4.056591e+00,5.614781e-01,5.248682e-01,3.554971e-01,1.520705e+00,1.240217e+00,1.591808e+00,6.745491e-01,0.000000e+00,5.898034e-01
3.957695e+00,6.090467e-01,0.000000e+00,2.934458e-01,3.911132e+00,1.864352e+00,5.964718e-01,5.684774e-02,3.514353e-01,0.000000e+00
4.475100e+00,8.760828e-01,1.403658e-01,1.098764e+00,1.142713e+00,4.262217e-01,7.517093e-01,8.835557e-01,5.737727e-01,2.954833e-01
3.682204e+00,1.000497e-02,1.638031e-01,0.000000e+00,5.688778e+00,9.026424e-01,3.630660e-01,2.515874e-01,5.169539e-01,1.185092e+00
4.440974e+00,1.898481e-01,1.124775e+00,1.840615e+00,9.769060e-01,1.008286e+00,2.257747e-01,5.135540e-02,6.635895e-01,0.000000e+00
4.499507e+00,1.708263e+00,1.816369e+00,3.779122e-02,2.685996e-01,5.830733e-02,6.487057e-01,6.280353e-02,7.503538e-01,1.200286e+00
3.961591e+00,2.451005e+00,9.249253e-01,2.010654e+00,0.000000e+00,1.147912e+00,3.762180e-01,1.151855e-01,2.215732e-01,8.521655e-01
4.550573e+00,8.492436e-02,2.241934e+00,4.765024e-01,4.989689e-01,0.000000e+00,6.068943e-01,2.391423e-01,6.545510e-01,6.775861e-01
4.614909e+00,7.439579e-01,3.719861e-01,1.560087e-01,1.249755e+00,4.430253e-01,4.374943e-01,9.512379e-01,5.461507e-01,1.021660e+00
3.785324e+00,1.368141e+00,1.624135e+00,3.970689e-01,1.548218e+00,8.710541e-01,6.373068e-01,1.243934e-01,8.160305e-02,1.783651e+00
4.154540e+00,3.705126e+00,1.265336e-01,1.163697e+00,5.703290e-01,2.089128e-01,0.000000e+00,1.029993e+00,3.573556e-02,4.158510e-01
4.355388e+00,0.000000e+00,1.603716e+00,6.980787e-02,1.179292e+00,1.098930e+00,6.023129e-01,5.948202e-02,5.798428e-01,1.202152e+00
4.105058e+00,1.460744e-01,0.000000e+00,1.447410e+00,3.683645e+00,5.913297e-01,3.292553e-01,4.174259e-01,4.722817e-01,7.023035e-01
4.534284e+00,1.423918e-03,1.545547e-01,5.766795e-01,2.830904e+00,0.000000e+00,1.045856e+00,4.890290e-01,4.650188e-01,1.304191e+00
4.546399e+00,1.536900e+00,0.000000e+00,1.005169e+00,1.310115e+00,1.397931e+00,5.943581e-01,4.906720e-02,4.850767e-01,8.813723e-02
3.748968e+00,1.399662e+00,1.154003e+00,7.537579e-01,1.895998e+00,5.740021e-01,1.504978e+00,1.123970e-01,5.282961e-02,1.443599e+00
4.116401e+00,1.163251e-01,0.000000e+00,0.000000e+00,4.175821e+00,1.623018e+00,5.933431e-01,2.261377e-01,2.460158e-01,0.000000e+00
4.973051e+00,0.000000e+00,3.119163e-01,1.040929e+00,6.934727e-01,1.212941e-01,4.273000e-01,7.919404e-01,7.353910e-01,6.631151e-01
4.338119e+00,4.808177e-01,2.124361e+00,2.052455e-01,3.347099e-01,4.357427e-01,9.940518e-01,2.318509e-01,6.677302e-01,3.401220e-01
4.077746e+00,1.219295e+00,0.000000e+00,0.000000e+00,1.864122e+00,3.129115e-01,2.242032e+00,7.822103e-01,3.528551e-01,0.000000e+00
4.976368e+00,9.624964e-03,2.472102e-01,6.615307e-01,4.580658e-01,1.296381e+00,4.351822e-01,6.112959e-01,6.185226e-01,0.000000e+00
4.544448e+00,1.148239e-01,2.034545e+00,0.000000e+00,1.508365e+00,3.330108e-01,0.000000e+00,1.009283e-01,2.101057e-01,1.182012e+00
4.286300e+00,1.164446e+00,6.009938e-01,1.848444e+00,7.704655e-01,1.221800e+00,7.199041e-01,2.352627e-01,1.395915e-02,0.000000e+00
4.586212e+00,3.458786e-01,7.297233e-01,1.377118e+00,2.003565e+00,2.388941e-01,2.734812e-01,3.383644e-01,5.760626e-01,0.000000e+00
4.741268e+00,1.933458e+00,1.376253e-01,1.536364e-01,0.000000e+00,4.698537e-01,3.463916e-01,1.183641e+00,6.062956e-01,0.000000e+00
4.838173e+00,5.776269e-01,0.000000e+00,2.204635e-01,1.170704e+00,6.150090e-01,1.737954e-01,1.078486e+00,5.119041e-01,5.745559e-01
4.285750e+00,2.707058e+00,6.879235e-01,0.000000e+00,8.876301e-01,0.000000e+00,0.000000e+00,1.213652e+00,0.000000e+00,0.000000e+00
3.400326e+00,4.128975e+00,1.097640e+00,5.048992e-01,1.833523e+00,5.572139e-01,2.800667e-01,3.651044e-01,0.000000e+00,6.015268e-01
4.229861e+00,8.740711e-01,1.069569e-01,1.009161e+00,1.685728e+00,9.203165e-01,1.258860e+00,5.467092e-01,4.888004e-01,0.000000e+00
5.012965e+00,3.324285e-01,4.325674e-01,1.455804e+00,6.411018e-01,1.007158e-01,9.503903e-01,4.689095e-01,0.000000e+00,5.672059e-02
4.918105e+00,1.425270e-01,2.397120e-01,5.007514e-01,4.424822e-01,9.957919e-01,5.048585e-01,9.971743e-01,2.085626e-01,3.465187e-01
4.795021e+00,1.660074e-01,4.949249e-02,1.908045e-01,7.252104e-01,1.232722e+00,9.374079e-01,1.048663e+00,0.000000e+00,1.430747e-01
4.797748e+00,6.365288e-02,1.257175e-01,5.187111e-01,8.143902e-01,7.599437e-01,8.446825e-01,1.025498e+00,0.000000e+00,7.312350e-01
4.368532e+00,1.979048e-01,4.942404e-01,1.207367e+00,2.663993e+00,4.101150e-01,3.643987e-01,4.923968e-01,5.080153e-01,0.000000e+00
4.776040e+00,7.587019e-01,1.058088e+00,2.047091e+00,0.000000e+00,4.342118e-01,5.720893e-01,1.650798e-01,5.308489e-02,0.000000e+00
4.714079e+00,1.133983e-01,2.934568e-01,1.789331e-01,1.619222e+00,0.000000e+00,3.182255e-01,1.404742e+00,1.728627e-01,6.896386e-01
4.607894e+00,7.402763e-02,8.997797e-01,6.164004e-01,0.000000e+00,1.240765e+00,2.404742e-01,8.224077e-01,8.532079e-02,1.438064e+00
4.407890e+00,4.468995e-01,1.691478e+00,6.671257e-01,6.298393e-01,5.386797e-01,7.750551e-01,2.325739e-01,6.379249e-01,3.812209e-01
4.552506e+00,1.149926e-01,8.188702e-01,1.351000e+00,0.000000e+00,4.866232e-01,6.577258e-01,6.796138e-01,7.402755e-01,1.509784e+00
4.605602e+00,0.000000e+00,8.310157e-01,1.609964e+00,6.978977e-01,1.312274e+00,2.728195e-01,1.959350e-01,6.476718e-01,0.000000e+00
4.499599e+00,0.000000e+00,0.000000e+00,3.472449e+00,2.472030e+00,0.000000e+00,0.000000e+00,2.959752e-02,0.000000e+00,1.130825e+00
4.787612e+00,0.000000e+00,3.108670e-01,3.688355e+00,5.943165e-02,7.532499e-02,2.813473e-01,2.726320e-02,0.000000e+00,2.560468e+00
4.489552e+00,1.826674e+00,3.925909e-01,2.109977e-01,1.315178e-01,4.350658e-01,1.196803e+00,1.125651e+00,7.741606e-02,9.945302e-02
4.837732e+00,5.623280e-01,4.077434e-01,1.272530e+00,1.015497e+00,5.232626e-01,9.630324e-02,4.841050e-01,6.463332e-01,3.217822e-01
4.296597e+00,5.679445e-02,1.481916e+00,7.331369e-01,0.000000e+00,1.313307e+00,1.217323e+00,1.518778e-01,3.028149e-02,1.910470e+00
4.553882e+00,7.430453e-01,3.958419e-01,5.484281e-01,7.485365e-02,1.126647e+00,1.012747e+00,7.882551e-01,6.119652e-02,1.474601e+00
5.225192e+00,0.000000e+00,4.541834e-01,0.000000e+00,2.398485e-01,7.554842e-01,0.000000e+00,8.551650e-01,6.071618e-01,8.555339e-01
3.482299e+00,3.497486e+00,1.336851e+00,4.760870e-01,1.339825e+00,1.426818e-01,4.486180e-01,7.043188e-01,0.000000e+00,4.481385e-01
4.216807e+00,1.479806e-01,8.606682e-01,2.587419e+00,2.478415e+00,0.000000e+00,0.000000e+00,3.839219e-02,5.171581e-01,6.992576e-01
4.742981e+00,2.107394e-01,0.000000e+00,1.152647e+00,1.633258e+00,1.783377e-01,6.308094e-01,8.180587e-01,4.786506e-01,0.000000e+00
4.989967e+00,5.898035e-02,1.059517e-01,1.886618e+00,0.000000e+00,3.836451e-01,8.235346e-01,3.206940e-01,6.848686e-01,1.926014e+00
4.242732e+00,7.064177e-01,1.433719e+00,0.000000e+00,1.592981e+00,0.000000e+00,3.772828e-02,1.003558e+00,5.797942e-01,5.729544e-01
4.396346e+00,7.586424e-02,2.665915e-01,1.097428e+00,1.298765e+00,1.478008e+00,1.111753e+00,2.928261e-01,5.185210e-01,0.000000e+00
4.675344e+00,1.840925e-01,1.159261e+00,6.402203e-01,0.000000e+00,0.000000e+00,1.185023e+00,7.513428e-01,3.016568e-01,1.453098e+00
4.562641e+00,7.320593e-02,7.933860e-01,1.122750e+00,0.000000e+00,8.729688e-01,1.619006e+00,3.754082e-01,1.231264e-01,1.134929e+00
4.203571e+00,2.275597e+00,6.869605e-01,1.228266e+00,7.865013e-01,3.976253e-01,7.838872e-02,6.458102e-01,7.119165e-01,0.000000e+00
4.695798e+00,5.596907e-02,2.572701e-01,1.806107e+00,1.788905e+00,9.338971e-01,1.152897e-01,4.062609e-01,2.974351e-02,0.000000e+00
4.353440e+00,4.143443e-01,2.920539e-01,1.241286e+00,4.393046e-01,5.803525e-01,1.237631e+00,9.114974e-01,4.627302e-01,9.587883e-01
4.524125e+00,2.239562e+00,3.312941e-01,1.989026e-01,7.565583e-01,0.000000e+00,4.656202e-02,1.122511e+00,5.019680e-01,9.287755e-01
4.701335e+00,6.469035e-01,4.501537e-01,7.227000e-02,4.308761e-01,7.786696e-01,1.028840e+00,1.009535e+00,8.850726e-02,5.904169e-01
4.508329e+00,1.445282e-01,2.054906e+00,0.000000e+00,9.282621e-01,3.008249e-01,4.442122e-01,3.219030e-01,5.183990e-01,8.132052e-01
3.635003e+00,3.297187e+00,3.863575e-02,9.449163e-01,1.808070e+00,1.391914e+00,1.097814e+00,2.557576e-01,0.000000e+00,0.000000e+00
4.497809e+00,5.732104e-01,0.000000e+00,7.380615e-01,4.180846e-01,6.508083e-02,2.391000e+00,8.240183e-01,5.103922e-01,7.185416e-01
4.303931e+00,3.014763e+00,1.775569e-01,7.265979e-01,0.000000e+00,1.028667e+00,1.054580e-01,7.231824e-01,9.131175e-02,1.565312e+00
4.391670e+00,3.568876e-01,9.740404e-01,1.174105e+00,1.518095e+00,8.151286e-01,7.457429e-02,3.902320e-01,6.682163e-01,1.536230e-01
4.395777e+00,2.462210e-01,7.738000e-01,5.221083e-01,1.393025e+00,1.727707e-01,6.246412e-01,1.016151e+00,6.300920e-01,2.683299e-01
4.397281e+00,5.588935e-02,1.125270e-01,1.168651e+00,3.000909e+00,1.169358e+00,2.587769e-01,3.058223e-01,4.979780e-01,0.000000e+00
4.319455e+00,7.616267e-02,1.839879e+00,5.121440e-01,9.939829e-01,6.298187e-01,9.819734e-01,1.062805e-01,5.539511e-01,0.000000e+00
3.908925e+00,2.542094e-01,1.833147e+00,3.213557e-01,2.046073e+00,9.931730e-01,7.642205e-01,0.000000e+00,5.189979e-01,9.825256e-01
3.666495e+00,3.795859e+00,8.638040e-01,8.100630e-01,9.952152e-01,0.000000e+00,4.964750e-01,5.543241e-01,5.034285e-01,9.702927e-01
4.174232e+00,1.031241e-01,1.146978e+00,0.000000e+00,1.885238e+00,1.201129e+00,1.045372e+00,9.916989e-02,5.302903e-01,1.308122e+00
3.816834e+00,2.001257e+00,6.477827e-01,1.041614e+00,1.148613e+00,1.782920e+00,9.359060e-01,0.000000e+00,5.187863e-01,0.000000e+00
4.734095e+00,0.000000e+00,5.673892e-01,1.934359e+00,0.000000e+00,1.199027e+00,4.260710e-01,2.281485e-01,6.222634e-01,9.567389e-01
4.294483e+00,3.876918e-01,9.368785e-01,1.729327e+00,1.980711e+00,5.499292e-01,6.156104e-01,0.000000e+00,4.614802e-01,0.000000e+00
4.641224e+00,0.000000e+00,2.577869e-01,6.233102e-01,8.550302e-01,9.065026e-01,1.283219e+00,6.954528e-01,5.256609e-01,1.868699e-01
4.452490e+00,1.390117e-02,4.197422e-01,3.092469e+00,5.256731e-01,6.161412e-01,1.352971e+00,0.000000e+00,0.000000e+00,8.807305e-01
3.680420e+00,2.474531e+00,2.013134e+00,4.769519e-01,1.501219e+00,1.376261e-01,7.427911e-01,1.373887e-01,0.000000e+00,5.369442e-01
4.278484e+00,8.951927e-01,7.898232e-01,2.046796e+00,1.065828e+00,6.656944e-01,4.783478e-01,2.433637e-01,4.766090e-01,0.000000e+00
4.614275e+00,1.361643e-01,1.058692e+00,6.254647e-01,0.000000e+00,7.405225e-01,6.820071e-01,5.100830e-01,8.942233e-01,1.698539e+00
4.406565e+00,0.000000e+00,2.121957e+00,2.617810e-01,9.826275e-01,5.165896e-01,6.953235e-01,5.254627e-02,5.031762e-01,5.653969e-01
4.276493e+00,8.651250e-02,8.470056e-01,6.223431e-02,3.005612e+00,5.717802e-01,6.544522e-01,8.160261e-02,4.745257e-01,2.452736e+00
4.158133e+00,2.712399e-02,1.699565e+00,7.657904e-02,1.484656e+00,1.069323e+00,1.228563e+00,1.394963e-01,0.000000e+00,6.900023e-01
4.368633e+00,4.916499e-01,9.272544e-01,1.256123e+00,4.681031e-01,2.903306e-01,6.789152e-01,6.880303e-01,6.982506e-01,1.020204e+00
4.085086e+00,3.996189e-01,5.339981e-01,5.936312e-01,1.716321e+00,1.250724e+00,1.621150e+00,3.000052e-01,5.395788e-01,0.000000e+00
4.573589e+00,0.000000e+00,1.212675e-01,8.279290e-01,7.764238e-01,3.883189e-01,1.589457e+00,7.375711e-01,5.665533e-01,1.773755e+00
4.402082e+00,4.862154e-01,8.560515e-01,2.375010e+00,1.387481e+00,9.717142e-02,5.349300e-01,2.681026e-01,4.663503e-02,2.989806e-01
4.354487e+00,9.794952e-01,1.883640e+00,7.787828e-02,5.027054e-01,7.008085e-01,8.914445e-01,3.740990e-02,6.793638e-01,6.228328e-01
4.778537e+00,1.175850e-01,6.417881e-01,1.246813e+00,6.215062e-01,1.407474e-01,5.487801e-01,6.869818e-01,7.861747e-01,5.864609e-01
4.393244e+00,1.993071e+00,6.808103e-01,4.243196e-01,2.037154e-01,4.312244e-01,7.176254e-01,9.112694e-01,6.522943e-01,0.000000e+00
4.252695e+00,0.000000e+00,2.050794e+00,0.000000e+00,1.198610e+00,4.841339e-01,8.406082e-01,0.000000e+00,5.694531e-01,1.632003e+00
4.332548e+00,1.143376e-01,1.725299e+00,3.167952e-01,6.456516e-01,9.412403e-01,1.258739e+00,1.992715e-01,1.045230e-01,9.105855e-01
4.866609e+00,1.277288e-01,1.179976e-01,1.309243e+00,1.910515e-01,1.418858e+00,6.915104e-01,6.899706e-01,4.958235e-02,0.000000e+00
4.665144e+00,6.787984e-01,2.725653e-01,9.876063e-01,1.279442e+00,1.184806e-01,6.311163e-01,8.065730e-01,5.038230e-01,0.000000e+00
4.794015e+00,9.189159e-01,2.155852e-01,9.762332e-01,1.669303e-01,9.315974e-01,4.253922e-01,6.922027e-01,7.068551e-01,1.051811e-01
4.697092e+00,0.000000e+00,7.687794e-01,8.188436e-01,1.490823e-01,9.839670e-01,4.394770e-01,6.401762e-01,6.220076e-01,1.188808e+00
4.575229e+00,1.401331e+00,3.044937e-01,0.000000e+00,7.322373e-01,7.281597e-01,6.273601e-01,9.437303e-01,5.621634e-01,4.876578e-01
4.387595e+00,1.966708e-01,1.455322e+00,6.077230e-01,8.225530e-01,8.169919e-01,1.158101e+00,1.483664e-01,1.583893e-01,9.801945e-01
4.091548e+00,4.142901e-01,1.553285e+00,4.131169e-01,1.516658e+00,8.236693e-01,1.016402e+00,8.462309e-02,3.845375e-01,6.280554e-01
4.084342e+00,2.987920e-01,1.212076e+00,6.296384e-01,1.746006e+00,1.250617e+00,3.807016e-01,4.361251e-02,5.745307e-01,1.996189e+00
4.442481e+00,1.237303e+00,1.899391e-01,6.987584e-01,4.367073e-02,5.106812e-01,1.366183e+00,9.865531e-01,3.300720e-02,8.696973e-01
5.017656e+00,1.424506e-01,1.463417e-01,0.000000e+00,8.724856e-02,6.517005e-01,3.739962e-01,1.130662e+00,1.593238e-01,2.799724e+00
4.032135e+00,2.198009e-01,5.930191e-01,1.185480e+00,2.205732e+00,9.826494e-02,1.207718e+00,6.975393e-01,6.011323e-01,5.330836e-01
4.772195e+00,0.000000e+00,1.417989e+00,4.714412e-01,9.144916e-02,9.445020e-01,6.966800e-01,1.469433e-01,7.946978e-01,5.591566e-01
4.881253e+00,1.609989e+00,0.000000e+00,1.910433e-01,2.921828e-01,1.234219e+00,4.848814e-01,4.556662e-01,7.025059e-01,1.151340e-01
4.761228e+00,0.000000e+00,2.933929e-01,4.651911e-01,3.307821e-01,3.602074e-01,1.012453e+00,1.057802e+00,5.836537e-01,1.586114e+00
4.488669e+00,4.556005e-01,8.846416e-01,3.977343e-01,1.111065e+00,5.056487e-01,5.761829e-01,6.287866e-01,6.720693e-01,1.074762e+00
5.033067e+00,0.000000e+00,2.063509e-01,0.000000e+00,4.910477e-01,1.106320e+00,0.000000e+00,1.056103e+00,3.829916e-01,9.870595e-01
4.737848e+00,1.061062e+00,1.134843e+00,3.636069e-01,0.000000e+00,3.246878e-01,0.000000e+00,5.558166e-01,8.213485e-01,1.870321e+00
4.398504e+00,4.087335e-01,1.650280e+00,1.873198e-01,6.507953e-01,1.116021e+00,7.878954e-01,7.728304e-03,7.089753e-01,5.549183e-01
4.217000e+00,0.000000e+00,1.085051e+00,0.000000e+00,1.078274e+00,2.202601e-03,3.069210e+00,3.947231e-02,4.299505e-01,1.545890e+00
4.396919e+00,1.723813e-01,1.123629e+00,4.590585e-01,2.012713e+00,8.756050e-01,1.914907e-01,4.071053e-01,5.898894e-01,0.000000e+00
4.125786e+00,0.000000e+00,9.274810e-01,1.586712e+00,1.532059e+00,4.604146e-01,9.222603e-01,3.691689e-01,3.515833e-02,2.326836e+00
4.867533e+00,0.000000e+00,4.456327e-01,0.000000e+00,2.335758e-01,2.764452e-01,1.320450e+00,1.147775e+00,5.919349e-01,5.447387e-01
4.375315e+00,5.536454e-02,1.771645e+00,0.000000e+00,1.381433e+00,4.463816e-01,1.189506e+00,3.132382e-02,6.051744e-01,4.899134e-01
4.562044e+00,8.713618e-01,3.054711e-01,8.259374e-02,5.276193e-01,6.470193e-01,1.000987e+00,1.071797e+00,3.708949e-01,0.000000e+00
4.378837e+00,1.783489e-01,9.952000e-01,1.733610e+00,1.293073e-01,6.040924e-01,1.671130e+00,2.179847e-01,5.602122e-01,0.000000e+00
4.194855e+00,3.309227e-01,2.172001e+00,5.759976e-01,9.547430e-01,2.566523e-01,8.613329e-01,4.289701e-02,6.337853e-01,1.074482e+00
4.042002e+00,0.000000e+00,1.610350e+00,1.091391e-01,1.401789e+00,7.623723e-01,1.902034e+00,0.000000e+00,5.417618e-01,1.050730e+00
4.436816e+00,9.133231e-01,7.411402e-01,1.591434e+00,1.583779e+00,6.720692e-01,5.454520e-01,3.465679e-02,4.819556e-01,0.000000e+00
4.080666e+00,0.000000e+00,1.205524e+00,3.682531e-01,2.134916e+00,1.432581e+00,4.612888e-01,0.000000e+00,4.393804e-01,1.427412e+00
4.403664e+00,1.715673e+00,2.014586e-02,2.045167e-01,1.556796e+00,5.260017e-01,2.831133e-01,1.202918e+00,4.432888e-01,0.000000e+00
4.439543e+00,2.914474e-01,1.584081e+00,5.066572e-01,2.380405e-01,2.882679e-01,8.744739e-01,5.136322e-01,7.572315e-01,1.163852e+00
4.711852e+00,2.845896e-01,5.223531e-01,2.255566e+00,5.832319e-01,1.459084e+00,1.097186e-01,7.171918e-02,9.146860e-02,0.000000e+00
4.826966e+00,0.000000e+00,4.691294e-01,1.288102e-01,5.048982e-01,6.892776e-01,4.810937e-01,1.090181e+00,7.200874e-01,9.417358e-01
4.246024e+00,3.817320e-01,1.158240e-01,1.252775e+00,3.674404e+00,3.051312e-01,1.691805e-01,5.071698e-01,5.037903e-01,3.200767e-02
4.492152e+00,3.717927e-02,5.981335e-01,1.177484e+00,8.005371e-01,1.669424e+00,5.951216e-01,2.241446e-01,5.810418e-01,8.008103e-02
3.927157e+00,0.000000e+00,1.776762e+00,4.182161e-02,1.295011e+00,8.447464e-01,2.005426e+00,9.811395e-02,4.248460e-01,4.411958e-01
4.333787e+00,0.000000e+00,1.333301e+00,7.168394e-02,1.434628e+00,8.645266e-01,1.346128e+00,1.173416e-01,5.171707e-01,8.225408e-01
3.891631e+00,3.976336e-01,1.202457e+00,4.935725e-01,2.019969e+00,1.051608e+00,1.705688e+00,0.000000e+00,5.212552e-01,1.181867e-01
4.265496e+00,3.338975e-01,1.547386e+00,2.633949e-01,9.517653e-01,0.000000e+00,2.063842e+00,0.000000e+00,4.269762e-01,2.132910e+00
4.665806e+00,0.000000e+00,2.605258e-01,6.006804e-01,1.746650e-01,1.348358e+00,1.020713e+00,5.961198e-01,3.303847e-01,1.761736e+00
4.521504e+00,5.936433e-01,2.881576e-01,2.443627e-01,4.013096e-01,5.372802e-01,1.209968e+00,1.076197e+00,0.000000e+00,1.883520e+00
5.283771e+00,2.180062e-02,0.000000e+00,8.507523e-01,0.000000e+00,3.189652e-01,2.634349e-01,5.215059e-01,8.523618e-01,2.655424e+00
4.685498e+00,0.000000e+00,9.737249e-01,5.327039e-01,3.948419e-01,2.736148e-01,5.873298e-01,6.635168e-01,6.361959e-01,1.960532e+00
4.889878e+00,8.782290e-01,1.044515e-01,1.567120e-02,0.000000e+00,1.078621e+00,7.596791e-01,4.383894e-01,9.486653e-01,2.103602e+00
4.554213e+00,4.696311e-01,7.917680e-01,9.916023e-01,0.000000e+00,1.051924e+00,5.386991e-01,3.530162e-01,6.327837e-01,1.846656e+00
4.502764e+00,1.472126e+00,2.346589e-01,1.682860e+00,0.000000e+00,1.485173e-01,8.756228e-01,5.296148e-01,3.637082e-02,2.361132e+00
4.510726e+00,9.170679e-01,4.909465e-01,2.919922e-01,0.000000e+00,6.504341e-01,6.743488e-01,9.355531e-01,5.270857e-01,2.044092e+00
4.573342e+00,0.000000e+00,2.223116e-01,3.490927e+00,1.380169e+00,0.000000e+00,0.000000e+00,2.242741e-01,0.000000e+00,1.617780e+00
4.807394e+00,1.751007e-02,4.175752e-01,6.792090e-01,2.340171e+00,3.932006e-01,5.471208e-01,0.000000e+00,0.000000e+00,2.568055e+00
4.603174e+00,2.933952e-01,0.000000e+00,5.327703e-01,8.331880e-01,1.019408e+00,6.335604e-01,7.098653e-01,5.936185e-01,2.168902e+00
4.726749e+00,5.749756e-01,0.000000e+00,5.465794e-01,5.387126e-01,2.440377e-01,7.512874e-01,8.166011e-01,6.124906e-01,2.728616e+00
4.463408e+00,1.399799e+00,9.126123e-02,6.786388e-01,5.321400e-01,4.994182e-01,8.811834e-01,1.002415e+00,1.219574e-01,8.307123e-01
4.470750e+00,1.557065e+00,9.481720e-01,8.152205e-01,0.000000e+00,0.000000e+00,3.616567e-01,6.291032e-01,5.626399e-02,3.329218e+00
4.626353e+00,4.486140e-01,1.709087e-01,2.237298e+00,1.631218e-01,9.319027e-01,8.954685e-01,0.000000e+00,1.914076e-01,2.546248e+00
4.433979e+00,0.000000e+00,0.000000e+00,1.140458e+00,1.294822e+00,9.388886e-01,1.065422e+00,2.730777e-01,2.996816e-01,4.070219e+00
4.741300e+00,7.148739e-01,0.000000e+00,3.599192e-01,1.705460e-01,8.385613e-01,9.740355e-01,1.080947e+00,1.198327e-02,1.412498e+00
4.454046e+00,9.632829e-01,0.000000e+00,0.000000e+00,6.873509e-01,8.684038e-01,1.266515e+00,1.091081e+00,4.585505e-02,1.359583e+00
4.157998e+00,6.683344e-01,1.346597e+00,0.000000e+00,6.567916e-01,4.521980e-01,8.287088e-01,7.293925e-01,5.811775e-02,3.345975e+00
4.434181e+00,2.083829e-01,1.408942e+00,8.116330e-01,6.288902e-01,4.800759e-01,7.686131e-01,6.461090e-02,6.133034e-02,3.887343e+00
4.147381e+00,1.685217e+00,1.729092e-02,7.678034e-01,1.493749e+00,6.000332e-01,4.409506e-01,9.408482e-01,4.529864e-01,1.094298e+00
4.515515e+00,8.750626e-01,0.000000e+00,6.120135e-01,1.197391e+00,0.000000e+00,7.815570e-01,1.109525e+00,5.063472e-01,1.407486e+00
4.393874e+00,3.029572e-01,8.031896e-01,2.151178e+00,0.000000e+00,3.635882e-01,8.240129e-01,3.062956e-01,2.053347e-01,2.755741e+00
4.429929e+00,1.617246e-01,3.729956e-01,0.000000e+00,2.083556e+00,5.341753e-01,0.000000e+00,8.769958e-01,1.198900e-01,2.940894e+00
4.553986e+00,1.080846e+00,4.095171e-02,9.760439e-01,7.187541e-01,7.106672e-01,3.912455e-01,9.278277e-01,5.133345e-01,6.842295e-01
4.633755e+00,0.000000e+00,0.000000e+00,1.384110e+00,2.725335e+00,0.000000e+00,0.000000e+00,5.078395e-01,4.983710e-01,2.032017e+00
4.725631e+00,0.000000e+00,0.000000e+00,1.609797e+00,1.239452e+00,8.753770e-01,0.000000e+00,2.989708e-01,6.103450e-01,2.573827e+00
4.461685e+00,2.024284e+00,0.000000e+00,0.000000e+00,1.611732e+00,0.000000e+00,3.919781e-01,8.124639e-01,6.067913e-01,2.064414e+00
4.899852e+00,0.000000e+00,3.622516e-01,0.000000e+00,9.864899e-02,3.459114e-01,7.603757e-01,9.954570e-01,6.674465e-01,2.460856e+00
4.665499e+00,1.230329e-01,7.549208e-01,1.581368e+00,1.634300e-02,8.648453e-01,5.222916e-01,5.491893e-02,7.756778e-01,2.676396e+00
4.394512e+00,2.638956e-02,1.557515e-01,0.000000e+00,3.009431e+00,1.234716e+00,3.998807e-01,2.947823e-01,4.208305e-01,1.869335e+00
4.637459e+00,1.376275e-01,1.194085e+00,1.114349e+00,9.990711e-01,6.020413e-03,2.529342e-01,9.738367e-02,0.000000e+00,4.069589e+00
4.584785e+00,1.470671e-01,7.480450e-01,1.872131e+00,0.000000e+00,4.154374e-01,7.249671e-01,2.268209e-01,2.262011e-01,3.647836e+00
4.650069e+00,1.102086e+00,7.833306e-02,3.336916e-03,4.312355e-01,5.824466e-01,6.004752e-01,9.614565e-01,5.576427e-01,2.584411e+00
4.770396e+00,7.249988e-02,1.503970e+00,8.866161e-01,0.000000e+00,0.000000e+00,1.107029e+00,1.370063e-01,5.636168e-01,1.514934e+00
3.797482e+00,3.458525e+00,0.000000e+00,1.021618e+00,1.026281e+00,3.855974e-01,8.142186e-01,6.199747e-01,0.000000e+00,2.504270e+00
4.032637e+00,6.600410e-01,0.000000e+00,7.620541e-01,2.609964e+00,1.229049e+00,1.462156e+00,0.000000e+00,5.596007e-01,1.282312e+00
4.823096e+00,6.729357e-01,0.000000e+00,1.986479e-01,6.206033e-01,9.205336e-01,5.541317e-01,6.444666e-01,7.085958e-01,2.054239e+00
4.375312e+00,5.820468e-01,1.702060e+00,8.808554e-01,0.000000e+00,8.755516e-01,4.120077e-01,4.503959e-02,5.978611e-01,2.005779e+00
4.333918e+00,6.553894e-01,1.374113e+00,9.639593e-01,0.000000e+00,8.888495e-01,1.395098e+00,0.000000e+00,1.882345e-01,1.562389e+00
4.336492e+00,0.000000e+00,7.915163e-01,1.316705e+00,4.213688e-01,1.603915e+00,1.362332e+00,1.628024e-01,2.232856e-02,5.541647e-01
4.837054e+00,1.005093e-01,3.869069e-02,7.934931e-01,3.057269e-01,6.670140e-01,5.589602e-01,8.432151e-01,0.000000e+00,3.462952e+00
3.786911e+00,2.202104e+00,6.615997e-01,5.949986e-01,1.772813e+00,5.870764e-01,1.347355e+00,0.000000e+00,0.000000e+00,2.952780e+00
4.067571e+00,0.000000e+00,0.000000e+00,1.576513e+00,3.315450e+00,0.000000e+00,3.066071e-01,4.289613e-01,1.136226e-01,3.266413e+00
4.591046e+00,2.004890e-01,1.679746e+00,2.285630e-01,7.638017e-01,2.274427e-01,7.546412e-01,5.104831e-02,5.853678e-01,2.015991e+00
4.412434e+00,6.272678e-01,2.053562e-01,5.817509e-01,7.566347e-01,8.980657e-01,1.005123e+00,7.328199e-01,0.000000e+00,2.657503e+00
4.402849e+00,0.000000e+00,7.319587e-01,0.000000e+00,1.948230e+00,1.075720e+00,1.021255e+00,1.199867e-01,3.830965e-01,1.619710e+00
4.505571e+00,2.323280e-01,1.245455e-01,1.417207e+00,1.169241e+00,3.229317e-01,6.944489e-01,4.788446e-01,0.000000e+00,3.569167e+00
4.686095e+00,1.142861e+00,3.360706e-01,1.334996e-01,2.889837e-02,8.563561e-01,3.868027e-01,1.243507e+00,7.205845e-05,1.108134e+00
4.485404e+00,1.544463e-01,1.553716e+00,6.288251e-01,0.000000e+00,3.187131e-01,1.520432e+00,1.003577e-01,6.573849e-01,2.025495e+00
4.722258e+00,2.751031e-01,2.483218e-01,1.478864e+00,0.000000e+00,1.089972e+00,9.785161e-01,5.978258e-01,1.686190e-01,5.154691e-01
4.712913e+00,0.000000e+00,7.299611e-01,1.061161e+00,6.321014e-02,1.284623e+00,9.048155e-02,9.076793e-01,1.372643e-01,5.662805e-01
3.950936e+00,1.195008e+00,1.497462e+00,8.861820e-02,6.713997e-01,6.846195e-01,1.725604e+00,0.000000e+00,6.592589e-01,2.317541e+00
4.699861e+00,1.102516e+00,1.131733e+00,0.000000e+00,0.000000e+00,5.975619e-01,6.627072e-01,0.000000e+00,9.383017e-01,2.869026e+00
4.166405e+00,3.542118e-01,9.240704e-01,1.888872e+00,1.370234e+00,9.962912e-01,1.106662e+00,1.197706e-01,0.000000e+00,0.000000e+00
4.999159e+00,5.810329e-02,1.583114e-02,5.909084e-01,2.792556e-01,3.770464e-01,4.997674e-01,9.432972e-01,5.418301e-01,2.426892e+00
4.550135e+00,1.547224e+00,1.405150e+00,8.248776e-01,1.125924e-01,1.933940e-01,8.276604e-01,1.207833e-01,1.826916e-01,1.472884e+00
4.495225e+00,1.059063e+00,2.388345e-01,0.000000e+00,9.636727e-01,9.080542e-01,4.285503e-01,1.049469e+00,5.144412e-02,2.060289e+00
3.999110e+00,8.347094e-01,1.755034e+00,1.046221e-01,1.112852e+00,8.341908e-01,1.074837e+00,0.000000e+00,6.684288e-01,1.675562e+00
5.172673e+00,0.000000e+00,1.046886e-01,3.294706e-01,7.200751e-02,9.710185e-01,0.000000e+00,8.491533e-01,6.922588e-02,2.866288e+00
4.768875e+00,5.160447e-01,1.271168e-01,0.000000e+00,7.751155e-01,8.253162e-01,3.656019e-01,9.162947e-01,4.540017e-01,2.178273e+00
4.626162e+00,3.393288e-01,0.000000e+00,2.083102e-01,1.737205e+00,8.173033e-01,2.921816e-01,8.417052e-01,5.945683e-01,1.374441e+00
3.776377e+00,3.834124e+00,0.000000e+00,3.962920e-01,1.703215e+00,4.250309e-01,3.167423e-01,5.472747e-01,0.000000e+00,2.478641e+00
4.264379e+00,1.775066e+00,3.509398e-02,7.101235e-01,1.986533e+00,1.060728e+00,9.502777e-01,0.000000e+00,0.000000e+00,2.101300e+00
5.033316e+00,2.266229e-01,1.104009e-02,1.886659e-01,4.127134e-01,6.591932e-01,7.205399e-01,1.058063e+00,5.047793e-01,6.024401e-01
4.537736e+00,4.580338e-01,4.873302e-01,3.040625e-01,2.431112e-01,5.321542e-01,1.372754e+00,6.552742e-01,1.656032e-01,3.578526e+00
4.782947e+00,0.000000e+00,0.000000e+00,1.120287e+00,7.848481e-01,1.135245e+00,4.471402e-01,6.719423e-01,5.880481e-01,9.109490e-01
4.726399e+00,0.000000e+00,5.638004e-01,6.827561e-01,1.527810e+00,7.300686e-01,5.607781e-01,4.629597e-01,5.704093e-01,3.152708e-01
4.780881e+00,3.331847e-01,2.993028e-01,0.000000e+00,5.202735e-01,8.052831e-01,3.645291e-01,7.647773e-01,6.406903e-01,3.367998e+00
4.142853e+00,1.515332e-01,1.026141e+00,1.636082e+00,7.863873e-01,1.371803e+00,3.218096e-01,3.978119e-01,6.242905e-01,2.109221e-01
4.888300e+00,1.719028e+00,0.000000e+00,8.687736e-01,0.000000e+00,3.133948e-01,2.880869e-01,6.054031e-01,7.366586e-01,1.791219e+00
4.968004e+00,2.263307e-01,7.505416e-01,0.000000e+00,3.944999e-01,0.000000e+00,2.645934e-01,7.363161e-01,7.574126e-01,2.917838e+00
4.622188e+00,7.311061e-01,3.348568e-01,1.055845e+00,1.070260e+00,2.475500e-01,4.731340e-01,3.365221e-01,7.668488e-01,2.712924e+00
4.211216e+00,2.515677e+00,4.170919e-01,4.699307e-01,0.000000e+00,4.543782e-01,1.179491e+00,1.085000e+00,5.086209e-02,2.258099e-01
4.244076e+00,1.392985e+00,9.533807e-01,3.576031e-01,2.243714e-01,9.400972e-01,8.732896e-01,2.751938e-01,2.576847e-01,3.300634e+00
4.483735e+00,6.918058e-01,0.000000e+00,0.000000e+00,4.282493e-01,6.386805e-02,2.346046e+00,1.073716e+00,0.000000e+00,2.030621e+00
4.918460e+00,0.000000e+00,2.005642e-01,1.086472e+00,3.023063e-01,5.106181e-01,7.119823e-01,8.772342e-01,6.333428e-01,4.801750e-01
4.789660e+00,7.889439e-01,9.488242e-03,0.000000e+00,5.507123e-01,3.861261e-01,9.515471e-01,9.746898e-01,6.587054e-01,1.455830e+00
4.636314e+00,1.180434e+00,2.411131e-01,4.490131e-01,0.000000e+00,7.663117e-01,7.185172e-01,6.302871e-01,6.987057e-01,2.055201e+00
5.010513e+00,9.395172e-02,3.633043e-01,5.435096e-01,8.675627e-03,9.060940e-01,5.034556e-01,8.112101e-01,5.790933e-01,4.694031e-01
4.312849e+00,1.715353e-01,1.013405e+00,7.562089e-01,1.645696e+00,2.622369e-01,2.393925e-01,7.335889e-01,7.040559e-01,1.017357e+00
4.539445e+00,1.461234e+00,3.402550e-01,7.053684e-01,0.000000e+00,1.035674e+00,3.241706e-01,9.610872e-01,5.797791e-01,8.970204e-02
4.441706e+00,0.000000e+00,4.730881e-01,0.000000e+00,4.307485e+00,3.078407e-01,3.757325e-01,0.000000e+00,4.786981e-01,1.129390e+00
4.609634e+00,4.394505e-02,2.085815e+00,4.602968e-01,4.593806e-01,1.226400e-01,9.287699e-01,4.209680e-02,5.547336e-01,9.305856e-01
4.260932e+00,1.500528e+00,1.719531e+00,9.151592e-01,8.910708e-02,3.576974e-01,9.673451e-01,1.047689e-01,5.772581e-01,0.000000e+00
3.949420e+00,3.376680e-02,4.681923e-01,1.227264e+00,2.643800e+00,6.064202e-01,1.450782e+00,3.723735e-01,2.595730e-01,7.378919e-01
3.784971e+00,1.271912e+00,1.553193e+00,2.416469e-01,1.490278e+00,1.055184e+00,1.348461e+00,2.821499e-02,1.582320e-02,1.430265e+00
4.162092e+00,2.700159e-01,1.686834e+00,2.832762e-01,1.454820e+00,5.539317e-01,1.435503e+00,0.000000e+00,5.131540e-01,7.111294e-01
4.298893e+00,1.324802e-02,2.715414e-01,1.647162e+00,3.360762e+00,2.111533e-01,4.162744e-01,0.000000e+00,0.000000e+00,2.518676e+00
4.636378e+00,1.538904e+00,1.587922e-01,1.592497e-01,0.000000e+00,5.312043e-01,9.898775e-01,1.201705e+00,1.582050e-02,1.295241e+00
4.809694e+00,4.914822e-01,2.069447e-01,7.694271e-01,0.000000e+00,5.643879e-01,6.656779e-01,9.342910e-01,6.234896e-01,1.080426e+00
4.725732e+00,7.171165e-01,9.430230e-01,8.943658e-01,1.191504e+00,3.955578e-01,4.328050e-01,2.605064e-01,0.000000e+00,9.335377e-01
4.614453e+00,5.898369e-01,5.249402e-02,8.163106e-01,7.966070e-01,8.525173e-01,9.539663e-01,6.469201e-01,6.505533e-01,1.173253e+00
3.972625e+00,2.001793e+00,5.186750e-01,8.624765e-01,1.708320e+00,6.923750e-01,7.213976e-01,2.525783e-01,1.380215e-01,2.172189e+00
4.111206e+00,1.882769e-01,9.272072e-01,1.533089e+00,4.157688e-01,4.143079e-01,1.478324e+00,5.931468e-01,0.000000e+00,2.565601e+00
4.569422e+00,1.327254e+00,3.742922e-01,1.924039e-01,1.561976e-01,1.014088e+00,4.559209e-01,9.887322e-01,5.630600e-01,3.009932e-01
4.518665e+00,0.000000e+00,4.859634e-01,2.336222e+00,8.520704e-01,9.965730e-01,5.831136e-01,2.282912e-01,4.643901e-01,2.762096e-01
4.303982e+00,5.208378e-02,7.955243e-01,1.406893e+00,1.737881e+00,6.246394e-01,3.792118e-01,4.615600e-01,6.053596e-01,9.001144e-01
4.551136e+00,2.559523e-01,1.928469e-01,6.820514e-01,1.071721e+00,8.807220e-01,7.745836e-01,9.396067e-01,5.114732e-01,3.244795e-01
3.891914e+00,7.583152e-01,3.665377e-01,1.081903e+00,3.322845e+00,1.353332e+00,5.070989e-01,2.721964e-01,0.000000e+00,2.380087e-01
4.681244e+00,0.000000e+00,7.887202e-02,8.820222e-01,1.124945e+00,1.087089e+00,3.595190e-01,8.592753e-01,7.207670e-01,2.949841e-01
4.573141e+00,0.000000e+00,5.994891e-01,6.492101e-01,6.662453e-01,1.100752e+00,3.430969e-01,1.003576e+00,4.688232e-01,3.189960e-01
4.667443e+00,4.166373e-01,3.247517e-01,5.358405e-01,1.064509e+00,5.579750e-01,0.000000e+00,1.149057e+00,5.113065e-01,7.989333e-01
4.533353e+00,4.485902e-02,1.294138e+00,8.405592e-01,1.817757e+00,6.933752e-01,4.612828e-01,1.425965e-02,4.674717e-01,0.000000e+00
4.485943e+00,1.015218e+00,1.095440e+00,1.730234e-01,1.066196e+00,4.601456e-01,0.000000e+00,6.730636e-01,6.421743e-01,1.193563e+00
4.613764e+00,2.716300e-01,3.438446e-01,7.486771e-01,6.510868e-01,8.753827e-01,8.116270e-01,9.600850e-01,0.000000e+00,9.015166e-01
4.858700e+00,8.843622e-02,5.469953e-01,2.603397e-01,5.451004e-01,4.743013e-01,2.738318e-01,1.248712e+00,3.900090e-02,1.247004e+00
4.403967e+00,6.883053e-01,1.629682e-01,2.322369e+00,1.572932e+00,2.548697e-01,7.552288e-01,3.528310e-01,1.374020e-01,8.826525e-01
4.542671e+00,0.000000e+00,2.110718e-01,1.161494e+00,2.517431e+00,5.571968e-01,2.388067e-01,4.348134e-01,5.344262e-01,8.333036e-01
4.540010e+00,7.147571e-01,2.029652e-01,1.315625e+00,2.789424e-01,0.000000e+00,7.033993e-01,7.572752e-01,0.000000e+00,2.496830e+00
4.429104e+00,9.244666e-01,2.001551e+00,1.025055e+00,0.000000e+00,3.804399e-01,6.115362e-01,8.528639e-02,5.800288e-01,7.720730e-02
4.620919e+00,4.088433e-01,0.000000e+00,0.000000e+00,1.064448e+00,1.067388e+00,1.007046e+00,1.047026e+00,1.434806e-01,7.171558e-01
4.550081e+00,6.255857e-02,4.638486e-01,1.115838e+00,5.576350e-01,9.049356e-01,3.583821e-01,8.487740e-01,5.435259e-01,4.087738e-01
4.125692e+00,5.325791e-01,1.324291e+00,1.111551e+00,7.194987e-01,7.171331e-01,6.861840e-01,5.121682e-01,1.904708e-01,1.372737e+00
4.798734e+00,9.129162e-02,0.000000e+00,7.237166e-01,4.609985e-01,7.947505e-01,1.149023e+00,9.953808e-01,5.194039e-02,7.460225e-01
4.552950e+00,6.954322e-01,8.377067e-01,1.256886e+00,3.829894e-01,8.841969e-01,7.009064e-01,2.940776e-01,7.582886e-02,1.002097e+00
4.892670e+00,3.213371e-01,4.633517e-01,6.046192e-01,4.898549e-01,1.638607e-01,5.604417e-02,9.822377e-01,5.941072e-01,1.711952e+00
4.281806e+00,6.336216e-01,1.034746e+00,1.890515e+00,3.387451e-01,9.900027e-01,1.011232e-01,1.290700e-01,8.450914e-01,1.193874e+00
4.666247e+00,7.439181e-01,8.128607e-02,6.178883e-01,1.102700e+00,9.989464e-01,1.054737e-01,8.770078e-01,6.475052e-01,3.413750e-01
5.106062e+00,0.000000e+00,4.508404e-01,3.306913e-01,7.849608e-01,3.504256e-01,0.000000e+00,1.121671e+00,3.349813e-01,0.000000e+00
4.436445e+00,2.214487e+00,3.674031e-01,9.628832e-01,1.330664e-01,7.893117e-01,5.884795e-01,7.346772e-01,1.120381e-01,4.974659e-01
4.600353e+00,0.000000e+00,8.304522e-01,2.309549e-01,1.145251e+00,2.262647e-01,3.330414e-02,1.179251e+00,2.668506e-01,7.209499e-01
4.820005e+00,8.452408e-02,3.369971e-01,2.453250e-02,1.065452e+00,3.923552e-01,3.830174e-01,1.095621e+00,4.966752e-01,1.391640e+00
4.877664e+00,1.056833e+00,5.822609e-01,3.691103e-01,2.588916e-01,4.052024e-01,0.000000e+00,8.941564e-01,4.865095e-01,1.076598e+00
3.175844e+00,4.309617e+00,1.116460e+00,1.689048e+00,1.705248e+00,5.239883e-01,0.000000e+00,7.822400e-02,0.000000e+00,1.472637e+00
5.082555e+00,4.909641e-02,5.389096e-01,6.517819e-01,0.000000e+00,4.824536e-01,0.000000e+00,9.441427e-01,4.533532e-01,9.029286e-01
3.671039e+00,2.508532e+00,1.800883e+00,1.300465e+00,1.326962e+00,4.546289e-01,1.598605e-01,0.000000e+00,5.241510e-01,4.496366e-01
4.875164e+00,1.044386e-01,2.044718e-01,3.344103e-01,4.468399e-01,1.635671e-01,8.109204e-01,1.022373e+00,5.308016e-01,2.004256e+00
4.795960e+00,5.063547e-01,3.246718e-01,4.861411e-01,6.325459e-01,8.772427e-01,1.603857e-01,9.332275e-01,6.542068e-01,9.530954e-02
4.261242e+00,6.874795e-01,8.150550e-01,1.686730e+00,0.000000e+00,5.182362e-01,1.231542e+00,4.062807e-01,7.141060e-01,1.081964e+00
4.269665e+00,4.777403e-01,8.230641e-02,2.685749e+00,3.049242e+00,1.499717e-01,0.000000e+00,0.000000e+00,0.000000e+00,1.940282e+00
4.204807e+00,0.000000e+00,1.900349e+00,3.272167e-01,8.845898e-01,9.654278e-01,1.260602e+00,1.512414e-01,0.000000e+00,9.353329e-01
4.135988e+00,7.475337e-02,7.365861e-01,2.061295e+00,1.756851e+00,8.541582e-01,3.928936e-01,2.863233e-01,4.630242e-02,1.547975e+00
4.195824e+00,1.082759e-01,1.328735e+00,4.092784e-01,1.394186e+00,1.412470e-01,2.165893e+00,0.000000e+00,5.804055e-01,1.146073e+00
4.324052e+00,1.817242e+00,3.608415e-01,6.164078e-02,7.684362e-01,7.183449e-01,7.802825e-01,9.001413e-01,6.582551e-01,5.671221e-01
3.988767e+00,1.579802e+00,1.602329e+00,9.424037e-01,6.811246e-01,9.641339e-02,1.997863e+00,0.000000e+00,5.580646e-02,9.459935e-01
4.415781e+00,4.652756e-01,2.656985e-01,3.201137e+00,1.099520e+00,3.334649e-01,6.049776e-01,1.257119e-01,5.236436e-01,2.268918e-01
4.553396e+00,6.836540e-01,4.715951e-01,4.800230e-01,0.000000e+00,1.139776e+00,1.195295e+00,9.765202e-01,6.134939e-02,1.436279e-01
4.449357e+00,2.485728e-01,1.223421e-01,6.820673e-01,1.376864e+00,1.490413e+00,4.127744e-01,7.954624e-01,4.900674e-01,3.150841e-01
3.762215e+00,4.057125e+00,1.017372e-01,9.293867e-01,9.486316e-01,1.726268e-01,5.533025e-01,1.049635e+00,0.000000e+00,4.835030e-01
4.855125e+00,4.992184e-01,2.652834e-01,3.117936e-01,4.295644e-01,2.080952e-01,7.344159e-01,1.295266e+00,1.294732e-01,7.181260e-01
4.912269e+00,4.305468e-01,4.491704e-01,8.788474e-01,1.003993e-01,7.807333e-02,6.533967e-01,1.156451e+00,9.847943e-02,6.401851e-01
4.379207e+00,5.716842e-01,8.602411e-01,6.433140e-01,1.042268e+00,6.319008e-01,6.178297e-01,6.833126e-01,7.560359e-01,6.646216e-01
4.716119e+00,1.615490e-01,3.623298e-01,6.760136e-01,0.000000e+00,7.437609e-01,1.127085e+00,9.159305e-01,1.180926e-01,1.217968e+00
4.717023e+00,1.640549e-01,2.948182e-01,3.193615e-01,0.000000e+00,9.882579e-01,1.378083e+00,8.618427e-01,6.223172e-01,7.007184e-01
4.855901e+00,5.155418e-01,0.000000e+00,9.275844e-02,9.354475e-01,6.501152e-01,2.931924e-01,9.152691e-01,4.396183e-01,1.077199e+00
4.472270e+00,3.418969e-01,7.743175e-01,1.892080e+00,5.008528e-01,1.926532e-01,8.300283e-01,4.990574e-01,5.901760e-01,5.602683e-01
4.703294e+00,4.188143e-01,4.710072e-02,1.519019e+00,2.224481e+00,4.575775e-03,1.541235e-01,5.315525e-01,8.523141e-02,1.534856e+00
4.957904e+00,0.000000e+00,1.946143e-02,5.246714e-01,8.324257e-01,8.052989e-01,3.170138e-01,9.262259e-01,5.311288e-01,1.251312e+00
4.840161e+00,0.000000e+00,2.789105e-01,6.601904e-01,6.162117e-01,8.722419e-01,1.985401e-01,8.168208e-01,7.052600e-01,1.310005e+00
4.296780e+00,3.419133e-01,1.868014e+00,6.081298e-01,5.187786e-01,7.562845e-01,5.877631e-01,1.567778e-01,7.362135e-01,1.225452e+00
4.745220e+00,1.112829e-02,3.494186e-01,5.895994e-01,6.965219e-01,5.949849e-01,5.400333e-01,1.118711e+00,8.660374e-02,1.516359e+00
4.413107e+00,6.618325e-01,4.577608e-01,5.781971e-01,1.300354e+00,3.822391e-01,4.190483e-01,1.081185e+00,4.907448e-01,8.476424e-01
4.783006e+00,4.289267e-01,2.019416e-01,3.369890e-01,4.901730e-01,1.529041e-01,1.085416e+00,1.097483e+00,5.618095e-01,6.744204e-01
4.045479e+00,1.522272e-01,1.921598e+00,2.056819e-01,1.637737e+00,1.366863e+00,6.077476e-01,0.000000e+00,0.000000e+00,1.437504e+00
4.900177e+00,1.329860e-01,2.227127e-01,1.730474e-01,5.220052e-01,5.460355e-01,2.765587e-01,1.258229e+00,6.192192e-01,7.146940e-01
3.699511e+00,1.165719e+00,1.936331e+00,9.968349e-01,8.480446e-01,7.475150e-01,1.156873e+00,0.000000e+00,0.000000e+00,1.932519e+00
4.635419e+00,4.262103e-01,1.163596e+00,1.411554e+00,2.965249e-01,5.551816e-01,8.905122e-01,2.551754e-02,5.592172e-01,4.670409e-01
4.565934e+00,9.784808e-01,6.573363e-01,2.861271e-01,9.714590e-01,0.000000e+00,0.000000e+00,1.107336e+00,5.106130e-01,1.424395e+00
4.254773e+00,0.000000e+00,1.935397e+00,0.000000e+00,1.686233e+00,4.311570e-01,9.180124e-01,1.853963e-02,4.679429e-01,1.541836e+00
4.379485e+00,1.151039e-01,9.581985e-02,1.237054e+00,4.321524e+00,0.000000e+00,4.350974e-01,0.000000e+00,4.855366e-01,6.343126e-01
4.826889e+00,3.645185e-02,4.446541e-01,3.552650e-01,6.751966e-02,7.311062e-01,7.946334e-01,1.123965e+00,5.927249e-02,1.128013e+00
4.538101e+00,2.146636e-01,1.580912e+00,1.090004e+00,0.000000e+00,7.316865e-01,4.523975e-01,3.369969e-01,6.077018e-01,4.319238e-01
4.311066e+00,6.382269e-01,4.590758e-01,1.706351e+00,2.040502e+00,4.801235e-01,3.074673e-01,3.956519e-01,2.578386e-02,1.478199e+00
4.517174e+00,0.000000e+00,2.473684e-01,8.503805e-01,2.076977e+00,1.801997e+00,5.091265e-01,0.000000e+00,5.895548e-01,0.000000e+00
3.763874e+00,2.884251e+00,8.316022e-01,1.265704e+00,1.374599e+00,2.294503e-01,1.096866e+00,2.300823e-01,0.000000e+00,4.391565e-01
4.860968e+00,0.000000e+00,0.000000e+00,0.000000e+00,1.163201e+00,6.428893e-01,7.581765e-01,1.079084e+00,5.161919e-01,6.935404e-01
4.505566e+00,1.404632e+00,2.068480e-01,7.938220e-01,0.000000e+00,1.182517e+00,6.850219e-01,8.415020e-01,8.950841e-02,7.439428e-01
