4.806074e+01,9.709898e+01,5.900758e+00,3.567351e+00,4.415027e-03,1.325351e+01,2.938947e-01,2.885084e+01,1.502084e-01,1.797900e+01
5.434825e+01,1.472686e+02,1.106524e+01,1.670466e+00,6.823801e-03,4.072847e+00,1.750611e-03,2.832738e+00,1.393496e-04,9.010583e+00
6.468820e+01,1.384206e+02,1.179729e+01,5.343434e+00,6.294136e-02,8.984171e+00,8.406058e-02,2.087236e+01,1.432027e-02,3.183195e+01
3.135893e+00,4.374230e+01,4.982321e+01,1.979228e+01,5.367770e-03,3.003448e+01,6.729086e-04,6.410995e+00,6.579613e-03,7.286099e-04
5.057971e+01,1.393906e+02,2.372003e+00,6.137016e+00,1.277057e-01,3.182906e+00,1.074331e+00,1.996530e+01,1.735476e-01,1.758884e+01
5.288247e+01,1.418703e+02,4.080405e+00,1.372400e+01,1.618298e-11,9.711150e+00,3.513864e-02,5.172647e+01,4.445100e-03,3.739428e-01
3.340820e+01,1.490157e+01,1.025129e+02,2.907032e+01,4.029973e-03,2.990183e+01,2.594557e-02,4.252036e+00,3.405615e-03,7.381033e-01
7.232147e+01,1.238688e+02,2.327471e+01,7.129349e+00,2.251818e-05,4.243280e+01,9.760625e-02,1.167678e+01,9.827853e-03,1.157461e+01
1.453995e+00,5.452698e+01,5.516380e+01,3.473407e+01,1.640385e-03,2.897508e+01,1.855162e-03,1.942662e+01,6.875873e-03,2.134594e-02
6.144972e+01,1.106443e+02,2.389220e+00,1.230732e+00,2.128598e-03,3.315861e+01,9.270590e-03,1.250901e+00,1.122481e-05,7.189792e+01
1.639376e+01,3.916203e+01,8.151925e+01,3.446132e+01,1.874479e-03,5.677387e+01,9.396482e-02,1.508576e+01,3.665241e-04,2.309450e+00
1.200600e+02,1.228884e+02,2.703113e+01,9.721623e-01,5.786189e+00,4.197314e+01,1.624322e+01,5.069414e+01,2.548172e+00,9.257009e+00
2.105216e+01,7.168346e+01,5.969497e+01,1.014531e+01,1.530119e-02,2.914449e+01,6.747167e-03,3.706570e+00,1.812632e-07,2.997016e+00
5.607328e+01,1.175850e+02,9.220697e-05,7.444276e+00,1.365637e-01,3.272449e+01,3.382665e-03,1.480711e+00,1.189298e-07,7.986779e+01
2.426684e+01,2.567640e+01,5.412737e+01,8.670417e+00,3.155053e-02,2.432782e+01,4.514184e+00,7.817718e-06,1.852842e+00,4.546691e+00
5.896205e+01,1.228819e+02,1.884134e-01,3.562052e+00,5.523397e-04,3.843966e+01,2.009478e-04,1.646076e+01,2.188887e-05,5.102378e+00
8.693249e+01,1.427723e+02,1.208883e+01,2.435202e+01,1.601945e-03,1.019162e+01,4.845086e-02,3.909112e+01,6.051251e-04,8.525718e-06
2.122863e+01,2.025224e+01,5.252352e+01,1.375198e+01,3.680596e-01,2.051800e+01,5.046744e-04,1.363035e+01,2.466666e-01,2.050374e+01
4.661018e+01,1.994594e+01,2.574138e-07,1.741985e+01,1.468088e-02,1.729736e+01,2.927144e+00,2.633797e+01,7.159711e-12,8.463503e+01
4.064614e+01,3.216558e+01,4.943547e+01,1.801375e+01,9.799091e-02,2.139312e+01,2.816117e-04,1.491452e-03,1.833589e-10,4.320371e+01
7.770686e+01,6.623891e+01,1.007844e+01,1.771836e-01,3.311852e+01,7.275634e+00,1.311504e+01,2.811175e+01,2.764794e+01,5.581328e+00
4.295254e+00,5.905075e+01,2.052726e+01,1.999731e+01,6.678337e-01,2.931754e+00,3.372437e-01,1.042446e+01,6.976332e-02,6.007711e+01
3.471274e+01,1.986108e+01,7.813584e+01,2.339143e+01,4.050400e-03,5.477695e+01,7.921228e-03,4.299938e-05,3.481540e-02,8.966950e+00
4.818824e+01,8.599847e+01,7.947219e-01,2.439740e-03,5.184209e-03,2.177102e+01,3.363681e-03,1.023052e+01,9.361214e-02,1.850599e+01
1.353727e-04,5.916459e+01,1.598082e+01,1.467662e+01,5.938815e-03,4.212325e+01,1.199420e-05,1.496924e+01,1.717138e-03,2.132450e+01
7.891365e+01,1.070586e+02,5.339417e+00,2.230596e-01,1.207765e-01,1.242212e+01,3.419426e-01,3.789417e+01,7.258810e-02,2.952035e+01
2.227411e+01,5.891605e+01,8.304638e+01,2.075191e+01,1.953613e-02,3.032671e+01,5.962080e-01,1.556921e+00,9.011628e-02,6.293011e-01
2.961573e+01,8.291628e+01,4.555732e+01,9.903052e+00,2.484071e-02,1.964768e+01,1.658144e-01,2.611357e+01,3.040320e-04,2.930050e+00
6.427238e+01,1.526725e+02,6.698045e-03,6.182972e+00,9.177329e-08,1.596545e+01,3.014202e-03,8.260387e+00,2.477239e-03,2.396484e+01
2.493985e+00,8.784709e+01,7.378448e+01,1.565028e+01,7.144780e-04,3.042836e+01,1.846037e-01,1.116029e+01,1.344465e-01,9.240084e+00
1.032947e+00,5.473902e+01,5.532436e+01,1.257690e+01,3.982743e-02,3.388761e+01,5.746403e-02,1.292993e+01,4.534133e-02,2.015899e+00
8.593750e-03,1.326872e+02,4.449594e+01,2.332342e+01,1.548411e-02,2.634248e+01,7.493278e-02,1.048105e+01,5.430086e-06,2.921474e+00
4.850035e+01,6.110418e+01,1.784161e+00,8.319732e+00,1.259229e-01,1.331032e+01,2.168986e-01,1.150898e+01,2.152943e-02,5.729189e+01
4.452715e+01,7.981217e+01,2.080075e+01,1.890157e+01,9.893509e-06,6.344420e+00,1.288747e+00,8.761780e+00,1.483141e-03,5.727519e+01
6.225948e+01,3.524891e+01,4.997843e+01,3.046485e+01,2.061934e-02,5.639534e+01,3.426593e-02,2.231888e-04,3.094028e-03,2.935130e+00
1.339959e+00,1.308461e+01,1.860853e+01,2.092003e+01,3.352186e-03,2.811002e+01,1.685699e-05,2.577234e+01,1.669031e-02,4.331588e+01
7.552843e+01,2.503627e+01,8.792936e+01,4.880485e+01,1.239405e-01,4.984165e+01,8.132756e-07,3.548849e-04,1.014429e-05,1.922755e-08
1.128069e+01,5.469149e+01,7.359844e+01,3.645294e+01,4.578029e-03,1.839116e+01,5.061458e-02,1.103722e+01,6.733481e-02,9.276605e-06
5.014692e+01,1.316877e+02,2.225186e+01,6.238520e-03,2.092518e-02,4.086578e+00,2.403340e-03,1.878874e+01,9.041801e-02,1.821775e+01
8.271869e+01,3.439214e+01,7.799089e+00,1.079485e+00,1.977594e+01,1.156615e-01,4.706667e-01,1.021938e+01,5.687483e+01,1.939878e+00
6.960840e+01,1.408423e+02,1.142706e+01,3.005347e+01,3.122931e-03,1.346537e+01,8.844223e-03,1.775361e-07,3.918413e-02,3.444545e+00
2.915014e+01,1.373731e+02,1.577972e+00,8.453383e+00,2.895208e-03,2.004134e+00,5.750094e-01,1.663142e+01,5.849829e-02,2.210317e+01
1.547605e+00,5.870884e+01,5.338547e+01,1.826842e+01,3.105101e-03,2.907782e+01,1.041249e-01,5.309751e+00,4.761445e-03,8.517244e-08
5.785204e+01,7.015048e+01,1.296671e-01,7.115531e+01,4.326989e-02,1.123106e-03,2.113972e+00,4.357567e+01,1.031379e+00,6.150601e+01
5.453484e+00,6.032443e+01,8.161868e+01,3.131181e+01,1.068031e-11,4.122847e+01,4.047849e-03,4.036418e+01,1.109152e-03,4.163531e-05
5.936302e+01,5.957941e+01,1.422225e-03,2.959659e+01,2.541524e-03,2.339582e+00,5.028805e-04,1.496234e+01,4.692378e-10,7.696570e+01
4.208057e+01,1.070702e+02,1.046205e+01,1.157592e+01,3.487592e-02,2.406152e+01,2.305768e-01,6.435805e+00,7.196765e-02,1.669625e-07
8.846489e+01,1.201418e+02,8.322264e-07,3.723406e+01,1.151738e-01,1.209097e+01,7.664405e-01,2.363163e+01,3.586622e-01,9.180639e-01
1.745691e-08,3.000705e+01,3.338132e+01,2.723785e+01,3.905492e-02,1.220418e+01,7.441977e-03,4.188926e+01,1.547262e-03,3.908871e+00
8.771196e+01,2.502621e+02,3.638627e-01,7.095551e+00,2.450330e-05,6.875336e+00,1.789679e-02,4.778603e+01,5.654088e-01,1.723368e+01
3.904229e+01,3.942957e+01,1.328032e+02,6.911290e+01,6.622964e-02,7.511538e+01,5.401753e-02,7.126520e+00,1.229587e-01,5.611002e-06
1.593724e+01,6.550871e+01,2.305284e+01,1.188954e+01,1.534383e-02,2.965898e+01,1.194639e-03,2.927863e-04,1.858440e-02,1.566969e+01
7.167205e+01,4.975763e+01,7.627562e+01,1.923987e+01,1.053391e-03,5.131433e+01,1.687184e+00,6.428468e-14,2.839810e-01,1.886346e-13
5.002315e+01,9.025259e+01,2.546399e-04,1.077493e+01,7.854934e-02,2.919440e+01,1.091809e-02,1.604945e+01,3.835710e-03,2.635097e+01
5.090665e+01,1.114798e+02,3.569076e+00,7.420535e+00,2.785060e-03,1.050613e+01,5.803871e-02,1.303671e+01,5.262285e-01,1.633227e+00
5.405303e+01,1.418839e+02,1.343380e-03,1.106541e+01,2.405221e-04,1.029844e+01,1.324047e-03,1.616644e+01,5.242797e-01,2.295649e+01
6.905457e+00,3.023699e+01,6.700043e+01,3.577877e+01,5.390585e-01,2.757376e+01,3.373537e-02,4.274292e+01,1.521133e-03,2.037888e+01
6.458424e+01,1.051582e+02,6.844723e+00,4.769056e+00,1.718128e-03,1.841028e+01,1.631900e-02,1.848929e-03,4.707920e-04,1.099863e+01
1.214635e+01,6.219530e+01,3.642310e+01,1.690593e+01,6.074116e-03,4.050443e+01,2.137902e-02,1.198587e+00,3.440460e-05,2.614769e-05
1.225747e+00,6.057630e+01,3.964806e+01,1.700026e+01,1.737148e-03,1.474710e+01,1.895893e-04,7.354372e+00,1.372739e-02,4.535834e-03
4.336227e+01,2.034226e+01,2.979518e+01,2.692081e+01,3.143333e-03,1.172815e+01,5.565946e-02,3.924565e+00,4.862487e-14,7.708797e+01
6.289533e+01,1.700178e+02,1.155106e+01,2.925046e+00,1.983330e-01,2.084479e+00,2.877400e-03,1.395584e+01,5.477755e-02,1.930812e+01
6.213042e+01,1.418722e+02,1.105442e+00,3.947162e+00,5.265658e-04,9.538495e+00,7.982014e-05,1.503521e+01,2.633218e-01,5.919418e+01
1.458648e+01,1.443594e+00,4.922435e+01,2.587639e+01,5.535815e-03,2.359611e+01,1.765238e-02,6.183673e+01,3.563691e-05,2.198899e+01
2.705774e+01,1.271359e+02,3.299159e+01,1.392345e+00,1.103146e-01,3.018749e+01,5.383477e-01,5.537664e+00,6.110106e-03,4.917874e+01
1.168993e+01,9.319841e+01,6.135474e+01,2.653157e+01,3.660310e-03,7.813237e+00,5.217224e-04,9.799186e-01,1.464488e-03,2.209594e+00
5.497023e+00,7.042906e+01,9.587123e+01,2.239541e+01,4.762980e-01,2.318030e+01,3.207408e-02,1.586451e+01,2.043331e-01,5.128010e+00
2.566863e+01,7.865291e+01,6.438621e+01,2.886972e+01,1.423148e-01,2.079315e+01,1.135102e-07,4.196368e-03,3.647939e-06,1.114414e-05
9.982339e+01,1.324277e+02,2.990175e+01,2.532115e+01,3.913396e-03,7.447744e+00,9.413355e-09,3.622012e-05,8.441496e-10,1.011511e+01
9.980830e+00,4.455208e+01,6.056571e+01,1.465429e+01,3.920118e-04,1.330130e+01,4.487321e-03,1.592841e-01,4.739130e-04,1.468285e+01
8.879280e+01,1.557651e+02,3.135697e-02,8.532020e+00,2.327580e-15,2.060951e+01,1.738463e-04,2.345375e+01,6.203430e-02,5.885379e+00
6.728007e+01,1.489188e+02,1.730812e+01,1.220147e-01,5.829798e-03,1.727208e+01,1.442379e-04,2.829080e+00,5.484609e-04,2.345853e+01
1.270785e+01,1.184457e+02,5.792102e+01,3.867462e+01,5.986235e-10,2.679118e+01,7.248170e-04,1.362819e+01,4.314196e-02,6.217907e+00
8.387544e-10,5.349597e+01,4.816987e+01,1.748293e+01,1.797131e-03,6.088316e+00,3.112009e-02,6.045184e+01,9.768252e-03,2.247432e+00
8.797744e+01,1.015413e+02,5.139027e+01,1.321566e+01,3.241907e-02,1.709158e+01,1.268448e+00,4.607483e+00,2.887122e-01,7.927582e+00
2.593683e+01,1.195182e+02,1.521212e+01,3.798419e-01,6.437297e-03,8.847506e-01,2.385917e-02,1.105559e+01,5.682406e-02,2.511302e+01
8.889088e+00,1.042272e-02,5.710132e+01,1.804099e+01,3.716829e-01,1.047724e+01,7.256793e-04,6.575224e+01,9.376400e-02,7.611491e+01
5.368573e+01,6.036660e-02,6.319653e+01,3.296409e+01,7.261886e-04,9.025387e+01,2.152775e-06,5.920325e-08,8.152507e-08,2.604381e+00
2.836033e+01,5.149647e+01,8.881278e+01,3.695663e+01,1.391128e+00,2.330249e+01,7.257553e-03,4.630642e+01,5.641355e-05,6.233242e-01
5.133354e+01,3.232601e+01,1.164811e+01,6.766729e+00,8.398116e-03,3.849396e+00,2.255372e-01,2.279309e+01,2.071761e-02,7.383405e+01
5.563689e+00,3.169859e+01,7.844042e+01,3.265098e+01,2.846385e-01,3.916677e+00,1.152671e-02,4.141112e+01,5.796757e-02,8.579000e+00
6.525832e+01,1.574119e+02,4.615438e+00,1.042706e+01,1.912608e-03,1.814162e+01,4.410640e-01,9.092651e-01,6.589446e-02,4.646668e+00
5.336987e+01,1.613663e+02,2.064937e+01,7.948477e+00,1.154890e-02,2.574387e-05,1.609436e-03,2.312431e+01,2.378514e-01,1.438166e+01
1.644994e+01,2.931751e+01,5.993530e+01,1.498320e+01,6.538378e-04,1.853990e+01,1.478862e-03,1.031542e-04,7.036554e-05,5.049862e+00
9.600575e+00,8.438967e+01,5.535871e+01,2.252264e+01,2.121532e-06,1.544636e+01,4.212233e-03,7.397529e+00,3.018659e-03,4.676285e-01
1.747270e+01,8.259384e+01,2.428579e+01,2.136063e+01,2.358116e-01,3.142674e+00,5.815500e+00,1.728389e+01,6.496571e-01,1.523100e+01
2.061282e+00,6.159942e+01,6.087563e+01,7.039937e+01,2.870180e-02,1.041907e+01,1.131880e-05,3.542872e+01,4.214912e-02,2.185472e-06
1.741826e+01,1.633447e+01,7.394922e+01,3.299958e+01,6.403501e-03,9.286531e+00,1.335611e-02,1.521192e+01,5.481037e-03,9.547310e-06
2.658992e+00,5.023498e+01,6.091231e+01,1.805486e+01,3.990447e-02,2.862501e+01,1.093503e-03,1.078092e+01,1.297553e-03,2.839530e-01
1.028235e+01,3.888182e+01,6.232716e+01,2.330010e+01,1.849736e+00,1.178580e+00,2.260797e-10,4.871596e+01,9.973530e-13,2.470665e+01
2.683056e+01,8.555000e+00,3.196148e+01,2.107837e+01,6.761680e-04,3.197617e+01,8.411600e-04,5.167026e-09,2.147325e-09,5.478022e+01
4.492570e+01,4.563895e+01,8.868063e+01,4.003218e+01,8.912535e-17,1.677455e+01,3.383606e-01,3.342710e+01,6.421685e-10,1.967840e+00
4.823920e+01,1.082987e+02,1.668538e+01,2.532568e+01,7.040503e-01,1.470999e+01,1.089888e-03,2.004464e+01,1.248350e-01,5.953025e+00
1.812378e+01,2.946945e+01,8.208745e+01,3.215981e+01,2.009581e-02,3.292060e+01,3.719649e-02,6.617200e+00,7.104300e-02,1.135514e+00
6.141614e+01,1.342435e+02,2.252801e-02,9.342511e+00,3.352371e-02,4.808753e+00,5.069781e-04,9.617386e+00,8.724735e-01,4.841344e+01
7.997183e+00,7.561429e+00,3.629558e+01,1.889703e+01,7.238708e-01,2.008629e+01,1.873166e-01,3.607084e+01,6.226981e-02,4.881926e+01
3.661969e+01,2.034702e+01,2.328340e+01,3.438915e+01,2.673877e-03,4.248473e+01,1.393804e-03,1.862714e+01,9.186336e-06,1.336922e+01
4.308307e+00,5.655469e+01,7.373916e+01,1.933773e+01,1.136483e-01,2.238787e+01,1.027862e-01,2.936196e+01,1.578841e-01,4.435801e+00
5.984866e+01,2.123793e+02,8.673971e-01,1.860120e+01,1.220411e-02,2.670426e+00,8.999000e-06,1.741363e+01,2.411488e-01,4.810007e-06
1.637649e+01,3.075789e+01,5.994343e+01,1.520953e+01,5.994297e-04,1.821044e+01,1.713453e-01,1.256270e+01,2.235924e-01,4.395397e+01
3.818780e+01,1.430816e+02,4.253358e-02,8.624603e+00,2.651673e-09,1.227674e+01,7.565603e-05,1.110699e+01,9.759905e-02,3.399469e+00
9.551805e+01,1.458632e+02,2.360273e+01,4.879609e-02,4.862671e-13,3.176173e+01,1.073802e-01,2.004129e-01,2.902679e-02,3.578280e+01
5.520917e+01,1.337690e+02,1.077001e+01,4.627858e+00,7.870760e-02,2.500943e+01,2.401400e-05,2.767671e+01,3.312394e-05,4.363993e+01
7.686526e+01,1.193714e+02,2.465916e+00,2.256806e+00,5.148751e-03,1.681439e+01,3.944822e-01,3.736486e+01,1.286665e+00,4.400743e+00
1.226550e+02,2.144941e+02,6.832595e-02,1.406000e+01,2.777111e-01,3.155484e+00,2.185380e+00,5.840625e+01,7.709928e-01,8.517088e+00
7.019291e+01,1.794754e+02,9.398664e-01,5.034950e+00,7.087813e-03,1.584358e+01,4.382895e-05,8.644867e+00,1.367145e-01,1.407471e+01
5.675961e+01,8.607450e+01,3.094244e+01,3.291020e+00,2.908973e+00,1.521983e+01,8.078145e+00,6.032369e+00,1.163977e+00,1.380946e+01
5.472719e+01,1.405316e+02,6.219316e-02,2.976353e+00,2.547346e-01,4.396768e+00,3.040223e-05,1.551715e+01,1.127212e+00,1.987517e+01
7.598245e-01,5.084298e+01,6.743253e+01,2.275709e+01,5.460130e-02,2.331048e+01,2.763578e-02,1.888863e+01,4.628220e-02,5.078881e-05
5.095057e+01,4.340172e-01,3.479839e+01,5.644626e+01,2.703928e-05,4.079898e+00,9.857267e-08,2.313800e+01,3.395089e-12,2.087008e+01
8.066828e+00,8.749253e+01,3.846408e+01,2.106743e+01,6.522068e-03,5.171620e+01,7.689020e-03,4.568560e-02,6.984985e-02,3.215890e-01
9.467795e+01,1.394220e+02,2.059920e+01,4.466482e-02,1.812280e-01,4.985701e+00,1.396752e-01,2.155571e+01,3.749625e+00,4.840470e+01
7.913648e+00,5.554049e+01,3.710760e+01,2.406409e+01,1.486734e-01,7.762559e+00,4.584264e-02,1.149396e+01,2.875438e-03,1.417818e+01
4.689644e+01,1.268145e+00,4.160724e+01,2.425626e+01,5.609621e-04,5.988929e+01,5.283980e+00,1.119297e+01,1.113356e-03,8.400198e+01
7.828601e+01,2.516967e+02,1.165308e+01,1.950834e+01,1.810886e-01,5.438337e-01,6.621276e-01,6.686276e+01,6.703454e-02,1.124580e+01
1.038901e+02,3.421918e+01,4.148283e+01,1.928230e+00,1.235393e+01,1.791947e+00,5.568527e+00,9.511893e+01,4.376854e-02,3.031306e+01
3.858537e-06,3.539816e+01,2.958954e+01,3.869671e+01,4.472664e-03,3.651393e+00,5.002532e-02,1.464693e+01,9.649556e-03,1.512463e+01
6.440871e+01,1.392759e+02,3.737443e+00,3.239592e+01,1.153689e-02,2.064369e+01,4.797754e-01,6.048581e+01,1.355742e+00,1.186343e+01
9.209319e+01,1.840506e+02,4.036279e-02,9.517325e+00,1.072718e-02,3.196665e+01,1.950087e-03,1.317668e+00,4.791838e-05,3.598588e+01
1.952384e+01,3.022921e+01,5.065992e+01,2.275161e+01,3.833177e-03,3.623323e+00,1.129671e-04,2.004877e+01,4.551692e-03,1.374249e-01
1.963076e-21,6.352781e+01,1.222887e+01,5.173295e+01,4.463137e-02,2.118870e+01,1.224850e-02,3.249114e+01,1.579204e-01,1.220839e+01
5.876792e+01,1.387911e+02,9.140593e+00,1.761140e+01,2.652930e-02,3.203046e+00,2.735966e-04,1.668629e+01,1.538404e-03,9.915936e+01
1.368836e+02,1.197634e+02,2.725952e+01,1.230182e+00,1.086708e-02,6.241013e+01,6.679096e-01,5.714381e-01,3.662040e+00,4.147601e+01
5.744885e+01,1.555720e+02,3.919641e+00,1.175963e+01,2.866325e-02,3.009327e+00,1.227984e-03,6.810705e+00,1.816948e-02,1.748335e+00
6.586487e+01,1.449134e+02,1.796302e+01,7.737541e+00,1.889817e-02,2.027910e+01,1.620021e-02,5.267545e+01,1.346061e-01,5.916341e+00
1.287177e+01,4.887559e+01,4.071301e+01,2.056564e+01,1.608937e-02,1.006392e+01,3.375267e-03,1.100141e+00,2.689383e-02,1.389496e+01
6.067525e+01,3.263524e+00,9.718964e+01,1.470414e+01,3.892898e-02,1.078214e+01,3.340193e-03,5.141852e+01,3.037951e-05,5.816570e+00
2.520224e+01,3.824996e+01,8.555465e+00,8.969921e+00,8.595072e-01,3.226875e+00,1.694354e-01,3.137299e+01,8.903806e-04,9.312129e+01
4.740003e+00,6.296762e+01,3.986749e+01,2.866206e+01,4.639335e-02,5.588638e+01,6.335423e-03,3.317058e+00,1.789240e-02,4.860762e-05
1.559313e+00,6.829142e+01,3.420006e+01,4.595188e+01,1.599963e-01,7.864793e-01,4.388264e-02,1.706813e+01,2.490785e-02,4.466203e-02
7.935981e+01,1.500082e+02,9.038901e+00,1.880098e+01,3.103089e+00,1.740772e+01,3.460952e+00,1.019097e+01,3.182882e+00,2.963369e+01
1.654372e+02,2.066191e-03,9.316062e+01,2.787359e+01,1.290959e-05,1.118309e+01,2.908293e-03,1.040417e+01,2.439218e-05,2.478170e-06
3.870526e+01,1.145222e+02,2.566947e+01,4.709112e+00,9.493913e-03,5.444005e+00,1.615343e-01,2.490179e-03,2.620979e-02,6.168713e+00
4.251681e+01,1.134268e+02,1.026167e+01,3.181023e+00,4.346718e-01,3.234764e+01,6.576010e-02,1.011093e+01,1.085883e-04,2.568638e+01
3.061332e+01,9.730727e+01,9.950956e+01,3.813169e+01,1.459164e-04,4.579905e+01,1.618319e-03,1.417979e+01,4.875402e-03,3.272101e-01
4.251928e+01,2.198927e+02,2.598106e+01,1.545932e+01,4.060540e-14,7.879885e+00,6.384339e-02,1.265498e+01,2.354907e+00,2.649149e+00
6.241272e+01,1.349568e+02,3.091352e+01,8.142152e+00,8.241578e-03,1.051228e+01,1.108118e-01,1.056941e+01,4.518908e-01,1.254131e+01
3.658890e+01,1.536138e+02,1.218007e+01,9.402918e+00,1.994705e-08,7.637013e+00,1.349331e-02,3.267028e+00,7.816998e-06,2.753972e+01
6.132816e-01,2.272795e+01,2.448327e+01,6.691528e+01,8.127914e-04,9.089553e+00,1.261250e-06,2.305860e+01,1.401592e-01,6.691302e-03
1.816705e+01,3.084213e+01,9.231558e+01,2.601925e+01,2.863734e-11,1.417014e+01,3.406467e-03,1.397041e+01,2.977865e-04,1.152345e-06
2.739796e+01,8.597812e+01,6.091640e+00,1.064877e+01,6.333214e-03,1.366693e+01,8.173174e-01,1.708271e+01,1.475076e-05,1.191315e+01
7.431729e+01,1.399620e+02,4.073764e+01,2.269469e+01,1.336953e-11,1.366654e+00,1.340627e-01,6.023853e+00,9.165435e-08,5.662502e+00
3.823057e+01,3.373587e+01,6.133904e+01,1.795726e+01,2.702155e-11,5.723033e+01,8.133896e-01,9.213227e-05,5.410227e-03,4.809927e-04
8.785475e+01,2.422416e+02,3.413435e+00,1.763225e+01,1.680429e-03,2.747580e+00,1.439561e-01,1.620015e+00,4.508790e-01,3.263952e+01
4.272745e+01,1.007766e+02,3.526423e+01,4.318007e+00,3.521452e-03,3.601451e+00,1.493105e-01,2.478662e+01,4.347993e-02,3.333239e+00
7.936611e+00,1.023572e+02,4.259655e+01,1.284201e+01,7.083736e-04,2.070940e+01,1.701764e-02,2.378594e-01,3.138930e-02,3.075646e+01
2.594542e+01,3.839329e+01,3.495416e+01,1.927076e-06,6.717919e+00,7.590011e+00,1.308871e+00,2.603812e+01,6.454447e-02,1.955102e+01
9.431395e-31,3.689301e+01,8.516245e-01,7.215919e+01,3.007825e-03,2.626950e+01,4.438376e-03,3.439484e+01,2.062119e-02,4.131824e+01
8.002816e+01,2.025551e+02,8.641683e+00,7.757291e+00,3.199940e-02,6.187712e+00,2.353822e-03,5.645700e+01,1.201990e-05,1.143304e+01
6.724987e+01,1.448111e+02,1.618837e+01,6.467722e-01,2.265586e-02,1.439443e+01,2.013998e-03,6.918634e+01,1.136186e-02,1.812447e+01
6.457616e+01,2.227018e+02,9.758458e+00,6.381591e+00,1.952417e-03,1.474673e+01,1.195262e-02,2.510733e+00,9.807242e-02,1.258798e+01
1.431577e+01,8.935856e+01,8.468330e+00,3.088453e-05,7.598208e-03,2.036429e+01,1.751570e-04,2.241530e+01,4.923116e-02,2.377698e+01
4.539721e+01,2.240934e+02,2.588566e-01,8.692397e+00,1.056420e-02,1.881842e+01,7.524859e-03,1.433804e+01,3.622263e-02,4.897438e+00
1.911168e+01,3.127705e+01,5.878395e+01,3.172598e+01,1.818973e-03,3.954049e+01,3.426364e-02,3.069526e+01,1.245416e-04,1.039734e-04
8.338332e+01,1.371052e+02,4.943180e+01,2.074736e+01,2.600267e-02,3.102847e+00,1.079323e+00,3.447328e+01,1.334768e-01,2.138761e+00
5.780776e+01,1.610706e+02,3.681609e+01,1.444676e-04,1.138798e-02,2.022648e+01,2.158578e-01,2.004222e+01,5.207059e-01,6.245163e+01
3.543711e+01,1.174743e+02,2.608987e+01,5.023344e-01,1.025521e-09,3.791367e+01,2.366918e-01,1.546848e+01,2.022187e-01,6.164585e+00
2.758481e+01,5.451640e+01,1.019494e+02,4.514648e+01,3.587902e-02,5.430214e+01,5.413105e-03,1.739186e+01,2.658501e-03,3.622689e-06
4.275884e+01,1.816712e+02,2.262643e+01,1.733249e-02,1.262968e-02,9.806421e+00,2.794346e-02,1.246058e+01,1.371793e-01,1.984041e+01
5.079280e+01,1.215199e+02,2.535545e-01,4.890218e-04,4.672676e+00,1.284368e+01,3.534908e-01,2.748074e+01,7.420725e+00,3.792448e+01
5.646386e+01,2.047324e+02,4.986098e+01,1.005884e+01,7.342008e-03,5.390637e+00,4.211897e-02,5.440159e-03,1.672279e-05,6.238221e+00
3.173022e+01,4.044740e+01,5.653870e+01,2.727191e+01,2.121585e-03,2.126665e+01,1.178436e-01,1.311126e+01,1.574817e-02,7.473625e+00
2.797276e+01,4.526409e+01,4.611949e+01,2.070741e+01,2.414226e-02,5.265566e+01,1.459879e-01,1.127282e+00,6.699595e-07,1.190730e+00
7.763922e+00,4.658962e+01,5.546837e+01,1.197234e+01,3.941973e-04,2.148966e+01,2.799274e-03,1.667399e+01,5.627073e-04,4.233143e-02
4.712021e+01,2.691676e+01,4.711345e+01,2.026406e+01,2.138947e-02,4.531664e+01,3.198434e-02,2.585892e+00,4.485771e-02,5.423307e+00
1.250497e+01,6.803982e+01,1.004186e+02,4.500368e+01,9.836515e-01,2.725416e+01,1.050611e-01,1.901662e+01,2.409826e-02,2.521130e+01
4.979800e+01,5.999444e+01,4.584840e+01,8.787967e+00,1.388513e+00,2.514985e+01,1.029939e+01,7.404048e+00,7.803833e+00,1.871702e+00
5.060041e+01,9.262521e+01,1.886015e-01,3.146314e-02,1.328148e-03,1.606147e+01,2.692561e-03,5.466176e+00,1.414310e-08,5.118533e+01
5.974467e+01,7.689998e+01,9.957746e-01,4.558213e+00,3.116617e-02,1.314057e+01,3.413396e-01,5.729286e+00,2.815751e-01,3.258094e+01
6.368327e+01,5.366540e+01,2.050002e+01,7.548886e-06,1.201524e-02,4.883244e+00,4.600406e-04,6.862235e+01,1.380664e+00,3.945178e+00
6.422142e+01,1.555566e+02,2.322120e+01,5.246166e-01,1.064206e-02,1.005318e+01,4.950099e-04,2.127787e+01,8.232256e-04,2.202945e+01
4.997837e+01,2.015212e+02,2.611742e+01,1.095268e+01,1.850487e-03,1.692543e+00,1.907855e-01,2.465231e+01,2.711363e-01,2.447748e+01
9.754155e+00,2.346476e+01,4.912869e+01,5.339187e+01,2.036577e-02,9.098201e+00,2.611720e-03,4.860678e+01,4.706337e-08,8.275729e+01
2.644775e+01,8.431774e+01,2.294654e+01,1.046293e+01,5.988658e+01,1.643052e+01,3.863686e+00,1.047290e+01,1.153041e-04,5.100705e+00
6.456185e+01,5.973189e+01,6.658296e-02,1.002819e+01,2.041500e+01,3.876596e+00,5.906539e+00,3.604622e+01,1.710160e+00,3.531712e+01
6.405879e+01,1.102146e+02,2.059077e+01,3.241694e+00,1.152728e-01,2.190399e+01,3.114417e-02,5.726241e+00,8.382028e-03,1.184924e+01
2.413973e+01,9.042018e+01,1.643298e+00,1.267553e+01,1.212471e-02,3.469376e+01,1.220489e-03,1.425509e+01,4.448797e-02,2.252046e+01
5.109302e+01,1.927120e+02,4.064386e+01,3.756838e+00,1.456578e-02,8.318853e+00,1.957603e-02,7.714976e+00,6.440514e-03,1.974537e+00
4.663045e+01,5.612652e+01,4.185909e+01,9.309212e+00,5.671200e-03,1.080675e+01,1.646852e-01,4.866211e-01,5.639671e-03,1.037630e+01
1.028586e+01,7.708661e+01,7.408093e+01,1.528621e+01,1.468228e-01,2.674830e+01,3.522083e-02,1.026952e+01,9.866460e-03,6.272330e+00
5.428802e+01,9.195658e+01,3.726921e+00,6.593002e+00,2.226723e-09,2.828922e+01,4.127604e+00,1.051721e+01,1.441077e+00,2.118624e+01
5.873864e+01,9.774148e+01,6.646917e-01,1.750899e+00,1.064872e+01,1.709921e+01,9.153278e+00,6.761206e+00,8.792966e+00,4.736303e+01
2.965865e+01,7.846404e+01,2.482108e+01,7.531024e+00,5.874999e-02,1.088120e+01,8.524123e-03,2.999671e-02,3.568283e-01,1.412523e+01
3.332383e+01,9.859371e+01,2.478874e+01,6.856519e+00,9.057809e-03,4.093998e+00,2.191550e-01,2.728918e-01,7.132234e-01,1.432137e+00
3.759531e+01,1.000644e+02,1.188592e+01,4.496958e+00,2.564715e-02,1.514449e+00,1.515175e-01,2.852129e+01,3.245079e-02,1.541025e+00
3.513727e+01,1.559030e+02,1.091167e+01,2.422848e+01,9.098436e-02,5.752114e+00,7.596020e-02,7.990966e+00,4.317996e-03,2.830238e+00
5.552429e+01,8.830433e+01,2.002922e+01,7.329902e+00,8.872553e-03,2.863551e+01,3.458081e-04,2.969420e-02,1.019868e-01,1.984462e+01
6.223322e+01,1.714537e+02,4.454481e+00,3.193330e-03,1.738641e-01,2.310884e+01,2.586595e-04,6.628311e+01,2.240214e-02,2.451615e+01
1.115558e+02,1.547095e+02,6.546281e+00,1.561068e+01,1.230272e-02,9.764475e+00,9.176161e-05,1.622787e+01,1.846450e-02,2.297731e+01
1.157091e+02,9.284029e+01,4.590364e+00,5.506108e+00,1.203688e-02,3.698715e-01,1.169272e+01,2.063413e+01,8.187045e+00,2.658879e+01
2.012500e+02,3.763514e+01,2.311604e+01,1.392569e+01,3.696150e+00,9.549937e+00,4.111646e+00,3.233697e+01,2.944844e+01,1.970458e+01
1.309255e+02,2.748208e+02,2.432905e+01,1.508704e+01,7.261522e-02,5.122980e-07,2.254135e-04,4.048375e+00,7.874635e-06,6.159807e+01
8.619755e+01,1.007644e+02,1.301765e+01,1.892379e+00,2.257066e-11,1.955586e+01,9.201805e-01,7.184639e+01,8.869488e+00,2.482562e+01
1.747410e-01,6.746716e+01,6.935778e+01,1.791667e+01,3.139559e-02,3.008456e+01,2.684236e-02,7.944798e+00,1.231992e-01,1.214573e+01
8.219602e+01,8.470576e+01,4.361963e+00,1.270883e-02,2.399383e-02,3.682233e+01,3.438499e-01,1.776931e+01,8.322897e-02,3.591146e+01
8.865816e+01,1.513591e+02,1.477709e+01,6.894946e+00,9.617858e-02,4.949794e+01,5.280752e-01,3.060557e+01,2.328372e-01,9.905626e+00
4.608390e+01,9.469888e+01,3.687369e+01,1.115937e+01,5.507690e+00,2.044695e+01,2.148445e+01,3.396732e+01,7.830510e-03,2.352305e+01
2.944904e+00,7.524827e+01,6.598244e+01,1.309088e+01,1.793889e-02,1.908751e+01,9.020897e-02,8.454410e-01,2.858980e-02,3.642900e-07
1.512136e+01,3.629962e+01,7.296724e+01,3.864268e+01,1.146474e-02,3.614169e+01,2.203652e-03,7.820159e+00,3.055545e-03,2.081098e-05
8.329834e+01,8.677922e+01,3.145887e-01,2.481194e-01,6.580960e-03,1.872352e+01,1.005931e-04,7.958637e+00,1.679134e-01,4.413601e+01
1.993141e+00,2.505613e+01,4.058138e+01,1.954831e+01,1.365019e+01,1.656508e+01,2.893021e-10,4.025857e+01,3.633883e-08,2.848509e+01
4.229252e+01,1.350985e+02,1.939358e+01,1.534837e+01,2.365443e-02,6.819326e+00,3.824665e-02,7.198188e+00,1.277567e-02,2.788800e-02
3.859953e-04,4.580471e+01,2.739386e+01,4.175728e+01,5.365478e-02,4.216263e-01,1.622999e-03,6.368238e+00,1.158212e-02,1.838317e+01
2.007267e+00,9.023565e+01,5.416470e+01,2.530939e+01,3.937949e-01,1.115350e+01,1.186786e+00,1.174409e+01,7.744507e-02,2.464446e+00
1.639207e+01,5.096843e-01,1.478878e+01,2.210232e+01,3.866873e-07,8.363669e+01,2.822870e-07,4.221565e+00,1.284779e-12,1.587316e+01
3.332788e+01,1.084040e+01,5.542075e+01,2.424347e+01,7.323209e-03,3.074003e+01,1.123237e-04,1.395444e+00,2.720747e-05,9.411919e-08
2.960142e+00,1.713154e+01,4.591583e+01,4.034476e+01,4.536632e-02,5.088644e+01,8.782230e-04,1.129377e+00,6.895773e-02,3.269226e+01
5.506132e-05,5.990357e+01,1.778882e+01,4.273299e+01,1.781654e-02,2.183260e+01,4.131606e-02,1.164271e+01,3.061634e-02,4.918906e-04
1.175451e+02,1.239135e+02,3.837608e+00,5.386821e+00,4.937269e+00,2.043822e+00,6.923465e-01,2.048119e+01,2.112039e+01,3.019551e+00
1.243747e+02,5.088582e+01,3.297858e+01,9.186703e+00,1.497836e-03,6.760586e+01,2.894870e-01,1.512406e+00,7.434786e+00,1.211305e+01
5.624830e+01,1.374221e+02,1.919677e+01,1.638639e+01,4.828845e-02,1.572155e+01,2.380481e-01,7.022681e-01,3.197171e+00,5.354721e+00
4.915332e+01,1.057144e+02,4.963056e-05,1.676383e+01,1.845370e-02,1.844318e+01,8.388281e-04,1.947235e+01,1.856688e-04,3.178171e+01
5.966752e+01,1.479925e+02,1.843050e-03,1.846904e+01,4.497243e-02,5.630558e+00,1.223995e-04,2.358734e+01,6.792820e-05,4.837416e+01
4.881435e+01,1.290921e+02,1.169859e+01,4.288970e+00,1.683244e-02,1.251272e+01,3.744987e-02,7.535831e+00,3.057612e-06,5.286916e+00
9.027308e+01,1.180926e+02,2.228258e-02,3.483193e+01,9.235338e-03,2.256941e+01,1.159468e-03,6.696170e+00,4.484587e+00,1.649816e-07
8.459283e+01,1.936701e+02,4.240575e-01,8.745134e+00,1.207225e-01,1.710618e+01,2.857633e-02,6.259174e+00,2.924885e-02,8.579237e+00
7.789154e+01,1.792856e+02,2.706598e+01,1.608061e+01,2.565289e-02,1.076948e+01,2.892754e-02,1.200626e+01,3.289016e-05,5.434417e-05
8.406692e+01,1.138930e+02,2.769147e+00,8.374288e+00,4.882176e-02,4.816235e+01,1.680707e-01,4.638554e+01,1.403912e+00,2.227597e+00
1.032174e+02,1.129623e+02,1.308327e-01,1.396921e+01,6.727021e-07,5.825355e+00,2.199004e-06,1.267095e+01,4.733001e-01,3.521471e+00
7.523292e+01,1.367698e+02,8.234461e-02,2.499047e+01,8.760310e-02,1.921287e+01,1.474159e-03,2.582293e+01,1.060828e-06,4.683847e+01
5.477696e+00,5.999431e+01,3.453669e+01,3.222096e+01,6.570931e-02,2.043786e+01,1.397951e+00,1.080602e+01,3.529791e-05,1.744577e+01
3.986504e+01,8.861474e+01,1.478202e+01,9.494597e+00,2.514559e-02,1.724078e+01,3.900001e-01,1.044578e+01,3.823457e-03,2.788873e+01
9.866579e+01,1.193713e+02,3.570834e+00,1.197835e+01,2.123107e-02,9.146794e+00,3.848685e-02,2.439774e+01,6.064418e-02,7.494030e+00
4.354174e-21,5.029447e+01,3.723766e+01,2.397542e+01,6.448181e-02,3.166623e+01,2.082319e-01,3.687283e+00,2.688383e-03,8.068537e-05
2.277186e+00,8.826412e+01,8.962074e+01,3.098465e+01,1.679074e-04,2.860308e+01,3.077854e-02,3.669730e+01,1.944374e-01,5.365959e+00
1.980169e+02,7.061976e-10,4.102947e+01,7.949905e+00,3.500037e-04,1.397531e+01,2.540868e-04,7.380745e-01,9.036413e-08,9.342437e-01
8.166180e+01,1.333477e+02,1.009460e+00,4.377696e+00,3.421539e-05,3.208232e+01,2.025271e-04,2.260808e+01,5.273826e-03,1.220793e+01
4.473318e+01,7.876321e+01,1.878007e+01,5.020313e+00,9.241646e-03,9.896849e+00,3.253151e-02,1.817432e+01,9.850084e-03,3.546899e+01
3.484690e+01,2.472463e-04,2.043163e+01,5.202568e+01,1.930397e-03,2.102908e+01,1.397711e-01,2.196754e-07,1.311357e-04,1.091710e+02
6.900315e+01,1.573458e+02,8.515651e+00,6.532048e+00,4.632761e-02,1.237969e+01,2.696780e-01,1.261609e+01,6.949441e-02,1.033868e+01
1.646628e+00,5.548731e+01,5.338566e+01,1.871973e+01,1.586461e-06,2.272744e+01,2.344757e-03,6.096825e+00,4.885531e-03,3.346106e-03
3.423394e+00,3.251669e+01,5.535577e+01,2.212740e+01,2.902659e-03,2.033118e+01,4.506409e-01,1.199539e+01,3.751023e-02,1.184983e+01
5.663449e+01,1.114340e+02,4.468019e+00,1.315928e+00,1.443682e-02,1.305783e+01,7.180435e-02,2.499122e+01,6.115782e-01,3.854380e+01
8.645334e+01,3.901090e-01,1.347059e+00,3.536862e-04,1.361074e+01,3.145005e-01,7.596212e+01,5.359268e+00,7.309212e+01,4.185702e+00
7.405968e+01,3.058078e-01,6.434651e+01,1.408592e+01,7.013551e+00,1.714823e+01,1.591837e+00,4.878849e+01,3.613810e-02,6.236923e+00
5.851555e+01,1.568845e+02,1.054169e+01,1.544535e+00,1.140258e-02,2.686364e+00,4.152459e-02,1.469105e+01,5.326400e-03,4.541113e+00
8.841764e+01,2.491104e-01,2.223038e+00,1.627688e+00,8.970535e+00,2.569683e-09,7.006966e+00,5.593236e+00,1.082435e+02,5.091756e-01
5.424868e+01,1.093470e+01,2.823447e+01,1.112078e+01,1.889502e+01,1.373832e-01,5.478701e+01,2.543837e+01,1.949045e-01,4.994628e+00
6.478889e+01,1.414469e-07,9.186685e-07,6.790326e+00,1.100680e+02,5.185160e+00,2.025212e+01,1.153051e-08,7.015298e+01,4.708596e+01
5.893061e+01,1.288439e+02,2.016452e-02,6.320192e+00,6.103823e-02,1.875824e+01,7.860676e-02,5.926381e+01,1.331602e-02,1.172336e+01
1.358277e+02,1.103799e-02,3.684854e-02,3.364593e+00,2.798158e+01,2.275378e-02,3.070340e+01,8.436272e+00,7.886396e+01,2.821488e-01
1.720020e+02,2.081090e-01,8.661477e+00,2.856619e-06,2.744949e+01,1.906303e-01,1.541945e+01,1.154346e-04,8.007349e+01,9.039192e-01
9.690647e+01,1.850019e+00,5.753294e-03,3.581771e-02,3.885207e+01,4.443686e-03,3.478189e+01,2.034070e+01,6.973976e+01,1.432039e+00
5.413950e+01,8.388120e+01,1.166466e+01,1.533327e+00,3.720104e-03,1.097201e+01,8.026924e-02,2.808517e+01,1.033841e-01,6.014372e+01
3.376654e+01,4.084926e+01,4.957611e+01,1.357681e+01,8.674739e-02,5.236850e+01,6.069710e-02,2.456872e+00,4.682082e-02,2.266559e+00
1.589008e+02,9.311405e+00,2.039720e+00,3.436950e+00,6.585219e+00,6.770830e-02,3.865702e+01,6.422972e-01,6.748040e+01,4.339553e-01
1.940362e+02,6.238279e-02,5.384675e+00,1.292884e-03,2.006542e+01,2.833627e-02,3.558263e+01,8.435569e+00,2.762630e+01,2.298477e+00
8.002697e+01,5.565115e+01,1.775552e+01,7.117581e+00,1.434478e+01,3.830246e+00,2.198274e+01,1.113279e+01,1.814942e+01,1.558746e+00
4.009394e+00,9.708124e+00,5.549438e+01,2.168137e+01,2.933701e+01,1.215478e+01,1.017519e-09,3.430824e+01,4.414226e-03,1.405609e+01
3.391183e+01,3.898865e+01,4.808955e+01,6.179428e+00,7.410449e-02,1.512544e+01,4.984637e-01,2.204164e+01,1.158077e-01,1.595876e+01
8.762930e+01,2.361314e+01,8.657692e-02,2.484326e-04,3.884840e+01,3.200566e+00,8.272187e+00,9.565619e+00,7.215102e+01,1.406410e+00
4.805234e+01,1.580154e+02,3.326802e+01,9.413673e+00,8.873258e-02,4.824747e-05,3.787851e-02,2.030469e+01,2.970642e-02,3.420692e+00
1.151088e+02,9.773382e-01,9.919513e-02,5.732831e-05,3.110636e+01,2.344804e-03,7.828604e+00,1.859939e+00,7.130028e+01,1.386499e+00
2.732731e+01,1.848078e-13,2.762451e-03,9.144729e+00,6.056721e+00,1.173147e-29,1.189231e+02,1.144134e+01,1.940894e+01,2.480543e+01
2.289325e+00,8.227645e+01,6.263605e+01,4.531699e+01,4.980714e-01,1.370734e+01,2.402088e-02,4.804937e+01,3.590956e-02,3.582289e-05
2.445177e+01,5.088711e+01,5.003843e+01,7.003045e+00,1.120253e-03,1.448983e+01,1.852780e-03,5.472453e-07,1.340337e-09,5.244293e+01
1.357758e+02,4.287596e+00,6.163009e+00,6.901579e-02,7.293196e+00,2.012672e-08,2.834762e+01,3.821711e+01,4.204959e+01,2.377620e-03
4.936101e+00,3.139985e+01,3.791613e+01,3.812925e+01,4.587930e-03,1.272468e+01,2.900135e-02,2.679747e+00,2.219854e-02,7.685761e+01
2.099555e+01,4.834084e+01,5.404226e+01,1.480138e+01,4.792891e+00,5.660354e+01,9.589655e+00,1.375892e+01,6.316008e-08,3.749821e+00
1.512814e+02,1.169087e-01,3.462901e+00,8.484152e-02,1.827315e+01,3.882438e-10,9.267380e+00,9.210043e+00,4.407736e+01,4.333931e-01
1.489713e+02,2.109140e-01,3.271744e-02,3.629923e+00,1.830536e+01,7.089210e-06,2.334193e+01,1.034165e+01,7.671538e+01,1.089045e+00
1.214598e+02,1.054795e-02,4.366148e+00,1.561024e-01,5.431629e+01,1.042633e-15,2.632872e+01,9.286092e+00,2.943418e+01,1.932872e+00
2.836427e+01,3.975648e+01,5.014787e+01,2.608525e+00,5.470440e+01,5.823868e-01,8.002452e+00,1.748451e+01,3.757923e+00,1.152469e+01
6.437163e+01,4.860853e+01,1.026651e-01,9.924119e+00,7.766962e-02,3.066107e+00,9.107581e-01,5.873562e+01,8.449673e-01,5.315690e+01
5.580734e+01,1.470476e+02,4.818555e+00,1.340843e+01,4.414310e-03,3.756800e+00,8.053264e-01,2.873628e+01,8.824349e-01,7.061947e+00
1.224088e+01,1.549332e+01,6.545691e+01,1.995777e+01,1.626595e+00,1.925808e+01,1.190222e-01,4.728032e+01,8.030667e-02,3.311947e-05
1.123110e+02,4.685987e+00,5.072985e+00,8.939960e-02,3.364440e+01,1.162083e+00,3.049330e+01,2.213075e-01,3.810279e+01,2.255348e-01
8.151708e+01,1.867996e+01,9.895571e+00,6.498787e+00,4.233354e+01,1.721366e+00,4.708312e+01,3.749061e+00,2.904235e+01,1.050929e+00
1.318001e+02,1.091015e+01,4.482780e+00,3.642040e-04,4.635760e+01,3.032519e+00,1.336108e+02,8.433928e+00,1.659681e+02,7.811455e+00
4.867027e+01,1.711121e-07,1.183978e-03,4.863310e+00,5.391047e+01,4.275126e-20,3.901135e+01,1.588857e+00,5.556060e+01,1.348609e+00
6.081649e+01,2.602268e+01,5.400582e-03,2.612693e+01,7.690025e-03,3.708108e-08,1.149963e+00,7.217186e+01,1.507348e-01,4.379778e+01
9.692338e+01,3.623017e+00,4.576381e+00,4.028675e-02,6.833501e+01,1.029757e-08,2.565295e+01,3.193149e+00,6.016534e+01,6.837181e-01
1.109805e+02,4.324923e-13,2.243045e-03,6.515281e+00,3.895082e+01,1.981368e-07,1.063324e+02,3.188313e-07,6.496254e+01,7.767666e-07
1.795852e+02,3.024123e-02,4.670804e+00,3.352056e-01,1.622831e+01,2.856152e-06,1.361413e+01,2.929110e+00,1.199144e+02,1.440362e+00
1.274736e+02,1.754251e-02,4.447353e-01,1.050413e+00,3.388631e+01,3.575939e-05,2.584803e+01,2.951031e+00,7.751339e+01,1.838000e+00
1.737210e+02,1.638858e-03,3.325944e+00,3.318930e+00,1.948984e+01,5.034329e-19,1.237533e+01,1.316834e+01,7.570042e+01,1.307296e+00
7.042181e+01,7.015252e+00,1.661378e+01,1.004549e+01,1.271958e+02,6.275994e+00,6.113330e+01,9.481393e-04,1.899299e+01,1.046575e-05
5.970129e+01,2.162677e-03,1.082147e+01,3.451656e+00,5.002893e+01,1.938735e-15,5.174519e+01,1.870190e+01,4.583621e+01,2.014779e+00
4.972929e+01,9.278969e+01,9.948440e-05,5.002950e+00,1.012566e-02,2.080490e+01,5.806984e-03,2.104313e+01,3.040054e-02,6.065197e+01
1.243585e+02,1.790984e+00,4.633711e-01,1.878927e+00,6.179306e+01,4.228301e-02,7.940443e+00,8.258530e+00,8.859313e+01,2.627476e+00
6.958121e+01,1.203086e+02,3.171359e-03,1.665809e+01,1.008714e-02,4.340291e+01,4.108635e-03,4.941326e-01,5.989217e-01,3.578879e+01
7.875364e-05,2.855575e+01,6.208782e+01,1.861392e+01,1.878260e+01,2.169678e+01,1.991286e+00,3.896687e+01,7.241129e-01,1.797363e+00
1.179301e+02,1.765601e+00,4.786683e-01,4.990545e-05,6.791717e+01,1.701182e-04,2.606123e+01,6.281722e+00,6.814250e+01,9.940926e-01
1.779090e+02,8.633015e-04,2.001558e+00,3.195435e-01,9.942219e+00,1.093560e-11,3.571406e+01,2.763848e-04,7.115833e+01,1.718239e-03
1.687719e+01,6.580446e+00,4.837356e+01,1.960509e-01,3.272804e+01,9.584964e-01,2.218086e-08,6.318968e+01,1.166853e-08,1.497440e+01
7.905014e+00,9.318309e+00,2.758397e+01,1.618903e+01,1.889081e+01,1.018446e+01,1.925246e-12,5.233011e+01,3.420389e-12,4.659611e+01
8.992274e+01,1.071076e+02,1.474888e+01,6.948479e-01,9.865109e-02,7.516878e+00,3.277955e-05,2.968017e-01,1.967308e-01,6.027292e+01
6.924512e+01,1.294788e+00,1.032039e+01,1.864366e-04,9.559851e-01,2.665410e+00,5.411343e-03,1.296304e+02,6.743538e+00,5.370867e+01
1.079698e+02,4.061478e+01,2.958161e+01,1.625448e+01,5.609077e-03,5.853934e+00,1.941913e-03,1.159690e+02,1.869541e-02,1.298995e+01
6.004421e+01,1.198789e-09,1.336141e+01,4.217347e-02,1.634411e+02,1.156516e-15,2.251695e+01,2.020307e+01,8.168217e+00,2.878403e+01
7.364693e+01,9.421335e+01,3.268811e+01,1.198227e-02,8.291803e+01,1.008868e+01,4.196228e+00,4.359526e+01,3.034500e-01,2.320208e+00
4.820917e+01,5.484557e+01,6.005845e+01,2.669559e+01,7.072530e+00,1.070524e+01,3.436862e+00,1.741297e+01,3.608697e-02,3.752837e+00
1.463346e+01,3.911705e+01,5.362727e+01,2.755979e+00,1.142034e+02,1.631413e+01,3.583352e+01,2.136040e+01,6.525546e-02,6.441090e+00
1.208806e+02,1.454381e+00,6.825502e-01,1.907652e-01,5.804944e+01,1.475620e-02,1.125763e+01,4.049675e+00,7.157408e+01,1.655875e+00
1.762496e+02,2.586175e+01,3.272988e-01,1.050273e+01,1.939803e+01,3.108799e+00,1.630383e+01,2.254456e+01,8.479697e+01,1.968234e+00
2.293009e+02,2.560414e-04,5.196388e+00,7.437927e-01,2.189748e+00,5.376097e-08,1.998656e+01,7.488750e+00,7.130842e+01,2.702088e+00
4.763642e+01,2.422418e+01,3.925130e-01,1.389571e+01,4.185748e+01,2.438624e-03,4.477154e+01,4.977203e-01,1.296198e+01,2.915119e+00
5.707847e+01,1.241042e+02,2.853882e+01,1.937101e+01,1.607319e-01,1.077877e+01,3.026699e-01,6.507586e+00,5.387751e-03,3.108562e+00
3.963718e+01,9.119182e+01,1.145856e+01,3.992209e-01,2.820881e+01,1.742667e+01,1.836371e+01,1.816837e+01,1.538275e+00,2.024869e+00
5.820393e+01,6.898702e+00,2.701420e+00,3.157533e+00,6.146453e-02,1.757824e+00,4.795648e+00,1.301289e+02,1.726855e-02,4.517907e+01
5.240855e+01,7.045057e-01,8.363268e-02,6.281903e+00,9.042747e+00,2.580363e+00,1.035230e+02,2.048322e+01,1.089235e+01,1.275871e+01
3.967434e+00,1.314763e+00,3.284328e+01,1.028619e+01,8.905788e+01,6.207594e+00,6.496525e-01,4.178129e+01,7.020349e-02,6.606131e-01
9.219806e+01,1.795850e-03,3.537371e-01,2.509331e-01,4.752606e+01,6.451893e-06,5.593466e+01,2.088005e+00,4.612996e+01,1.090847e+01
7.825986e+01,1.788335e+00,1.298641e+01,5.369558e-03,2.461961e+01,4.909748e-02,1.322645e+02,4.669325e+01,2.314756e+01,8.399454e+00
1.275894e-15,6.936862e+01,5.295892e+01,3.465908e+01,1.069507e+00,3.209647e+01,1.235994e-01,7.143298e+01,6.742040e-03,1.619168e+01
9.881753e+01,3.290810e+00,2.467740e+00,2.704912e+00,2.430855e+01,1.615985e-04,4.716735e+01,1.033441e+01,3.877382e+01,9.677962e-02
6.666942e+01,1.191906e+02,1.535762e+01,6.689741e+00,1.650764e-01,6.684102e+00,9.114302e-02,6.659816e+01,4.322338e-01,1.325372e+01
9.799832e+01,2.542912e+00,1.295132e+00,1.091000e-02,7.924688e+01,3.051149e-03,3.678790e+01,2.531751e+00,8.485286e+01,2.190288e-01
3.698958e+01,5.654390e+01,8.743452e+01,3.033214e+01,2.771071e+01,1.754942e+01,1.473181e-06,3.387945e+01,1.296333e-05,3.225249e+00
9.520803e+01,4.665080e+00,1.716950e+01,6.261735e+00,1.305434e+01,7.330857e+00,1.228842e+02,3.998774e+00,1.269496e+01,3.304203e+00
1.214316e+02,2.548356e+00,7.670355e+00,1.952801e+00,4.570236e+01,2.674780e-03,3.977769e+01,2.016005e+01,3.777059e+01,6.084719e-01
1.429259e+02,1.835679e-05,9.359416e+00,2.232550e+00,1.451355e+02,1.548735e-10,4.353052e+01,8.571046e+00,2.305334e+01,8.758725e+00
9.920200e-04,1.743110e+01,4.761223e+01,1.381300e+01,8.861600e+01,9.722531e+00,2.394809e-04,3.253266e+01,1.477319e-03,1.552955e+00
1.133563e+01,4.455001e+01,4.004112e+01,1.545980e+01,2.054542e-02,7.175374e+00,2.094637e-01,3.605395e+01,1.094517e-02,1.170958e+01
6.261675e+01,1.315798e+02,1.330351e+01,2.081707e+01,1.540168e-02,2.266198e+01,7.051273e-05,1.327902e+01,4.299451e-01,1.367025e+01
1.671528e+01,1.115967e+01,7.284611e+01,1.707857e+01,7.135322e+00,8.200657e+00,1.500363e+01,1.554422e+01,2.137389e-01,4.864124e+00
1.068086e+03,2.155095e+01,1.077149e-01,3.601862e+01,2.765018e+02,4.074740e-04,2.748598e+02,8.678600e+01,5.281559e+02,2.281156e+01
4.809632e+01,1.990200e-02,6.206918e+01,8.363813e+00,1.039258e+01,7.878830e+00,5.542869e-01,4.221270e+01,2.519705e-02,1.966089e+01
1.602467e+01,9.715749e-11,5.137704e+01,2.675525e+01,9.895407e+01,2.143155e-29,9.392398e+00,3.867676e+01,2.871024e+00,8.478944e+00
4.420693e+01,1.255363e+01,5.410056e+01,3.197590e+01,4.696489e+00,7.756917e+01,6.417889e-01,3.593401e+01,1.843941e-01,1.565101e+00
5.188568e-08,7.036201e+01,6.368395e+01,1.083285e+01,4.231715e+00,2.183953e+01,3.418713e-01,3.847739e+01,2.254351e-01,1.487509e+00
1.518925e+02,7.250201e-02,1.773150e+00,2.670480e+00,1.046631e+01,3.163130e-10,1.221201e+01,2.148094e+00,6.502892e+01,1.132153e-01
4.778154e+01,1.230336e+02,8.052493e-01,2.386358e+01,5.120153e-02,6.107009e+00,5.197450e-04,7.357681e+01,1.117782e-06,6.990954e-02
1.192583e+02,2.414345e-10,2.994554e-01,3.100227e-02,1.131473e+00,1.756595e-01,2.938714e-01,7.688343e-01,9.303534e+01,6.462373e-01
8.175887e+01,1.404746e+02,3.128970e+00,6.761601e+00,2.600386e-07,1.205318e+01,1.534029e-02,2.063935e+01,3.780755e-01,1.303450e+01
6.173074e+01,9.727655e+00,4.914608e-01,1.585764e-05,1.544335e+02,7.931405e-04,4.072408e+00,5.235005e+01,1.458523e+01,1.513406e+01
4.591305e+01,5.884632e+01,1.287786e+01,3.683943e+00,2.847669e-01,1.355093e+01,1.205318e-03,2.453553e+01,4.491358e-04,2.810518e+01
9.958573e+01,3.802912e+01,4.853950e+00,9.637646e-02,1.017367e+01,2.513655e+00,4.644674e+01,1.613023e+01,3.073230e+01,5.119109e+00
9.655916e+01,5.345918e-07,1.428534e+00,1.100515e+01,4.539910e+01,1.439376e+00,9.609280e+00,1.300478e+00,1.229301e+02,3.831602e+01
1.961648e+02,4.948032e+00,1.117869e+00,2.868315e+00,1.734756e+01,1.732591e+00,3.976598e+01,4.939996e+00,8.803761e+01,4.062082e+00
7.525738e+01,1.064496e+02,1.294147e+01,1.009239e-01,2.675944e-03,1.119971e+01,3.063873e-03,3.370983e+01,5.611223e-06,1.798374e+01
1.428715e+02,2.208215e+00,1.878934e+00,1.026869e+00,5.275891e+01,3.240138e-10,4.085837e+01,5.915947e+00,8.393318e+01,2.127879e-01
4.694604e+01,1.632892e+02,1.423681e+01,6.875445e+00,1.473937e-03,1.563758e+01,1.244208e-04,2.433042e+01,2.234935e-01,9.197613e+00
2.278994e+01,6.441000e+01,4.477832e+01,1.064463e+01,9.052285e+01,1.540489e+01,3.461565e+01,1.898472e+01,1.043153e-01,6.311890e+00
1.713931e+02,1.773262e-07,3.655334e-05,3.088210e-02,8.084866e+01,3.527382e-01,3.306712e+01,4.807177e-05,7.783566e+01,9.136459e+00
1.456885e+02,2.267515e+01,3.258257e+00,3.609396e+00,1.260567e+01,1.513773e+00,7.050472e+01,7.883709e+00,9.057799e+01,7.459282e-02
1.151912e+02,2.937094e-03,6.634380e-02,1.910655e-02,1.834020e+01,2.131457e-01,6.668524e+01,3.080150e-01,9.519268e+01,2.304303e+00
3.832479e+01,1.120038e+02,9.080333e+00,3.897214e+00,4.656673e-14,2.291746e+01,5.377138e-02,6.308783e+00,3.992603e-01,8.517040e-01
1.332930e+00,8.419468e+00,5.246240e+01,1.968142e+01,1.207450e-01,4.721387e+00,1.403483e-03,8.822776e+01,1.348406e-02,2.831907e+00
1.329250e+02,1.252160e+00,5.250364e+00,7.314699e-03,8.715221e+01,3.412797e-04,5.716693e+01,1.318924e-02,5.928600e+01,3.293537e-02
6.128307e+01,6.078251e+01,1.057796e+01,2.965200e+00,3.940414e+01,1.375446e+01,4.336290e+01,2.415273e+01,9.093219e-01,8.561079e+00
7.366803e+00,2.349495e+01,3.640847e+01,9.775564e+00,1.798488e+02,1.418722e+01,4.689152e-04,5.331438e+01,1.867426e-01,4.121520e+00
9.075222e+01,6.497419e+01,2.079128e+01,4.166767e-03,9.154777e-05,2.511444e+01,1.591983e-03,7.033305e+00,4.598287e-02,5.679030e+01
4.574435e+01,2.932961e+01,5.047627e+01,1.314272e+01,9.774682e+00,1.368703e+01,3.443609e+01,1.200793e+01,1.360494e+00,1.069285e-01
9.595948e+01,9.628023e+01,4.420354e-07,3.867520e+01,1.368795e-01,1.018605e+00,2.674598e-02,8.636095e+01,6.445517e-05,6.918216e+01
5.830884e+01,3.223721e+01,7.387989e-01,1.149637e+01,3.612650e+01,8.698573e-06,2.612729e+01,9.743994e+00,4.457541e+01,1.148693e+00
1.311815e+02,1.458040e+01,3.654667e-01,6.664239e+00,7.148153e+00,2.795059e-01,1.877322e+00,1.895201e+01,1.255147e+02,8.750889e-01
6.933364e+01,1.800914e+01,1.194428e+01,7.666086e+00,1.242521e+02,9.707249e-01,8.331096e+01,1.668105e+01,1.578394e-01,1.240536e-07
4.404872e+01,3.797099e+01,5.778338e+01,1.537136e+01,1.819872e+01,9.193553e+00,7.882841e-06,4.267807e+01,2.976006e-03,2.267266e-02
7.193205e-04,3.211897e+01,1.565596e+01,2.722140e+01,2.320591e+01,1.722796e+01,1.691033e-07,6.108280e+01,4.880189e-09,8.610006e+00
1.459158e+02,1.105651e-01,2.283914e-01,5.632187e+00,3.120521e+01,2.330140e-19,1.270761e+01,1.299799e+01,9.910273e+01,1.686737e+00
1.149785e+02,2.762660e+01,3.835391e+01,2.017493e+01,3.251297e+01,1.373205e+01,1.952230e+01,4.261693e+01,2.141785e-02,1.261189e+01
6.363692e+01,8.282775e+01,1.309042e+00,9.117091e-01,2.521610e+01,2.883033e+01,7.824430e+00,8.038014e+00,2.127529e+01,2.274159e+01
1.451986e+01,2.630530e+01,4.553823e+01,2.529579e+01,5.161130e+00,1.569252e+00,4.209482e-01,2.473434e+01,9.342593e-02,7.807195e-01
3.365511e+01,2.872930e+00,5.795186e+01,1.035064e+01,3.715377e+01,1.581253e+01,9.359802e-01,1.157847e+01,5.665851e-04,2.252794e+00
9.620943e+01,2.877277e+01,1.032286e+01,2.261099e+00,3.565082e+01,4.148064e+00,1.759202e+01,4.774430e-03,5.068705e+01,3.102879e-05
8.810466e+01,1.600678e+01,1.877149e+01,3.340378e+00,6.925809e+01,2.268252e-03,4.610802e+01,4.556399e+00,2.666630e+01,4.836103e+01
4.910790e+00,1.679392e-03,2.122916e+01,1.777913e+01,4.505133e+01,1.942801e+01,9.265862e-02,7.256096e+01,1.293616e-02,2.266739e+01
2.583666e-31,5.852623e+01,8.229775e+00,1.604513e+01,1.140313e+00,4.908926e+01,3.928311e-01,1.863990e+01,2.274714e-01,2.180815e-01
8.036363e+01,6.604164e+00,7.300695e+00,4.992072e-07,6.023408e+01,2.204603e-02,3.057763e+01,9.902782e+01,2.144982e-02,5.351462e+00
6.634732e+01,8.215403e+01,1.667227e+01,7.015478e-03,1.515627e+01,3.635702e+01,6.088350e+00,7.226746e-01,4.277803e+00,5.006556e+01
2.051960e+02,7.712497e+01,3.361593e+01,9.380536e+00,3.139078e+01,1.106813e+01,2.133448e+01,6.377349e+00,6.357557e+00,8.304230e+00
1.277441e+02,9.661688e+00,9.362926e+00,6.690120e+00,1.443036e+01,1.658136e+00,5.047679e+01,1.069323e+00,1.424993e+01,5.412960e-02
7.628599e+01,2.618874e+00,5.311583e+00,5.224788e-02,2.292887e+01,4.403493e-11,5.630174e+01,6.392842e+00,3.682188e+01,6.758259e-01
4.690501e+00,3.303458e+01,2.919970e+01,6.484575e+00,2.744554e+01,2.724595e+01,3.948391e-02,2.259576e+01,1.703362e-01,9.408446e+00
9.457978e+01,8.674315e+01,1.639675e+01,1.105414e+01,1.870690e+01,2.283387e+01,2.046423e+01,1.905227e+01,5.966883e+01,1.346957e+00
4.941560e+01,8.690329e+01,5.319247e+01,2.432974e+01,5.658396e+01,7.836331e+00,6.052488e+00,6.002629e+01,1.052692e-02,9.483500e+00
4.615809e+01,4.919780e+01,2.634792e+00,5.852915e+00,6.163981e+01,3.055390e-01,7.873200e+01,1.660163e+01,3.118638e+01,6.226578e-02
1.213395e+02,2.912430e+02,2.924668e+02,4.644308e+01,5.277022e-13,7.082701e+01,1.609892e+01,3.594743e+01,2.184269e+01,1.649803e+01
1.070510e+01,8.852832e+01,4.668223e+01,2.578947e+01,2.439359e+01,1.353163e+01,9.827179e-01,3.736095e+01,7.032282e-01,7.728879e-01
1.446923e+02,1.698210e+01,6.400035e-01,3.130585e+00,5.916123e+01,1.757650e-05,5.082122e+01,2.457787e+01,5.703210e+01,3.447209e+00
1.240672e+02,8.974325e+01,2.440584e+01,1.398559e+01,1.496327e-02,2.285041e+01,4.693429e-01,3.429735e+00,1.092096e+00,7.948269e+01
1.728920e+02,2.638874e+01,3.862442e+00,1.847122e+01,4.418651e+01,4.065419e+00,1.214773e+02,3.187098e+01,8.589201e+00,5.131420e+00
5.801051e+01,1.556915e+02,1.516873e+01,2.536349e+00,8.263956e-04,7.045276e+00,6.857249e-04,1.977308e+00,4.531187e-01,5.179357e+01
7.461211e+01,1.419728e+02,3.087264e+01,5.542501e-04,3.432044e-01,5.540856e+00,1.013082e+00,4.224613e+01,7.677684e-01,2.344904e+01
2.271496e+02,8.757370e+01,7.012167e+00,1.089781e+01,2.118702e+00,6.851010e+00,1.230491e-02,5.243433e+01,2.088300e+01,5.249030e+01
2.418885e+02,1.516699e+01,1.921974e+00,3.807130e+00,4.412383e+01,4.267164e-01,2.879502e+00,7.631059e+00,1.398720e+02,5.138729e+00
3.440336e-02,2.046382e+01,6.971493e+01,8.396983e+00,9.816703e+01,7.386218e+00,1.708583e+00,7.191438e+01,3.084670e-01,6.362242e+00
5.472516e+01,1.242423e+01,9.628239e+00,7.939537e-02,2.127573e+00,1.382508e+01,2.606228e+01,3.310791e+00,3.595030e+01,1.972536e+01
8.656907e+01,2.114637e+00,7.104872e-02,2.224971e+00,1.186647e+01,3.945042e-13,3.017040e+01,3.668068e+00,6.859124e+01,3.964997e-01
1.333501e+02,4.378778e+00,6.943931e+00,1.061770e+00,6.856015e+01,2.950223e-02,9.494589e+01,1.405896e-01,4.703863e+01,7.203988e-01
1.079451e+02,9.288173e+00,2.109828e+01,1.004063e-03,3.738166e+01,8.799613e-05,9.144377e+01,4.103291e+01,2.575376e+01,5.193682e+00
5.964996e+01,9.693452e+01,1.970315e+01,1.627240e-07,4.144663e+01,1.811003e+01,4.701021e-13,2.314191e+01,6.257822e-09,1.082411e+01
3.391266e+01,4.858799e+01,6.680310e+01,1.284790e+01,4.938710e+01,2.728104e+01,2.908095e+00,2.588295e+01,1.120902e-01,2.998851e+00
1.220466e+02,1.491509e+02,2.026835e+01,7.109022e-01,2.941393e-02,2.376750e+01,5.574330e-02,1.037150e-03,2.726782e+00,2.836833e+01
1.164086e+02,1.101769e+00,1.965186e-02,2.604076e-05,5.518298e+01,6.659010e-04,4.642044e+01,9.102141e+00,9.463107e+01,5.809314e+00
7.059658e+01,7.543832e-01,9.524411e+00,2.385911e+00,2.178522e+01,2.067864e-01,7.017022e+01,5.009883e+00,3.548058e+00,1.857868e-02
9.180354e+01,1.812753e+02,1.072278e+01,1.119555e+01,9.488701e-01,5.271264e-03,9.967101e-02,2.093930e+01,7.787256e+00,2.229822e+01
5.697285e+00,1.134847e+01,4.714637e+01,9.564219e+00,8.274233e+01,9.343074e+00,1.239804e+00,6.085948e+01,1.441391e-01,2.739586e+01
5.613501e+01,1.807771e+01,1.337874e+01,1.875100e+00,1.032624e+02,2.158966e-02,6.957862e+01,1.777237e+01,1.106926e+01,6.512814e+00
2.881108e+01,6.239392e+01,2.290879e+01,1.961419e-01,2.001390e-02,1.613362e+01,2.288853e+00,3.267956e+01,2.132061e-06,7.200060e+00
2.283923e+02,7.163616e+01,1.153064e+01,2.624379e-02,4.028737e+00,9.979280e+00,2.030652e-01,2.211485e+00,2.335534e+01,1.406963e+01
2.352382e+01,9.552226e+00,7.897606e+00,6.330417e+00,1.018710e+00,4.297573e+00,1.078902e+02,6.734732e+01,3.668266e+01,5.156517e+01
8.375790e+01,1.585503e+02,1.901704e+01,1.166765e+01,3.365203e+00,8.457348e+00,2.896147e+01,2.244745e+01,4.945137e+01,9.149488e+00
1.854249e+02,7.029405e+01,2.920721e+00,1.357571e+01,1.946841e+01,6.819898e-02,1.168134e+01,1.537930e+01,9.946695e+01,3.572946e-01
1.646171e+02,6.459807e+01,1.428448e+00,1.368072e+01,2.560623e+01,4.858635e-08,5.442987e+00,1.254473e+01,9.408001e+01,5.274031e+00
1.047167e+02,1.092830e+01,5.843331e+00,7.098466e+00,7.494951e+01,1.246231e-05,6.803677e+01,8.585596e-01,5.755905e+01,2.442747e-02
1.231044e+02,1.771850e+02,1.873300e+01,1.171904e+01,1.332488e-01,8.466648e+00,1.517427e+00,4.465568e+01,2.006036e+00,8.487147e+00
1.309364e+02,7.646216e+01,1.394062e+01,4.939413e-01,3.257992e+01,2.726660e-01,1.045083e+01,1.746664e+01,1.029985e+02,6.560673e+00
1.632480e+02,2.088102e+01,1.094135e+01,4.594609e+00,1.385826e+01,5.771822e+00,6.477103e+01,3.887223e+00,8.732064e+01,4.895498e-02
7.972856e+01,5.010393e+01,4.666763e+01,2.798505e+00,6.080888e+01,2.365704e+01,3.199069e+01,9.304003e+00,1.321146e+00,1.384856e+01
1.484188e+02,1.556500e+00,4.434856e+00,4.519452e-01,6.577104e+01,5.021093e-10,4.902481e+01,4.958017e+00,7.918217e+01,1.160560e-03
1.770585e+02,3.788613e+01,6.339640e+00,2.996867e+00,5.378523e+01,3.779772e+00,2.409972e+01,1.522032e+01,8.050716e+01,1.291327e+00
1.251276e+02,1.353544e+01,3.459481e+00,1.639846e-01,2.235935e+01,2.234506e+00,2.539201e+01,6.704757e+00,3.415983e+01,8.375073e+00
1.072224e+02,9.354358e+00,3.645009e+00,1.590079e+00,9.018252e+00,1.869475e-04,2.948146e+01,6.880405e+00,4.713797e+01,6.635627e+00
7.313275e+01,5.087380e+01,1.896000e+01,8.548344e-02,4.489983e+01,4.242151e+00,2.297549e+01,2.404901e+00,1.681978e+01,1.177763e-01
8.062547e+01,6.093010e-04,1.317468e-02,1.493950e+00,8.738086e+01,9.329878e-10,6.058444e+01,5.370864e+00,4.649990e+01,1.362740e+00
9.091278e+01,6.067320e+00,1.649147e-01,2.557987e+00,9.445534e+00,1.850907e+00,5.574773e+01,5.068528e+00,5.544457e+01,1.742355e+00
5.709340e+01,1.125534e+01,1.072813e+01,1.202225e+01,3.669073e+01,6.188752e+00,4.941896e+01,2.865434e+00,3.604108e+01,5.816573e-01
1.362207e+02,8.421338e-01,3.085748e+00,4.078074e-01,3.686927e+01,6.524506e-05,5.197543e+01,1.698219e+01,3.519169e+01,3.139914e-02
8.900329e+01,1.835094e+01,1.486545e+00,2.114384e+00,2.318053e+01,2.042841e+01,2.970807e+01,7.238156e+00,1.487344e+01,4.003659e+01
4.631861e+01,5.226620e+00,1.905810e-01,1.016834e+00,7.556320e+01,6.301915e+00,9.237808e+01,2.687173e+01,1.271281e-02,1.629097e+01
6.576475e+01,2.568852e+01,2.101700e+01,3.921766e+00,3.762443e+01,1.057704e-01,2.166407e+01,7.606085e+00,3.187966e+01,3.449707e+00
4.306268e+01,4.961044e+01,6.670328e-01,1.152147e+01,7.625253e-03,1.213182e+01,5.322682e-01,4.906086e+01,4.897716e-03,3.690255e+01
7.084338e+01,1.215979e+01,8.853039e+00,3.264677e-01,4.286033e+01,3.467863e+00,2.810547e+01,6.112863e+00,5.457511e+01,3.471329e+00
6.073282e+01,3.261949e+01,1.226621e+00,8.904812e+00,5.004290e+01,8.364492e+00,7.010720e+01,1.028815e+01,9.596940e+00,8.470446e+00
9.130561e+01,1.173933e+00,1.999558e+00,2.384084e-05,2.723117e+01,8.155988e-02,5.035115e+01,2.762839e+00,4.026410e+01,3.482574e+00
6.036802e+01,4.954985e-01,8.001920e+00,4.908815e+00,7.992402e+01,1.612120e-13,7.415319e+01,7.790809e+00,1.852057e+01,1.085069e+00
1.502943e+02,3.197030e+01,2.544237e+00,3.349927e+00,1.623968e+01,1.328066e-03,1.016059e-01,9.050750e+00,4.635273e+01,5.237890e-02
8.715209e+01,2.989150e+00,4.636408e+00,3.759626e-01,2.834662e+01,9.392630e-01,3.440685e+01,2.021106e+00,5.151060e+01,7.737925e-02
8.090448e+01,1.460777e+01,3.725438e+00,2.585910e+00,1.451386e+01,4.300985e-01,2.203862e+01,6.301037e+00,8.995813e+01,2.761191e-01
8.596917e+01,3.214519e-01,3.233776e+00,1.458324e+00,2.972513e+01,3.628730e-15,9.666361e+00,1.301725e+01,7.024836e+01,2.718310e+00
1.237300e+02,9.593352e+01,1.084287e+01,4.747668e-01,7.811506e+00,3.644703e-03,2.372340e+01,6.708598e+00,6.795382e+00,1.868269e+00
7.782671e+01,1.745184e+02,1.394199e+01,1.119149e+01,9.160901e-03,6.760032e+00,1.286791e-03,4.012837e+00,1.344626e-01,7.295267e+00
4.127161e+01,1.395104e+02,2.627752e+01,7.053705e+00,3.641494e-02,1.206696e-02,7.897982e-04,4.017373e+01,1.852676e-02,8.130472e+00
5.263546e+01,1.063147e+02,2.718068e+00,4.077428e-01,1.192845e+01,6.271299e+00,4.940484e+00,1.830165e+01,2.594127e+01,1.168889e+01
1.490837e+02,3.497090e+01,1.129189e+01,2.593449e-01,9.793291e+00,5.877543e+00,5.046743e+01,3.333984e-02,2.671339e+01,8.426240e+00
1.027412e+02,1.080992e+00,1.351594e+00,7.750705e-01,3.778780e+01,2.562802e-01,3.587131e+01,9.377640e+00,4.641710e+01,2.136096e+01
9.060462e+01,2.223008e+01,5.103113e+00,4.609522e-01,1.211362e+01,8.622135e+00,1.482949e+01,5.552262e+00,7.070617e+01,6.143866e+00
1.321366e+02,2.870909e+01,1.277327e+01,4.111129e+00,2.721989e+01,9.904464e-04,3.601733e+01,4.178030e+00,5.703279e+01,1.217497e-03
8.774750e+01,3.162542e+01,6.979271e+00,2.924696e+00,1.382819e+01,5.748343e+00,1.465298e+01,1.222484e+01,3.471383e+01,9.328076e+00
8.001308e+01,4.905356e+01,1.133300e+01,4.196420e-01,1.347497e+00,2.444394e+01,2.153715e+01,7.891052e+00,6.137272e+00,2.761728e+01
8.312964e+01,5.685344e+00,1.999278e+00,7.604555e+00,4.078706e+01,1.447758e+00,3.121675e+01,7.907145e+00,3.510586e+01,1.216780e+01
9.275053e+01,6.141105e-02,1.524329e-01,6.507581e-01,5.600669e+01,1.134440e-01,7.087947e+01,2.811482e+00,3.213276e+01,1.604833e+00
4.857429e+01,1.191751e+02,2.886979e+00,3.775756e+00,6.740358e-03,1.088986e+00,2.661888e-01,1.252784e+01,1.098841e+00,1.378966e+01
3.153463e+01,1.142259e+02,8.119653e+00,2.829364e-02,3.921682e-02,8.781450e+00,2.244727e-02,9.821757e+00,7.166256e-02,3.446550e+01
7.848298e+01,1.937329e+01,1.758654e+01,1.397126e+00,2.588755e+01,1.041560e+00,2.128209e+01,3.020464e+00,4.328125e+01,1.292201e+00
8.991964e+01,3.395437e-03,2.075955e+00,1.072114e+00,3.035269e+01,1.128643e-03,3.916826e+01,1.974656e-02,4.214715e+01,3.884948e-05
1.864257e+01,1.092402e+02,3.613484e+01,2.553968e+00,9.516252e-02,9.786905e+00,7.140835e-01,1.652342e+01,6.893638e-01,1.288772e-01
1.572896e+02,2.546206e+01,7.505342e+00,5.343276e+00,4.581613e+00,8.990155e-01,4.882812e+00,6.910850e+00,4.104485e+01,7.722619e-01
7.388810e+01,9.422935e-01,6.745804e+00,1.088003e+00,5.903483e+01,8.530951e-05,4.016814e+01,5.374716e-01,6.704012e+01,3.609580e-01
9.028588e+01,1.258257e+00,2.679191e-01,5.864908e-03,3.929531e+01,4.586742e-04,8.241534e+01,5.006214e+00,5.100487e+01,2.025945e+00
9.432863e+01,1.681065e-01,2.137860e+00,4.339333e-01,6.001199e+01,2.022799e-01,3.881926e+01,1.622285e-02,6.471852e+01,3.814448e-05
1.238181e+02,1.951889e+01,8.312494e+00,3.563905e+00,2.101752e+01,8.102845e-03,2.045637e+01,4.213473e-02,5.121660e+01,3.407946e-01
3.263550e+01,1.741908e+02,1.843019e+01,1.642450e+01,3.913611e+00,1.675742e-02,4.366012e+00,2.196868e+01,4.739213e+00,1.101740e+01
1.182462e+02,3.896414e+01,2.477234e+01,2.432261e+00,4.752151e+01,5.069448e+00,2.504644e+01,5.503409e-02,3.236163e+01,3.472359e+00
1.428123e+02,8.471400e+00,1.275871e+00,3.394415e-01,3.986903e+01,1.884508e+00,3.546247e+01,2.396604e+00,6.778288e+01,2.723107e-02
7.638171e+01,1.115265e+02,8.035694e+00,7.016675e-01,2.705138e-08,1.545214e+01,1.310059e-02,4.947410e+00,2.761059e-01,6.061759e+01
8.065982e+01,1.352410e+00,7.194447e-01,4.876990e-01,4.227369e+01,2.695557e-13,4.726099e+01,1.162528e+01,3.656975e+01,9.156088e-01
1.140088e+02,6.565923e-01,7.450820e-01,3.204278e-01,4.548850e+01,8.419630e-02,2.273942e+01,6.050911e+00,5.644222e+01,4.327848e-05
1.210633e+02,5.768187e+01,4.965753e+00,2.883036e-01,1.531531e+01,2.047054e+00,5.677748e+00,2.135339e+00,3.225125e+01,7.586996e+00
8.844444e+01,2.165606e+00,2.915096e+00,1.674023e-05,3.868234e+01,4.316780e-09,7.128805e+01,4.739530e+00,1.223570e+01,3.352095e-02
6.516592e+01,2.964197e-01,2.680145e+00,1.052935e+00,5.883356e+01,9.029218e-14,3.147571e+01,2.015450e+00,4.002475e+01,2.724097e-04
1.524458e+02,4.580283e-04,5.579972e-01,2.915860e+00,7.293792e+01,2.438637e-08,3.224802e+01,7.803817e+00,1.051240e+02,5.596591e-04
4.129267e+01,6.547823e+01,3.273809e+01,1.789556e+01,4.878173e+00,5.390747e+00,2.146424e+01,1.654875e+01,3.443095e+00,1.539938e+01
4.707623e+01,1.491311e+02,8.650922e+00,8.731139e-02,1.140068e-02,6.809489e+00,9.858313e-03,9.102624e+00,2.765384e-01,1.423034e+01
8.811298e+01,6.693919e+01,1.461507e+01,1.872541e+00,1.192844e+01,4.591724e+00,1.200508e+01,1.664796e+01,2.270160e+01,1.046611e+01
6.940186e+01,5.098796e+01,2.414503e+01,4.826622e+00,1.903318e+01,8.284168e+00,2.437545e+01,3.613661e+00,2.984015e+01,4.578253e+00
7.289307e+01,8.358778e+00,8.320733e+00,1.165123e-01,3.131518e+01,5.309524e+00,4.176543e+01,8.901980e-01,1.757257e+01,5.504186e+00
7.243100e+01,5.959199e+01,8.782483e+00,1.205828e+00,2.463769e+01,9.059161e+00,8.139562e+00,1.529799e+01,2.106646e+01,4.209676e+00
4.225269e+01,1.211717e+02,1.243074e+01,5.914437e+00,3.708719e-03,1.425074e+00,3.902589e-02,1.551950e+01,6.645191e-06,5.901870e+00
6.181767e+01,1.137635e+01,1.683787e-01,2.741761e+00,5.745146e+01,7.548369e-01,3.476973e+01,7.318779e+00,3.694182e+01,4.833796e+00
2.188609e+02,9.476498e+00,1.056738e+01,3.220791e-03,1.096506e+01,1.969643e+00,1.272216e+01,4.388639e+00,2.245649e+01,9.756672e-01
5.897412e+01,3.388083e+01,3.063591e+00,1.379375e+00,1.611833e+01,2.698905e+01,2.196073e+01,7.550757e+00,2.068908e+01,1.305962e+01
1.185609e+02,1.300775e-01,7.564031e+00,1.459873e-01,1.143411e+02,3.110546e-09,1.345485e+02,9.795415e+00,3.837459e+01,6.331616e+00
2.051145e+02,1.939854e-02,8.302632e+00,3.424014e-01,1.160017e+01,2.464879e-03,4.803941e+01,2.191414e-03,6.117711e+01,1.034173e+00
9.145083e+01,1.920885e+01,1.114589e+01,2.630949e+00,1.705435e+01,2.670995e+00,1.648644e-01,4.846152e+00,4.232440e+01,1.186116e+01
8.049240e+01,6.066492e+01,6.287912e+00,3.636100e+00,1.075116e+01,3.458461e+00,1.557026e+01,5.975760e+00,1.474731e+01,4.079662e+00
9.713073e+01,9.646651e-03,3.382764e+00,2.351721e-03,1.396818e+01,1.696832e-04,3.866393e+01,2.605361e+00,6.924517e+01,6.148562e+00
6.274050e+01,2.978927e-03,3.768708e-01,5.592314e+00,1.340254e+02,1.735876e-03,6.546525e+01,5.215153e-02,1.343105e+01,1.359844e+00
3.506560e+01,1.276094e+02,1.158019e+01,1.093574e+01,3.717518e-03,4.086062e+00,3.102685e-03,1.449303e+01,3.414681e-01,1.734188e+01
1.113710e+02,4.291491e+01,1.654702e+01,3.043768e+00,1.169907e+01,1.565672e+01,1.802486e+01,2.198747e+00,3.176791e+01,2.155996e+01
7.884584e+01,1.656814e+02,1.494170e+01,8.921529e-01,1.943152e-01,1.948732e+00,5.877354e-01,1.585843e+01,5.858845e-01,4.441761e+01
1.287929e+02,6.736616e+01,9.775128e+00,8.644539e+00,6.666361e-02,2.960037e+01,2.589894e-03,2.201129e+01,1.564628e-01,4.205544e+01
1.759973e+02,2.764167e-01,4.444460e+00,1.023065e+01,2.860382e+01,5.575687e+00,6.053504e+01,1.262693e+00,5.124409e+01,7.831245e-01
1.419609e+02,3.745574e+00,2.787821e+00,7.142261e-01,7.183804e+00,1.649015e-01,5.411361e+01,1.088089e+01,1.171554e+02,1.494099e-01
1.070142e+02,4.587834e+01,1.386875e+01,3.854051e+00,2.847123e+01,1.498605e+01,2.110496e+01,1.547620e+01,3.045056e+01,1.340355e+01
1.023600e+02,1.520770e+02,2.069651e-01,1.862684e+01,7.189943e-02,3.199666e+01,2.068057e+00,1.659234e+01,5.884241e+00,1.049656e+01
2.099345e+02,7.460673e-02,5.450835e+00,6.692694e-02,3.023958e+01,6.863680e-04,2.488530e+01,1.274783e+01,5.640810e+01,1.233704e+00
1.239686e+02,2.026567e+00,1.866966e+00,2.060931e-02,3.758399e+01,1.974097e-05,2.302169e+01,7.044346e+00,7.452574e+01,5.779712e-02
1.525741e+02,6.567052e+01,1.879978e+01,3.968894e-01,2.126381e+01,4.284751e+00,2.689713e+01,8.780682e+00,8.945136e+00,2.862122e+00
1.094652e+02,1.768876e+02,2.930502e+01,1.760541e+00,1.943251e-01,7.897804e+00,2.520564e-01,7.794888e+00,4.095310e-01,2.084731e+01
1.542962e+02,2.367156e+00,2.795356e+00,4.001997e-01,3.292953e+01,3.589952e-01,7.521806e+01,2.853669e+00,3.111728e+01,3.203140e+00
5.712185e+00,3.260909e+01,5.000423e+01,2.705957e+01,8.162523e-02,3.660973e+01,1.662190e-03,3.175806e+01,2.836267e-03,1.960761e+00
6.326270e-01,8.579629e+00,4.185070e+01,7.587730e+00,6.649190e+01,1.493811e+01,6.399465e-01,3.664215e+01,2.349114e-01,8.133038e+00
1.537014e+02,1.256455e+01,6.352792e-02,1.666924e-01,5.642758e+01,8.258136e+00,4.805808e+01,1.287963e+01,1.027758e+02,4.043472e+00
1.203648e+02,2.756083e+00,1.159813e+01,1.068371e-01,5.668682e+01,1.681692e-03,8.408312e+01,2.311391e+00,6.824991e+01,5.745027e-01
7.210118e+01,1.412428e+02,5.263341e+00,3.119113e-01,1.672877e-01,7.131475e+00,5.304695e-06,3.448553e+01,6.547362e-05,3.214288e+01
8.126099e+01,4.109999e+00,5.344500e+00,1.463800e+00,3.616549e+01,1.811114e+00,5.546605e+01,1.660191e+00,7.410113e+01,6.494798e-01
9.583018e+01,6.676785e+01,4.391754e+00,1.993907e-03,1.720550e+01,5.401988e+00,9.804818e+00,2.314805e+01,3.377027e+01,1.234431e+01
2.006495e+02,1.378065e-01,5.717420e+00,5.455059e+00,6.010196e+01,5.580809e-14,1.004072e-01,1.293742e+01,1.316399e+02,4.752483e+00
1.196420e+02,5.975998e+01,1.009902e+01,1.007234e-02,1.622418e+01,5.410370e+00,3.677997e+01,6.814699e+00,3.375618e+01,2.623073e+00
1.967247e+02,6.114489e+01,2.518824e-01,1.268214e+01,1.044100e+01,1.207185e+00,4.323825e-01,1.820795e+01,8.060478e+01,3.817597e+00
3.346354e+02,1.986684e-05,1.490983e-04,5.312478e+00,7.218439e+01,1.591318e-10,6.258773e+01,1.103426e+00,1.296355e+02,1.102124e-10
1.461472e+02,3.626323e+01,9.146829e+00,1.368972e-03,6.430256e+01,1.905447e+00,5.259766e+01,9.969094e-01,3.890484e+01,1.756778e+00
1.999199e+02,4.167196e-05,2.053809e-02,7.908849e-01,2.448296e+01,1.310432e-01,2.385992e+01,2.138704e-04,8.838884e+01,1.605680e-01
7.281781e+01,3.609542e+01,1.184579e+01,1.163457e+00,1.588486e+01,7.373917e-01,1.728903e+00,1.261325e+01,5.496992e+01,1.714394e+01
3.704695e+01,1.793184e+02,1.372847e-01,7.953354e+00,3.617476e-02,4.571546e+00,1.818580e+00,3.770825e+01,5.103696e-03,1.859977e+01
7.423565e+01,5.503375e-01,1.163598e+00,2.799894e+00,4.726194e+01,5.192130e-09,1.406762e+01,9.043506e+00,8.917361e+01,3.878503e-01
8.430079e+01,1.264613e+00,1.388874e-01,9.400125e-03,1.033900e+02,1.998833e-03,4.157175e+01,2.525425e+00,3.807421e+01,2.331912e+00
9.642459e+01,8.510146e-01,4.275846e+00,1.724896e-03,2.571553e+01,3.372531e-07,1.618032e+00,4.771747e+00,8.459547e+01,1.237623e+00
6.281125e+01,2.575823e+00,5.874020e+00,2.067447e+00,1.197887e-03,1.715250e-01,8.398919e-02,1.545404e+02,3.356384e-01,4.176168e+00
8.495180e+01,1.311914e+01,7.581838e+00,3.189831e+00,4.523403e+01,8.693134e+00,1.758310e+01,9.167413e+00,3.161587e+01,2.606054e+01
5.080421e+01,7.286164e+01,6.507896e+01,7.236805e+00,3.587166e-01,1.993758e+01,9.723575e-02,2.986020e+00,1.832424e+00,8.863113e+00
7.494758e+01,1.310102e+02,4.534761e+00,1.042568e+00,5.339989e-03,1.219956e+01,1.573681e-02,2.892690e+01,1.278744e-01,9.684114e+00
2.317543e-16,1.175017e+01,4.150587e+00,4.707827e+01,1.589546e+00,1.957712e+01,1.272197e+00,2.873284e+01,1.848566e-01,4.463598e+01
7.768870e+01,9.281558e+01,4.151233e-01,1.254031e-01,1.703895e+01,2.863982e+00,9.335189e+00,3.048559e+01,2.551109e+01,2.527563e+01
