6.374592e-01,6.950268e-01
9.012724e-01,2.463526e-01
9.907928e-01,1.892422e-01
7.908362e-01,4.804950e-01
9.892504e-01,2.027072e-01
7.945566e-01,4.995793e-01
9.227544e-01,2.634119e-01
6.357575e-01,6.840281e-01
8.534365e-01,4.003984e-01
7.999689e-01,4.388496e-01
5.707988e-01,7.911846e-01
8.642985e-01,3.423036e-01
8.598348e-01,2.900338e-01
7.193918e-01,5.610021e-01
6.625600e-01,6.293206e-01
8.977394e-01,3.743725e-01
7.815985e-01,4.129289e-01
6.838445e-01,5.886685e-01
8.834391e-01,3.393299e-01
8.159209e-01,4.099216e-01
7.700692e-01,4.785926e-01
8.553460e-01,3.079968e-01
7.248649e-01,5.716679e-01
7.085096e-01,5.966474e-01
1.001682e+00,1.810571e-01
6.791650e-01,6.142761e-01
8.366253e-01,4.567387e-01
9.301979e-01,1.882838e-01
7.328064e-01,5.376192e-01
7.260804e-01,5.593411e-01
6.650768e-01,6.128019e-01
6.899861e-01,6.234570e-01
8.991437e-01,3.444746e-01
7.383893e-01,5.259801e-01
7.917308e-01,4.741435e-01
9.788835e-01,1.495711e-01
7.905340e-01,4.822237e-01
7.602738e-01,4.911034e-01
6.568987e-01,6.373688e-01
7.004456e-01,6.079782e-01
6.457576e-01,4.536393e-01
7.766648e-01,4.701841e-01
7.990047e-01,2.557819e-01
7.050584e-01,5.708497e-01
4.340403e-01,7.306769e-01
8.036387e-01,4.638669e-01
7.254391e-01,5.056280e-01
7.119799e-01,5.641304e-01
7.402548e-01,4.907912e-01
9.445848e-01,1.235139e-01
6.986662e-01,5.641395e-01
6.341564e-01,6.275040e-01
7.763731e-01,4.678360e-01
7.162120e-01,5.613641e-01
7.494152e-01,5.218811e-01
7.893562e-01,4.240498e-01
8.527812e-01,3.709734e-01
9.485964e-01,1.937794e-01
8.510490e-01,2.491510e-01
7.881120e-01,4.767719e-01
7.532703e-01,4.973128e-01
7.485928e-01,5.436452e-01
7.051894e-01,5.579721e-01
7.490830e-01,5.461264e-01
8.135256e-01,4.314313e-01
9.745331e-01,5.089954e-02
7.703604e-01,3.605766e-01
8.055092e-01,4.588353e-01
7.156786e-01,5.980865e-01
8.917194e-01,3.200248e-01
9.530263e-01,2.423788e-01
7.114168e-01,5.403037e-01
5.733526e-01,7.728222e-01
8.025941e-01,4.480835e-01
8.638423e-01,2.288591e-01
5.409316e-01,7.904730e-01
6.660119e-01,6.553411e-01
7.481701e-01,4.956345e-01
6.527588e-01,5.993254e-01
7.466770e-01,4.831382e-01
6.277101e-01,6.610322e-01
9.876419e-01,1.249706e-01
7.019361e-01,5.814654e-01
7.856214e-01,4.352517e-01
8.433826e-01,3.724758e-01
7.662400e-01,4.514472e-01
6.709742e-01,6.759858e-01
1.017366e+00,1.452427e-01
9.092567e-01,3.231170e-01
6.972332e-01,6.244612e-01
6.889231e-01,6.160302e-01
7.381463e-01,5.321579e-01
6.680036e-01,6.041824e-01
8.765714e-01,2.358658e-01
6.007790e-01,7.525814e-01
7.126895e-01,5.603079e-01
3.873075e-01,9.105628e-01
8.950461e-01,3.506952e-01
7.789887e-01,4.507649e-01
8.279537e-01,4.357714e-01
8.694337e-01,3.296390e-01
8.281350e-01,4.095470e-01
7.768174e-01,3.149035e-01
6.832348e-01,5.520390e-01
7.448001e-01,5.291557e-01
8.489612e-01,3.963331e-01
9.216765e-01,2.977395e-01
6.666671e-01,6.376224e-01
7.325867e-01,5.493153e-01
9.914348e-01,1.697978e-01
6.326007e-01,6.557206e-01
6.489426e-01,6.448569e-01
7.821785e-01,5.141737e-01
8.094932e-01,3.894964e-01
8.324324e-01,3.740462e-01
9.467790e-01,2.200491e-01
7.796013e-01,4.562725e-01
7.742463e-01,5.071916e-01
8.165315e-01,4.645127e-01
7.548021e-01,5.372823e-01
8.052404e-01,4.464119e-01
7.085714e-01,6.142285e-01
7.512684e-01,5.396026e-01
7.470781e-01,5.421671e-01
7.809482e-01,4.499732e-01
7.382895e-01,4.609793e-01
8.532630e-01,4.129610e-01
8.172575e-01,4.068360e-01
6.586346e-01,6.283245e-01
5.178206e-01,8.507486e-01
9.230472e-01,3.128352e-01
7.358660e-01,5.188142e-01
7.997492e-01,5.041045e-01
9.096993e-01,2.263055e-01
9.210353e-01,2.916910e-01
7.758639e-01,4.860945e-01
5.512050e-01,8.149532e-01
7.085935e-01,5.624400e-01
7.402683e-01,3.704605e-01
7.136206e-01,5.880125e-01
7.729965e-01,5.150045e-01
7.368769e-01,5.432552e-01
9.002875e-01,3.312411e-01
7.208340e-01,5.089391e-01
5.723831e-01,7.864777e-01
7.093484e-01,5.326194e-01
7.655661e-01,4.787937e-01
7.311395e-01,4.774125e-01
9.268148e-01,3.219448e-01
8.519812e-01,4.043413e-01
5.632549e-01,6.219387e-01
6.580493e-01,6.498942e-01
7.108309e-01,5.552345e-01
9.279044e-01,2.816202e-01
7.265956e-01,6.081228e-01
8.840573e-01,3.022770e-01
7.002856e-01,5.706432e-01
9.627773e-01,2.152154e-01
8.082075e-01,4.669673e-01
6.928196e-01,5.980757e-01
7.103605e-01,5.417775e-01
7.724279e-01,4.283832e-01
8.383352e-01,4.128327e-01
8.303662e-01,3.670631e-01
6.248480e-01,7.076826e-01
8.261742e-01,4.310886e-01
5.824474e-01,7.960176e-01
6.171162e-01,7.031554e-01
9.136756e-01,3.425752e-01
9.086552e-01,3.159593e-01
9.750666e-01,2.456088e-01
5.815385e-01,7.805550e-01
6.882824e-01,5.873953e-01
8.805616e-01,3.763854e-01
6.760385e-01,5.881870e-01
9.472773e-01,2.879925e-01
7.946216e-01,5.024680e-01
9.139615e-01,3.181942e-01
6.608462e-01,6.555641e-01
5.535707e-01,7.573216e-01
7.462744e-01,5.061901e-01
8.410025e-01,3.842085e-01
7.739045e-01,5.016425e-01
7.376135e-01,5.302637e-01
5.762453e-01,7.422365e-01
6.860956e-01,5.373335e-01
7.616181e-01,5.335291e-01
9.511238e-01,2.579105e-01
6.824175e-01,6.010274e-01
6.532797e-01,6.843115e-01
8.551315e-01,2.712165e-01
7.033146e-01,6.275695e-01
7.401729e-01,5.159166e-01
9.085983e-01,2.414502e-01
6.373835e-01,6.594454e-01
8.841823e-01,3.447919e-01
7.338095e-01,5.181832e-01
7.967957e-01,4.806539e-01
8.493010e-01,1.817638e-01
6.731861e-01,5.654089e-01
7.664113e-01,4.725555e-01
7.238432e-01,5.451340e-01
6.461722e-01,6.533547e-01
5.373638e-01,8.152473e-01
8.283463e-01,4.585460e-01
7.859889e-01,4.900427e-01
6.629178e-01,6.504388e-01
9.015477e-01,3.279106e-01
8.102801e-01,4.302594e-01
7.415309e-01,5.479387e-01
9.113897e-01,3.234626e-01
9.084682e-01,2.936134e-01
7.376530e-01,5.571120e-01
8.464364e-01,3.978418e-01
9.626801e-01,2.033272e-01
8.932429e-01,3.267274e-01
8.148981e-01,4.565618e-01
8.233681e-01,4.570780e-01
5.753108e-01,7.219850e-01
6.412465e-01,7.047288e-01
8.380128e-01,3.842422e-01
7.678079e-01,4.675632e-01
6.060711e-01,7.121105e-01
8.138929e-01,4.357967e-01
8.323492e-01,3.878418e-01
7.069613e-01,5.371954e-01
5.625375e-01,7.756312e-01
7.898494e-01,4.520984e-01
9.599308e-01,2.330141e-01
6.097555e-01,7.379726e-01
7.806698e-01,3.978638e-01
7.154300e-01,6.459623e-01
7.592492e-01,4.137059e-01
6.967963e-01,5.658369e-01
7.723998e-01,5.129429e-01
6.614001e-01,6.708328e-01
7.201958e-01,5.912439e-01
7.016638e-01,5.919760e-01
7.930508e-01,4.932061e-01
6.915256e-01,5.500538e-01
8.210964e-01,3.270784e-01
6.147169e-01,6.760012e-01
8.456458e-01,3.841654e-01
7.323560e-01,5.530251e-01
7.797667e-01,4.814426e-01
4.804078e-01,6.617267e-01
6.545993e-01,6.470647e-01
5.222632e-01,8.671831e-01
8.545283e-01,3.983743e-01
6.752706e-01,6.226274e-01
9.248058e-01,3.100331e-01
7.620617e-01,4.703582e-01
7.206705e-01,6.113780e-01
9.293012e-01,2.520235e-01
6.656325e-01,6.898771e-01
7.053412e-01,5.720261e-01
8.074063e-01,4.001996e-01
8.324173e-01,4.124181e-01
5.072375e-01,7.819784e-01
7.671264e-01,5.127448e-01
7.389477e-01,5.040864e-01
6.999108e-01,5.902328e-01
7.148764e-01,5.882992e-01
7.796071e-01,4.800492e-01
8.636033e-01,3.388030e-01
7.316345e-01,5.342354e-01
7.374464e-01,5.672092e-01
7.476101e-01,5.211614e-01
7.928226e-01,4.974761e-01
7.240577e-01,5.193253e-01
6.138658e-01,5.018589e-01
5.853722e-01,6.753230e-01
7.279175e-01,5.787126e-01
6.778888e-01,5.948820e-01
7.655570e-01,5.224135e-01
6.698813e-01,5.928385e-01
8.383045e-01,4.122119e-01
9.095836e-01,1.620915e-01
7.415326e-01,5.405473e-01
3.659094e-01,9.283513e-01
8.367289e-01,4.140015e-01
9.539938e-01,2.040914e-01
8.518599e-01,3.992607e-01
8.584183e-01,3.446424e-01
6.175342e-01,6.869837e-01
7.993717e-01,4.523286e-01
6.634987e-01,6.833957e-01
7.558101e-01,5.331914e-01
8.743336e-01,1.965692e-01
8.375938e-01,3.940541e-01
8.177611e-01,4.599613e-01
7.277576e-01,5.617617e-01
7.699677e-01,4.568567e-01
6.769312e-01,6.401441e-01
7.829661e-01,4.513063e-01
8.977653e-01,3.527331e-01
7.265202e-01,5.830966e-01
6.261227e-01,6.745356e-01
7.188653e-01,5.485444e-01
9.277005e-01,3.076316e-01
7.862171e-01,4.897638e-01
6.094852e-01,7.506447e-01
6.693060e-01,6.654323e-01
9.224546e-01,2.794255e-01
8.286182e-01,4.197619e-01
8.417587e-01,4.147521e-01
7.086347e-01,5.908493e-01
5.790121e-01,7.896118e-01
7.131510e-01,5.864674e-01
7.709772e-01,4.718538e-01
8.113721e-01,4.428961e-01
6.941983e-01,5.909065e-01
6.852279e-01,6.258335e-01
7.392095e-01,5.267709e-01
7.567407e-01,5.331032e-01
9.915581e-01,1.478182e-01
8.863135e-01,3.702999e-01
7.737900e-01,3.947705e-01
7.776829e-01,4.699465e-01
7.851973e-01,5.271421e-01
7.066956e-01,5.702880e-01
7.849928e-01,4.687703e-01
4.098768e-01,8.357520e-01
9.136969e-01,3.062824e-01
7.975847e-01,4.823248e-01
8.182955e-01,4.921100e-01
7.717476e-01,4.824995e-01
6.966887e-01,4.902589e-01
7.303640e-01,6.148363e-01
6.458697e-01,7.168678e-01
7.448235e-01,6.006843e-01
8.149139e-01,4.713613e-01
6.071150e-01,6.753080e-01
8.560352e-01,3.937977e-01
7.132660e-01,5.784862e-01
8.538016e-01,3.811341e-01
8.473101e-01,3.626847e-01
8.571558e-01,3.700375e-01
5.611344e-01,6.463050e-01
7.447827e-01,5.211309e-01
8.624817e-01,3.732746e-01
6.815870e-01,6.171202e-01
7.833828e-01,4.834710e-01
7.082877e-01,5.669030e-01
9.517367e-01,0.000000e+00
6.779395e-01,5.718260e-01
7.121112e-01,5.857889e-01
6.685352e-01,6.427366e-01
8.768293e-01,3.694795e-01
9.299651e-01,2.435766e-01
6.829864e-01,6.344819e-01
6.784393e-01,5.716693e-01
6.953115e-01,6.200796e-01
7.961706e-01,5.118690e-01
7.912506e-01,4.808106e-01
8.084729e-01,4.065663e-01
7.511264e-01,5.219217e-01
7.075314e-01,6.039960e-01
9.392388e-01,3.024314e-01
7.663209e-01,5.161786e-01
7.378802e-01,5.559279e-01
8.840396e-01,3.745771e-01
9.059690e-01,3.233516e-01
9.733032e-01,2.341700e-01
8.046322e-01,4.471778e-01
5.689600e-01,7.373561e-01
8.901463e-01,3.467750e-01
9.939835e-01,2.140026e-01
7.634242e-01,5.155826e-01
7.153573e-01,5.855990e-01
6.880279e-01,5.920498e-01
4.666040e-01,8.564861e-01
8.435538e-01,4.047951e-01
7.396349e-01,5.039464e-01
6.299690e-01,6.909722e-01
6.218821e-01,7.219973e-01
7.467408e-01,5.341708e-01
7.252086e-01,5.505112e-01
7.457210e-01,5.384499e-01
7.949572e-01,4.835824e-01
8.473553e-01,4.291336e-01
7.832184e-01,4.291703e-01
6.055805e-01,7.142249e-01
7.276817e-01,5.482675e-01
6.047837e-01,7.391374e-01
6.498027e-01,6.209881e-01
8.163402e-01,4.654634e-01
6.151200e-01,7.308396e-01
7.375234e-01,4.871077e-01
7.579766e-01,5.613365e-01
6.670927e-01,6.125674e-01
7.580722e-01,5.160667e-01
6.774977e-01,6.338107e-01
8.492775e-01,3.937870e-01
8.160549e-01,4.024653e-01
7.789011e-01,4.874243e-01
9.382062e-01,2.852337e-01
9.133611e-01,3.274712e-01
8.607865e-01,3.437247e-01
9.381504e-01,2.873535e-01
8.698301e-01,3.955713e-01
2.699767e-01,1.078450e+00
7.978166e-01,4.023717e-01
8.655897e-01,3.616328e-01
7.786447e-01,4.014338e-01
8.247450e-01,3.492044e-01
1.009009e+00,8.779732e-02
7.294789e-01,5.944640e-01
7.472633e-01,4.701027e-01
1.031339e+00,9.025604e-02
6.695359e-01,6.111829e-01
6.915906e-01,5.874812e-01
9.815275e-01,8.373616e-02
6.996776e-01,6.224039e-01
6.954691e-01,5.895382e-01
9.744587e-01,2.196546e-01
9.784716e-01,2.174514e-01
7.319690e-01,5.295029e-01
8.465538e-01,3.047224e-01
8.418312e-01,3.581326e-01
7.863968e-01,4.851240e-01
7.521640e-01,5.010739e-01
8.598139e-01,4.036028e-01
9.643946e-01,0.000000e+00
7.357626e-01,5.696574e-01
7.563607e-01,5.362928e-01
7.212537e-01,5.825993e-01
7.589289e-01,5.364716e-01
7.601109e-01,5.220567e-01
6.439584e-01,6.490355e-01
7.186296e-01,5.682873e-01
8.823501e-01,2.772550e-01
4.806630e-01,8.902799e-01
6.333660e-01,7.084293e-01
7.684888e-01,4.553503e-01
8.241198e-01,3.584334e-01
8.815975e-01,3.255554e-01
7.340993e-01,5.501750e-01
5.797571e-01,7.452368e-01
8.460572e-01,3.958876e-01
7.632333e-01,4.876736e-01
8.350977e-01,4.279283e-01
8.799327e-01,3.371322e-01
9.388886e-01,2.605844e-01
7.719804e-01,5.079248e-01
6.101739e-01,7.391003e-01
9.259807e-01,2.003636e-01
7.044644e-01,5.752018e-01
8.434138e-01,4.181377e-01
6.025200e-01,7.662250e-01
8.490314e-01,3.456742e-01
8.762513e-01,3.451835e-01
6.597118e-01,6.700118e-01
7.434269e-01,5.833443e-01
8.253363e-01,4.556538e-01
7.680378e-01,4.644350e-01
6.892428e-01,6.389065e-01
6.976825e-01,6.022726e-01
5.944147e-01,6.920834e-01
6.915032e-01,6.262602e-01
7.948401e-01,4.732618e-01
5.367933e-01,7.544386e-01
7.509116e-01,4.972827e-01
8.696407e-01,3.496013e-01
8.265133e-01,4.131904e-01
9.569388e-01,2.225491e-01
7.223194e-01,5.282519e-01
6.227420e-01,7.170362e-01
7.201438e-01,5.318884e-01
8.281027e-01,4.184895e-01
6.538976e-01,6.671805e-01
5.441153e-01,7.698127e-01
7.460598e-01,4.908885e-01
5.790678e-01,7.587171e-01
7.029190e-01,5.969560e-01
8.221789e-01,3.331747e-01
7.274884e-01,5.359637e-01
6.328933e-01,6.240386e-01
8.509430e-01,3.160194e-01
8.274899e-01,4.299580e-01
8.390929e-01,3.848724e-01
8.025110e-01,4.675785e-01
7.371386e-01,5.718731e-01
6.890312e-01,5.740854e-01
7.421881e-01,5.508372e-01
9.596651e-01,0.000000e+00
5.659118e-01,8.236860e-01
5.131607e-01,8.163607e-01
7.902531e-01,4.662520e-01
6.063071e-01,7.400032e-01
8.223993e-01,4.278096e-01
8.472163e-01,4.194303e-01
6.607905e-01,5.893266e-01
6.373306e-01,7.045992e-01
7.330723e-01,5.575180e-01
8.865815e-01,3.288778e-01
9.337008e-01,2.889060e-01
2.843234e-01,9.696975e-01
5.167214e-01,7.979203e-01
8.895316e-01,2.924165e-01
8.532076e-01,4.117204e-01
7.242459e-01,5.907037e-01
6.318668e-01,6.992938e-01
6.855197e-01,5.724285e-01
7.136487e-01,5.885773e-01
8.560466e-01,4.093487e-01
7.048882e-01,4.478175e-01
5.841916e-01,7.773775e-01
7.133905e-01,5.823000e-01
6.594488e-01,6.092328e-01
8.768274e-01,3.816264e-01
7.537684e-01,5.374448e-01
6.855802e-01,5.983173e-01
9.680601e-01,2.140988e-01
7.772292e-01,4.577448e-01
9.784879e-01,2.176614e-01
5.468889e-01,7.146909e-01
9.227326e-01,2.102302e-01
7.977971e-01,4.590709e-01
6.910567e-01,6.031827e-01
6.610373e-01,6.318407e-01
9.019668e-01,3.059832e-01
6.753674e-01,3.345808e-01
8.046390e-01,4.777059e-01
8.736794e-01,3.789983e-01
7.378878e-01,5.402471e-01
6.406147e-01,6.730862e-01
6.274839e-01,7.252610e-01
7.020715e-01,6.168157e-01
7.570697e-01,5.698161e-01
7.498603e-01,4.781159e-01
7.207324e-01,5.830866e-01
8.062369e-01,4.002283e-01
9.194164e-01,3.337481e-01
8.083587e-01,4.583651e-01
8.892327e-01,3.291483e-01
9.548813e-01,2.194625e-01
6.241695e-01,6.945931e-01
7.316576e-01,4.736559e-01
7.425075e-01,5.322800e-01
7.120878e-01,5.477677e-01
8.812814e-01,3.848297e-01
7.918848e-01,5.018531e-01
6.271358e-01,7.342928e-01
8.174385e-01,4.445578e-01
7.756325e-01,4.115649e-01
7.458440e-01,4.801213e-01
7.822386e-01,4.518606e-01
6.935439e-01,5.261228e-01
7.303832e-01,5.547151e-01
8.119668e-01,4.726038e-01
8.817444e-01,1.831052e-01
8.043791e-01,4.287330e-01
7.240801e-01,5.205601e-01
6.276311e-01,7.141908e-01
8.273014e-01,4.237513e-01
7.578364e-01,5.107950e-01
7.407939e-01,5.097069e-01
5.975054e-01,7.048370e-01
6.725519e-01,6.393012e-01
6.898567e-01,6.049835e-01
6.617893e-01,6.248189e-01
8.598003e-01,3.504183e-01
7.208188e-01,5.806229e-01
7.706602e-01,4.261098e-01
7.656573e-01,4.967420e-01
8.063807e-01,4.380218e-01
7.960019e-01,3.413549e-01
6.719458e-01,5.932495e-01
9.314050e-01,2.777140e-01
6.513819e-01,6.590302e-01
8.136293e-01,4.034569e-01
7.074910e-01,5.933531e-01
7.608881e-01,5.235842e-01
8.347605e-01,3.741293e-01
6.013451e-01,7.100719e-01
7.006263e-01,5.867332e-01
8.473573e-01,3.689088e-01
7.319751e-01,5.522969e-01
8.241743e-01,4.583101e-01
7.596298e-01,5.085803e-01
6.538804e-01,6.719322e-01
8.201049e-01,4.499683e-01
9.919660e-01,2.001406e-01
5.946496e-01,7.580818e-01
6.217770e-01,7.242293e-01
6.417891e-01,6.719393e-01
7.458568e-01,4.849029e-01
6.222075e-01,7.258116e-01
7.046717e-01,6.237467e-01
8.568211e-01,4.046755e-01
7.325070e-01,3.680533e-01
8.986421e-01,3.090378e-01
8.869156e-01,3.360106e-01
7.639524e-01,5.033408e-01
6.792184e-01,6.076665e-01
6.045554e-01,7.219971e-01
6.019843e-01,5.764824e-01
8.074476e-01,4.563952e-01
7.549764e-01,4.654701e-01
6.154613e-01,7.015119e-01
7.221581e-01,5.077437e-01
8.163475e-01,4.361631e-01
6.800866e-01,5.496353e-01
1.011190e+00,1.242075e-01
9.694535e-01,2.240387e-01
6.546104e-01,6.497725e-01
6.999857e-01,5.845126e-01
8.041932e-01,4.277609e-01
6.882900e-01,6.003681e-01
7.949833e-01,4.604756e-01
6.589370e-01,6.513637e-01
8.827974e-01,2.733025e-01
8.478872e-01,3.908708e-01
5.614576e-01,8.145373e-01
8.511869e-01,4.304036e-01
5.947414e-01,7.383644e-01
9.570880e-01,2.462479e-01
8.184626e-01,4.085275e-01
7.772185e-01,4.404056e-01
7.892687e-01,4.587417e-01
6.591705e-01,6.498839e-01
6.261711e-01,7.160056e-01
7.015670e-01,6.093707e-01
5.700093e-01,8.032255e-01
7.219467e-01,5.872849e-01
7.204109e-01,5.404127e-01
9.058313e-01,2.438164e-01
7.731073e-01,4.882838e-01
9.665184e-01,2.160540e-01
8.108366e-01,4.766319e-01
7.896901e-01,5.024271e-01
7.056982e-01,5.804370e-01
9.420984e-01,1.651501e-01
9.197631e-01,3.050839e-01
1.000881e+00,1.332261e-01
8.428496e-01,2.861698e-01
6.906460e-01,5.713940e-01
8.481505e-01,4.164785e-01
7.886908e-01,4.655816e-01
7.505517e-01,5.291797e-01
7.389609e-01,4.927988e-01
6.466916e-01,6.606438e-01
8.158141e-01,4.736564e-01
8.204418e-01,3.794938e-01
7.958216e-01,4.626878e-01
8.801191e-01,3.377821e-01
6.978378e-01,6.035635e-01
6.709027e-01,6.314051e-01
9.022950e-01,3.391412e-01
8.530317e-01,4.058480e-01
6.957020e-01,5.798198e-01
8.641303e-01,3.771170e-01
7.842229e-01,4.838821e-01
8.173665e-01,4.367410e-01
9.005805e-01,2.932365e-01
9.100885e-01,3.406010e-01
8.770709e-01,3.044798e-01
6.162419e-01,6.624634e-01
8.417139e-01,4.452809e-01
3.614595e-01,7.872716e-01
7.384319e-01,5.666801e-01
8.226579e-01,4.372653e-01
8.069191e-01,4.719874e-01
9.880866e-01,1.882839e-01
8.238004e-01,4.090705e-01
6.616872e-01,5.853204e-01
7.017143e-01,5.596301e-01
5.722225e-01,7.879930e-01
7.390985e-01,5.232537e-01
7.312815e-01,5.441859e-01
9.363247e-01,3.158381e-01
7.155172e-01,5.528051e-01
6.185497e-01,6.280007e-01
6.252159e-01,6.419716e-01
7.035773e-01,5.493716e-01
9.494281e-01,2.713446e-01
7.524343e-01,5.416984e-01
8.306147e-01,4.090481e-01
8.305663e-01,4.173077e-01
8.229217e-01,3.963881e-01
9.363920e-01,1.577214e-01
8.124915e-01,4.464053e-01
9.395184e-01,2.496353e-01
7.259918e-01,5.483606e-01
8.714833e-01,3.966189e-01
8.324978e-01,4.067829e-01
7.565075e-01,4.967957e-01
7.802812e-01,4.866373e-01
6.983701e-01,6.004192e-01
6.496591e-01,6.635210e-01
6.407251e-01,6.649288e-01
7.321237e-01,5.564411e-01
6.198916e-01,7.293099e-01
7.199010e-01,5.191899e-01
6.090777e-01,7.477616e-01
5.971508e-01,7.701158e-01
9.273921e-01,2.314337e-01
7.901404e-01,4.540209e-01
7.431939e-01,5.259101e-01
5.911914e-01,7.328692e-01
9.079181e-01,2.349317e-01
6.653450e-01,6.779199e-01
9.670646e-01,1.991745e-01
9.956963e-01,1.832443e-01
8.253176e-01,4.607976e-01
1.025586e+00,1.628484e-01
8.153082e-01,3.883117e-01
9.728646e-01,1.636109e-01
7.848272e-01,4.180085e-01
8.459496e-01,3.916953e-01
6.932194e-01,5.924513e-01
7.776663e-01,5.179064e-01
8.959331e-01,3.439279e-01
9.304191e-01,3.044084e-01
6.694988e-01,6.336862e-01
7.823135e-01,4.677872e-01
7.593286e-01,5.488113e-01
8.723467e-01,3.548479e-01
7.608873e-01,4.815766e-01
6.816883e-01,6.106435e-01
8.910046e-01,3.542438e-01
8.774774e-01,3.265214e-01
4.602327e-01,8.052643e-01
7.599194e-01,5.358031e-01
6.491135e-01,6.611822e-01
8.858754e-01,3.480995e-01
6.558008e-01,6.576580e-01
7.053167e-01,6.075683e-01
8.243528e-01,3.895702e-01
7.471457e-01,5.111754e-01
8.210679e-01,4.447132e-01
6.663455e-01,6.358061e-01
7.354599e-01,5.515612e-01
7.387878e-01,4.914514e-01
6.700216e-01,5.981670e-01
6.521853e-01,6.393213e-01
7.622264e-01,4.920374e-01
7.128239e-01,6.262253e-01
6.664671e-01,6.703345e-01
7.393996e-01,5.843883e-01
6.976275e-01,5.883931e-01
6.418308e-01,6.169652e-01
8.147457e-01,4.040886e-01
7.167484e-01,5.453756e-01
9.364954e-01,2.930057e-01
3.849955e-01,8.950459e-01
7.213823e-01,6.053461e-01
6.315399e-01,6.171953e-01
7.793444e-01,4.798191e-01
6.126318e-01,6.660571e-01
9.547340e-01,2.508222e-01
7.040583e-01,5.642403e-01
7.205117e-01,5.855522e-01
7.688714e-01,5.474270e-01
8.713275e-01,3.198278e-01
7.738159e-01,4.502340e-01
5.992409e-01,7.497088e-01
6.257000e-01,6.096785e-01
1.043107e+00,6.145548e-02
7.171470e-01,5.689378e-01
7.399652e-01,4.795662e-01
6.770045e-01,5.858588e-01
7.224595e-01,5.292966e-01
8.244790e-01,3.964472e-01
7.507167e-01,4.077852e-01
8.756322e-01,3.460363e-01
8.496227e-01,3.381087e-01
8.478724e-01,3.713692e-01
7.236072e-01,5.337629e-01
7.037925e-01,5.569408e-01
8.029024e-01,4.383752e-01
7.880999e-01,3.110811e-01
7.507188e-01,4.913957e-01
7.079105e-01,5.766273e-01
6.092419e-01,6.949626e-01
7.158566e-01,5.910603e-01
8.285785e-01,4.224946e-01
8.626959e-01,3.765479e-01
7.499114e-01,5.387113e-01
8.528434e-01,3.767235e-01
6.673271e-01,6.263229e-01
6.932244e-01,5.626857e-01
6.758921e-01,6.539905e-01
8.833986e-01,3.640654e-01
7.420514e-01,5.536078e-01
7.895596e-01,4.310309e-01
8.337446e-01,4.119827e-01
7.239529e-01,5.745472e-01
6.790462e-01,6.939308e-01
9.088555e-01,2.643916e-01
7.318951e-01,5.575797e-01
7.570966e-01,4.996343e-01
7.124134e-01,4.811334e-01
7.664868e-01,3.840081e-01
7.861885e-01,3.978564e-01
8.334854e-01,3.797888e-01
7.248505e-01,5.559746e-01
7.831629e-01,4.222572e-01
5.782021e-01,7.693153e-01
9.467037e-01,2.554191e-01
8.539078e-01,3.650545e-01
7.069283e-01,5.495140e-01
7.548674e-01,4.187183e-01
7.882287e-01,4.920809e-01
8.421419e-01,3.807161e-01
7.603621e-01,4.983361e-01
7.263462e-01,5.479064e-01
7.991443e-01,3.271005e-01
8.290538e-01,4.637851e-01
8.037506e-01,3.350658e-01
7.176615e-01,5.273303e-01
8.456334e-01,3.910823e-01
9.256763e-01,2.632519e-01
7.067461e-01,5.667660e-01
6.052090e-01,7.098535e-01
8.174207e-01,4.335031e-01
7.578195e-01,4.881272e-01
7.091331e-01,5.807273e-01
7.910514e-01,4.370574e-01
6.178922e-01,6.830904e-01
7.422479e-01,5.403815e-01
8.190289e-01,4.409279e-01
9.865514e-01,1.970612e-01
7.460598e-01,5.845023e-01
8.164714e-01,3.815112e-01
6.323951e-01,6.058262e-01
6.793144e-01,6.222307e-01
6.794607e-01,5.876140e-01
6.297252e-01,6.828757e-01
7.204784e-01,5.809923e-01
7.468856e-01,5.615978e-01
7.325980e-01,5.724642e-01
7.788380e-01,4.648911e-01
7.713844e-01,5.355147e-01
7.442957e-01,4.798987e-01
7.424870e-01,5.782296e-01
7.775880e-01,5.044540e-01
6.526135e-01,6.642779e-01
7.971824e-01,3.902307e-01
8.207037e-01,3.796270e-01
8.875788e-01,3.106030e-01
7.148419e-01,5.264435e-01
8.463028e-01,3.981421e-01
7.246086e-01,6.100721e-01
7.338403e-01,5.510078e-01
7.787493e-01,4.502489e-01
8.911819e-01,3.523345e-01
8.828962e-01,2.655826e-01
9.943258e-01,1.714744e-01
7.292516e-01,5.319828e-01
7.981724e-01,4.864634e-01
7.727676e-01,4.916144e-01
1.025454e+00,1.243459e-01
8.246321e-01,3.981556e-01
6.800141e-01,6.299711e-01
7.361214e-01,5.134158e-01
6.370443e-01,6.318974e-01
7.625073e-01,4.979314e-01
5.691041e-01,7.500192e-01
7.860971e-01,5.070109e-01
8.564839e-01,4.085643e-01
6.574907e-01,6.517272e-01
7.181802e-01,5.912193e-01
7.519419e-01,5.398268e-01
6.445027e-01,6.682874e-01
6.325908e-01,6.870595e-01
6.206798e-01,6.822344e-01
7.278273e-01,5.452488e-01
8.301381e-01,4.040743e-01
8.054517e-01,4.385025e-01
6.505314e-01,6.504914e-01
6.552792e-01,5.824579e-01
8.750400e-01,2.224350e-01
7.235153e-01,5.062224e-01
7.309939e-01,5.652560e-01
7.232146e-01,5.441574e-01
8.314665e-01,4.037823e-01
8.456304e-01,3.474782e-01
3.510620e-01,8.325167e-01
8.074156e-01,4.560944e-01
7.221617e-01,6.166282e-01
6.943152e-01,5.449290e-01
8.315377e-01,4.238318e-01
7.190616e-01,4.366416e-01
6.473774e-01,6.839017e-01
6.798036e-01,6.046333e-01
7.150713e-01,5.908373e-01
7.379015e-01,5.494023e-01
8.375655e-01,3.881381e-01
7.197290e-01,5.849577e-01
6.477515e-01,7.022662e-01
9.337402e-01,2.054161e-01
6.485765e-01,6.701127e-01
9.273846e-01,2.180264e-01
7.994769e-01,4.502296e-01
6.885677e-01,6.238529e-01
6.590700e-01,6.419353e-01
7.782914e-01,5.021961e-01
7.301184e-01,5.150884e-01
9.345634e-01,2.802056e-01
5.832854e-01,7.350977e-01
5.637515e-01,4.450025e-01
9.502656e-01,1.320967e-01
7.970880e-01,4.885413e-01
8.116399e-01,4.177222e-01
6.356353e-01,6.478451e-01
7.851706e-01,4.369925e-01
7.770157e-01,5.047098e-01
7.309628e-01,5.046003e-01
7.734087e-01,4.439837e-01
8.910041e-01,3.404188e-01
8.083968e-01,3.786118e-01
9.877100e-01,2.114889e-01
2.895834e-01,9.392203e-01
7.015229e-01,5.698448e-01
7.801954e-01,4.093986e-01
7.459537e-01,5.471139e-01
9.116025e-01,2.650828e-01
8.688504e-01,3.952399e-01
7.504143e-01,5.255849e-01
8.640494e-01,3.450901e-01
8.041507e-01,4.688006e-01
9.577032e-01,2.351661e-01
6.357908e-01,6.876640e-01
9.526812e-01,1.807015e-01
8.224382e-01,4.080837e-01
8.635080e-01,4.040260e-01
8.498178e-01,3.747088e-01
5.339689e-01,7.845856e-01
1.000277e+00,2.221086e-02
7.889076e-01,4.670185e-01
6.436744e-01,6.932611e-01
7.615105e-01,4.809564e-01
6.830641e-01,5.964010e-01
6.785708e-01,6.171572e-01
9.981332e-01,1.997233e-01
7.541081e-01,5.450265e-01
7.992400e-01,4.563199e-01
7.653550e-01,3.920177e-01
8.597635e-01,3.729318e-01
7.052252e-01,5.997999e-01
8.781775e-01,3.593035e-01
6.446223e-01,6.461602e-01
6.479939e-01,6.889977e-01
6.560225e-01,6.719608e-01
6.392702e-01,6.626099e-01
9.307298e-01,2.531837e-01
8.809852e-01,3.469050e-01
2.976068e-01,9.247188e-01
6.293261e-01,5.762589e-01
7.102698e-01,5.860628e-01
1.003244e+00,1.771728e-01
6.259684e-01,6.857664e-01
8.021485e-01,4.219751e-01
7.053994e-01,5.908358e-01
7.844715e-01,4.573449e-01
7.522687e-01,5.204687e-01
8.102634e-01,4.630482e-01
7.426118e-01,5.333517e-01
6.513218e-01,5.696520e-01
6.615985e-01,6.004304e-01
7.150827e-01,5.912790e-01
7.072449e-01,5.815325e-01
6.091357e-01,7.276092e-01
7.463966e-01,5.228673e-01
7.994118e-01,4.637375e-01
6.568031e-01,6.806308e-01
9.648183e-01,2.598628e-01
7.194529e-01,4.480843e-01
8.522268e-01,3.405662e-01
7.543042e-01,5.086935e-01
8.292399e-01,4.215171e-01
7.995959e-01,2.667125e-01
7.696864e-01,4.913004e-01
9.061728e-01,2.988093e-01
7.001467e-01,5.902803e-01
8.190737e-01,4.241794e-01
6.903316e-01,5.342935e-01
9.036209e-01,3.144676e-01
7.643721e-01,4.864580e-01
6.937230e-01,5.900272e-01
7.917332e-01,4.759148e-01
8.951312e-01,2.069538e-01
7.255602e-01,5.171300e-01
9.734991e-01,2.007295e-01
7.586612e-01,5.636360e-01
6.697474e-01,6.035986e-01
6.467869e-01,6.141932e-01
7.387744e-01,5.245223e-01
6.876485e-01,5.582682e-01
1.048993e+00,0.000000e+00
6.026286e-01,7.497049e-01
5.546102e-01,7.057249e-01
9.003889e-01,3.255688e-01
7.425764e-01,5.078593e-01
6.073350e-01,6.600745e-01
7.122717e-01,5.598064e-01
5.411502e-01,8.171746e-01
6.140593e-01,7.208830e-01
7.599811e-01,5.609406e-01
6.942486e-01,6.105188e-01
7.554100e-01,4.408144e-01
7.978186e-01,4.276441e-01
8.866884e-01,2.869943e-01
7.865452e-01,4.344970e-01
9.123220e-01,2.836557e-01
6.842937e-01,6.178457e-01
7.789896e-01,4.693702e-01
8.297180e-01,4.241189e-01
7.954659e-01,4.425795e-01
6.840104e-01,6.211761e-01
6.822887e-01,6.289890e-01
8.517454e-01,3.981944e-01
6.148581e-01,6.749551e-01
6.470864e-01,6.601571e-01
7.009366e-01,5.644872e-01
4.847099e-01,6.987629e-01
8.724959e-01,3.345690e-01
8.439614e-01,2.822856e-01
8.428798e-01,3.713423e-01
7.561411e-01,4.497594e-01
9.041128e-01,2.502526e-01
6.810878e-01,6.596824e-01
6.971943e-01,6.383268e-01
7.375771e-01,5.611228e-01
8.263608e-01,4.490455e-01
8.347643e-01,4.386284e-01
7.530878e-01,5.624419e-01
6.961025e-01,6.082892e-01
7.763784e-01,4.610854e-01
6.977244e-01,6.048029e-01
9.346176e-01,2.940672e-01
6.557160e-01,6.315161e-01
9.196561e-01,2.869964e-01
8.128377e-01,4.263510e-01
6.442212e-01,6.644179e-01
7.032660e-01,6.361944e-01
6.084357e-01,6.734396e-01
6.048843e-01,6.856300e-01
6.595982e-01,6.764114e-01
9.845301e-01,1.488064e-01
8.005056e-01,4.984864e-01
8.462891e-01,3.146312e-01
1.005776e+00,7.465332e-02
7.765043e-01,4.369819e-01
6.310266e-01,6.497417e-01
9.298372e-01,9.677987e-02
7.668930e-01,4.904834e-01
7.881864e-01,4.617628e-01
5.711896e-01,7.233034e-01
6.913152e-01,5.989986e-01
8.414462e-01,3.935138e-01
6.636626e-01,6.527920e-01
6.143859e-01,6.782716e-01
7.509831e-01,5.175740e-01
7.907014e-01,3.652204e-01
8.199829e-01,4.492561e-01
7.673937e-01,4.772553e-01
8.196596e-01,3.735016e-01
6.938597e-01,5.629056e-01
8.548995e-01,3.523195e-01
7.384010e-01,5.210844e-01
5.710202e-01,7.607567e-01
9.128875e-01,3.371304e-01
7.862225e-01,4.917748e-01
8.072010e-01,4.083227e-01
7.388105e-01,5.578135e-01
7.742305e-01,4.443917e-01
7.432873e-01,5.387281e-01
6.818414e-01,5.987651e-01
9.126913e-01,2.945363e-01
6.565114e-01,6.885256e-01
6.743507e-01,5.863803e-01
6.059197e-01,6.723951e-01
7.427294e-01,4.765868e-01
8.703242e-01,4.097050e-01
7.481629e-01,4.980172e-01
4.965496e-01,8.561687e-01
8.159450e-01,3.181702e-01
7.394426e-01,4.124722e-01
7.754427e-01,5.052951e-01
8.368901e-01,2.869804e-01
7.182364e-01,5.883545e-01
7.780489e-01,4.463168e-01
8.247352e-01,4.508925e-01
7.903054e-01,4.438913e-01
7.213188e-01,5.187464e-01
6.683349e-01,6.210799e-01
5.488426e-01,6.930436e-01
7.525010e-01,5.309257e-01
7.090193e-01,5.957198e-01
6.572837e-01,6.679615e-01
7.945193e-01,4.648054e-01
6.715607e-01,6.002977e-01
7.056718e-01,5.931575e-01
6.811526e-01,6.560594e-01
6.757800e-01,5.931609e-01
7.834768e-01,4.841145e-01
6.690815e-01,5.391801e-01
6.724599e-01,5.888456e-01
9.049065e-01,2.816224e-01
8.414392e-01,3.953970e-01
7.577274e-01,4.837263e-01
8.456735e-01,2.828767e-01
7.447569e-01,5.317316e-01
6.742309e-01,5.965699e-01
6.998454e-01,5.290160e-01
8.917050e-01,3.097621e-01
7.306577e-01,5.737578e-01
8.389632e-01,4.236642e-01
7.909585e-01,3.978504e-01
1.037178e+00,2.862211e-02
6.905058e-01,6.398962e-01
7.192572e-01,5.728326e-01
7.951990e-01,4.665610e-01
8.576683e-01,3.720452e-01
7.272415e-01,5.253632e-01
5.384569e-01,7.775799e-01
6.973023e-01,5.037516e-01
6.287884e-01,6.366725e-01
1.020870e+00,1.750907e-01
9.512877e-01,2.167244e-01
2.704388e-01,1.015161e+00
9.160915e-01,2.097565e-01
7.094169e-01,5.517119e-01
2.802627e-01,1.081589e+00
9.324580e-01,3.066752e-01
6.571592e-01,6.081941e-01
8.387802e-01,3.988424e-01
8.272729e-01,4.150696e-01
1.030889e+00,0.000000e+00
8.344881e-01,2.970328e-01
8.395791e-01,4.117730e-01
4.577403e-01,8.688417e-01
7.586549e-01,4.726517e-01
6.591163e-01,6.504042e-01
8.744829e-01,3.657409e-01
8.766896e-01,2.259912e-01
5.356937e-01,7.527342e-01
7.116231e-01,6.112342e-01
5.275967e-01,7.997808e-01
8.032965e-01,4.118364e-01
8.111121e-01,4.751016e-01
7.670873e-01,5.049493e-01
7.361790e-01,5.176383e-01
6.406379e-01,6.522057e-01
9.163038e-01,2.886206e-01
7.027845e-01,5.877994e-01
8.917027e-01,2.572568e-01
8.535457e-01,3.805348e-01
7.634497e-01,5.100041e-01
7.285029e-01,5.860943e-01
5.556320e-01,6.922358e-01
9.312245e-01,2.787749e-01
7.845587e-01,4.990912e-01
8.036561e-01,4.161965e-01
7.940618e-01,3.279951e-01
8.578698e-01,3.745010e-01
6.905600e-01,6.068771e-01
9.196095e-01,2.443893e-01
6.491801e-01,5.866533e-01
7.371271e-01,5.697487e-01
8.000999e-01,4.855415e-01
8.343253e-01,3.167591e-01
7.393016e-01,4.251815e-01
7.557359e-01,5.414228e-01
2.940112e-01,9.352519e-01
6.805244e-01,6.351649e-01
9.572026e-01,1.662849e-01
7.770247e-01,4.978498e-01
7.929997e-01,4.873832e-01
3.035493e-01,9.535988e-01
6.700715e-01,6.340379e-01
7.000511e-01,5.973942e-01
7.756055e-01,4.579707e-01
7.700317e-01,4.996530e-01
6.937707e-01,5.842326e-01
8.425419e-01,3.732633e-01
6.873522e-01,6.135568e-01
7.061753e-01,5.518339e-01
7.166967e-01,6.247623e-01
6.921700e-01,5.250716e-01
6.806814e-01,6.392096e-01
6.900597e-01,5.419883e-01
7.907093e-01,4.587269e-01
6.916658e-01,6.004511e-01
7.769652e-01,3.711773e-01
5.663494e-01,7.834433e-01
6.286442e-01,6.913495e-01
8.026894e-01,3.913232e-01
7.488111e-01,4.882023e-01
7.493292e-01,5.187242e-01
7.950733e-01,4.508917e-01
6.653522e-01,6.197682e-01
7.078684e-01,5.627139e-01
6.358076e-01,7.124056e-01
7.833415e-01,4.403198e-01
8.687044e-01,3.135383e-01
6.511802e-01,6.485580e-01
8.275367e-01,4.649169e-01
8.203260e-01,4.220601e-01
8.520053e-01,3.887470e-01
7.091419e-01,5.709406e-01
7.334325e-01,5.530370e-01
6.994831e-01,6.091976e-01
8.761142e-01,3.909547e-01
6.165026e-01,6.533745e-01
6.041706e-01,7.128858e-01
8.513015e-01,3.151459e-01
7.488122e-01,5.145409e-01
6.430269e-01,6.797444e-01
7.380292e-01,4.950597e-01
6.208355e-01,7.079040e-01
8.202461e-01,2.954720e-01
8.928480e-01,3.877703e-01
7.507773e-01,4.869273e-01
9.118628e-01,3.285102e-01
8.873677e-01,2.569023e-01
9.779284e-01,1.617632e-01
8.073505e-01,4.374509e-01
8.255370e-01,4.362395e-01
6.348894e-01,6.402927e-01
6.543938e-01,6.550330e-01
6.802769e-01,5.405231e-01
7.086925e-01,6.160371e-01
8.252166e-01,4.325077e-01
7.563001e-01,4.989174e-01
6.896630e-01,5.998938e-01
8.834712e-01,3.908920e-01
6.591668e-01,6.154785e-01
7.341748e-01,5.532705e-01
7.986834e-01,4.599393e-01
7.778527e-01,4.192621e-01
7.023034e-01,5.865104e-01
8.746223e-01,3.623102e-01
7.362001e-01,5.160535e-01
8.043664e-01,4.712910e-01
7.301550e-01,5.299002e-01
6.817228e-01,6.327169e-01
6.860304e-01,6.002864e-01
7.138304e-01,5.181605e-01
9.172319e-01,3.279997e-01
7.100372e-01,5.697121e-01
8.390002e-01,4.297086e-01
8.966517e-01,3.088997e-01
5.042304e-01,8.586619e-01
7.362044e-01,5.242383e-01
5.746095e-01,7.188262e-01
8.565754e-01,3.518238e-01
7.036255e-01,5.447712e-01
9.873110e-01,1.746274e-01
7.688592e-01,5.156619e-01
7.225579e-01,5.552881e-01
5.823371e-01,7.915537e-01
9.745944e-01,2.090308e-01
7.730435e-01,4.886115e-01
7.557510e-01,4.986827e-01
7.762842e-01,5.194535e-01
8.615133e-01,3.471010e-01
7.598014e-01,5.149119e-01
7.816257e-01,5.415788e-01
8.322468e-01,4.135193e-01
6.840980e-01,5.584933e-01
5.512337e-01,8.119897e-01
6.679231e-01,6.778725e-01
6.550441e-01,6.730876e-01
9.207233e-01,3.340164e-01
3.575700e-01,9.353897e-01
7.878644e-01,4.960128e-01
8.694509e-01,3.856500e-01
9.577207e-01,1.857596e-01
7.123610e-01,5.199828e-01
8.166278e-01,4.026795e-01
9.058268e-01,3.279989e-01
7.343039e-01,5.626056e-01
7.502490e-01,5.512449e-01
6.996102e-01,5.731262e-01
6.107661e-01,7.442262e-01
6.817088e-01,6.282739e-01
7.798929e-01,5.294190e-01
7.297177e-01,4.736209e-01
7.877834e-01,4.691165e-01
8.520911e-01,3.366892e-01
6.740586e-01,5.942320e-01
7.041593e-01,4.882411e-01
7.978216e-01,3.452572e-01
9.358248e-01,2.791175e-01
6.814562e-01,6.097558e-01
1.005687e+00,7.375316e-02
7.220250e-01,6.083853e-01
6.588098e-01,6.680830e-01
8.102289e-01,3.869079e-01
7.832222e-01,4.736875e-01
6.036837e-01,6.881844e-01
7.550127e-01,4.944046e-01
7.991904e-01,4.834069e-01
9.195930e-01,2.907891e-01
7.069610e-01,4.202072e-01
7.607559e-01,5.179797e-01
7.258007e-01,5.875681e-01
9.162155e-01,2.585366e-01
5.946853e-01,7.473597e-01
7.048100e-01,5.967388e-01
9.724762e-01,2.659415e-01
7.862235e-01,4.672094e-01
7.368323e-01,5.248727e-01
8.811117e-01,3.616450e-01
6.918285e-01,6.273070e-01
8.562404e-01,3.991545e-01
7.131031e-01,4.984980e-01
6.674971e-01,5.580837e-01
8.118400e-01,4.447856e-01
7.619195e-01,4.741441e-01
6.691851e-01,6.041686e-01
7.267484e-01,5.726750e-01
6.219584e-01,7.244498e-01
8.329139e-01,3.635463e-01
9.888600e-01,1.781770e-01
7.685237e-01,5.259412e-01
8.631686e-01,3.441336e-01
8.353246e-01,3.799316e-01
6.583085e-01,5.880465e-01
7.551970e-01,4.924141e-01
6.176111e-01,7.382636e-01
5.235061e-01,7.341099e-01
6.160857e-01,7.093186e-01
7.012048e-01,4.294646e-01
7.520963e-01,5.325706e-01
7.598133e-01,5.401763e-01
7.053456e-01,5.101793e-01
8.699398e-01,3.614912e-01
7.058958e-01,6.089538e-01
9.160902e-01,2.973112e-01
9.170677e-01,3.112685e-01
6.289214e-01,6.739895e-01
8.219570e-01,4.205173e-01
7.479380e-01,4.859060e-01
9.257052e-01,3.012049e-01
6.396147e-01,6.932140e-01
7.752296e-01,4.619550e-01
5.673035e-01,7.644285e-01
7.615982e-01,5.406516e-01
8.301688e-01,4.258296e-01
7.274108e-01,5.776219e-01
8.877731e-01,3.517963e-01
9.305314e-01,2.426251e-01
9.623409e-01,2.677041e-01
7.142314e-01,5.605973e-01
7.572118e-01,5.246558e-01
7.097952e-01,5.212498e-01
8.480249e-01,3.923747e-01
6.369337e-01,6.651183e-01
5.911171e-01,7.001390e-01
6.978051e-01,5.679841e-01
8.016880e-01,3.593722e-01
6.325729e-01,7.288195e-01
6.835772e-01,5.674342e-01
9.912041e-01,0.000000e+00
8.297422e-01,3.915559e-01
6.693770e-01,6.572822e-01
9.782994e-01,1.951952e-01
7.933255e-01,4.560570e-01
6.798923e-01,5.954104e-01
9.219223e-01,1.320785e-01
7.822334e-01,5.060990e-01
7.369240e-01,5.300999e-01
8.449384e-01,3.229100e-01
8.014513e-01,4.351315e-01
9.830717e-01,2.278225e-01
7.595079e-01,5.343565e-01
6.138400e-01,6.525206e-01
5.525263e-01,6.081266e-01
7.389493e-01,5.111791e-01
6.728372e-01,6.784465e-01
1.005903e+00,1.325861e-01
8.560417e-01,2.792968e-01
7.898237e-01,4.527749e-01
6.194039e-01,6.441723e-01
8.476357e-01,4.180013e-01
6.803563e-01,5.606962e-01
4.747449e-01,8.838095e-01
4.663447e-01,8.609845e-01
7.872342e-01,4.426721e-01
7.495830e-01,5.557952e-01
8.140166e-01,4.931831e-01
6.724214e-01,6.458249e-01
9.622420e-01,2.036386e-01
7.889037e-01,4.544520e-01
8.211177e-01,4.509752e-01
6.945992e-01,5.513310e-01
7.348723e-01,4.211446e-01
7.202750e-01,5.263464e-01
7.697275e-01,4.204683e-01
8.074682e-01,4.303042e-01
5.278183e-01,7.942506e-01
9.565211e-01,1.697479e-01
6.522337e-01,6.943305e-01
6.170966e-01,6.891594e-01
8.547762e-01,3.845551e-01
9.064344e-01,3.172472e-01
8.674532e-01,3.741302e-01
7.065743e-01,6.287761e-01
8.518680e-01,3.230645e-01
9.562523e-01,2.055565e-01
5.844550e-01,7.162315e-01
9.902669e-01,1.610520e-01
7.731630e-01,4.666468e-01
8.359044e-01,4.244765e-01
7.933116e-01,4.886787e-01
8.444225e-01,3.738756e-01
8.598101e-01,4.214800e-01
6.635129e-01,6.114951e-01
7.844949e-01,5.011943e-01
6.124546e-01,5.250904e-01
8.179129e-01,4.323526e-01
5.980810e-01,7.092174e-01
7.702291e-01,4.669322e-01
3.625177e-01,9.171199e-01
6.918773e-01,6.015823e-01
8.342668e-01,4.137255e-01
6.875122e-01,5.865981e-01
7.931841e-01,3.440379e-01
7.223729e-01,6.010958e-01
5.618520e-01,7.760707e-01
8.478067e-01,4.333215e-01
6.584666e-01,6.938258e-01
7.037509e-01,5.991719e-01
7.303419e-01,5.276167e-01
7.675914e-01,4.913815e-01
7.265490e-01,5.633659e-01
7.284815e-01,5.403556e-01
1.049961e+00,6.514815e-02
1.007692e+00,1.299024e-01
8.611023e-01,3.592708e-01
8.352517e-01,2.802754e-01
8.877373e-01,2.917450e-01
8.169100e-01,4.210498e-01
7.084352e-01,5.258130e-01
8.889231e-01,3.517208e-01
6.906024e-01,6.497504e-01
8.681058e-01,3.235408e-01
9.280758e-01,3.157582e-01
7.640908e-01,5.127916e-01
7.514881e-01,5.403827e-01
7.020023e-01,6.061892e-01
7.316003e-01,5.040660e-01
7.576557e-01,4.514146e-01
8.118627e-01,3.834372e-01
1.002588e+00,1.558660e-01
8.366951e-01,4.578669e-01
7.483920e-01,5.043472e-01
8.708236e-01,3.340491e-01
9.252837e-01,2.886342e-01
8.876442e-01,1.884727e-01
3.199429e-01,9.865742e-01
7.587991e-01,4.843660e-01
7.955776e-01,3.674564e-01
9.628610e-01,2.594827e-01
7.976035e-01,4.589064e-01
7.418453e-01,5.410029e-01
8.367167e-01,4.063743e-01
7.429563e-01,5.530615e-01
8.213031e-01,4.713056e-01
7.108607e-01,5.457450e-01
9.570851e-01,2.545693e-01
5.673581e-01,7.688176e-01
5.886077e-01,7.649818e-01
7.189068e-01,4.917315e-01
7.094569e-01,5.717510e-01
8.766559e-01,3.352898e-01
7.142688e-01,6.037888e-01
6.841089e-01,5.905619e-01
8.316229e-01,4.380304e-01
9.126933e-01,3.275912e-01
7.091508e-01,5.755918e-01
8.716345e-01,1.727664e-01
9.883672e-01,1.539120e-01
5.180846e-01,8.291184e-01
9.933768e-01,2.149310e-01
7.502857e-01,4.973262e-01
8.269175e-01,3.978403e-01
6.568870e-01,6.318326e-01
6.707453e-01,6.809966e-01
7.785793e-01,5.112756e-01
7.690879e-01,5.008623e-01
9.145785e-01,3.064742e-01
5.341159e-01,8.409302e-01
5.943189e-01,7.365357e-01
7.909143e-01,5.169678e-01
7.760717e-01,4.428385e-01
7.631401e-01,5.090285e-01
8.984477e-01,1.735566e-01
8.072719e-01,4.843987e-01
7.695993e-01,4.313910e-01
8.617446e-01,3.792719e-01
9.131968e-01,3.420939e-01
7.503114e-01,4.923616e-01
8.958737e-01,3.473053e-01
6.871703e-01,6.277348e-01
6.431160e-01,6.799860e-01
8.447832e-01,3.803798e-01
9.825297e-01,2.079137e-01
6.488077e-01,6.113689e-01
8.929523e-01,3.350389e-01
9.584348e-01,2.169725e-01
7.905082e-01,4.529057e-01
8.067065e-01,3.413259e-01
7.299494e-01,5.783472e-01
7.593665e-01,5.191368e-01
7.885602e-01,4.307089e-01
7.664815e-01,5.359876e-01
6.232820e-01,7.139031e-01
7.825226e-01,4.436911e-01
6.712472e-01,6.337400e-01
7.123292e-01,5.854918e-01
8.036695e-01,4.113696e-01
6.909955e-01,6.099662e-01
8.963812e-01,3.344161e-01
8.220521e-01,3.053499e-01
5.442062e-01,8.444291e-01
7.870942e-01,4.827229e-01
7.047103e-01,6.049700e-01
9.647959e-01,2.279754e-01
8.327170e-01,4.053951e-01
6.730379e-01,5.716257e-01
8.006517e-01,4.859494e-01
7.671763e-01,4.949688e-01
8.118106e-01,4.130279e-01
6.971965e-01,6.322554e-01
6.354743e-01,6.426363e-01
8.268180e-01,4.458862e-01
9.296127e-01,2.866425e-01
7.473476e-01,4.768954e-01
8.910950e-01,3.579945e-01
8.270032e-01,3.614110e-01
8.782529e-01,3.629596e-01
8.097449e-01,3.749562e-01
7.720076e-01,4.825799e-01
9.021033e-01,1.768082e-01
7.718789e-01,4.059724e-01
6.842268e-01,6.068293e-01
6.824755e-01,5.820962e-01
7.351020e-01,5.181713e-01
7.612991e-01,4.871419e-01
8.143984e-01,3.621494e-01
7.474269e-01,4.733259e-01
7.675138e-01,4.972106e-01
8.533420e-01,1.478186e-01
8.353753e-01,4.358959e-01
8.352097e-01,3.519268e-01
7.567146e-01,4.955742e-01
5.920461e-01,6.823926e-01
9.193396e-01,2.862488e-01
6.409891e-01,5.995087e-01
6.899373e-01,6.169601e-01
7.437987e-01,5.047739e-01
6.473286e-01,6.876309e-01
6.432352e-01,6.615476e-01
6.828103e-01,5.885725e-01
8.021539e-01,4.739337e-01
7.258477e-01,5.850752e-01
7.004283e-01,5.735311e-01
8.441978e-01,4.034090e-01
7.480440e-01,4.912912e-01
7.918357e-01,4.695217e-01
9.672984e-01,2.236447e-01
5.476954e-01,7.278978e-01
7.496360e-01,5.421758e-01
7.917712e-01,4.891945e-01
6.925208e-01,6.106747e-01
9.234529e-01,2.783176e-01
6.709074e-01,6.208903e-01
8.001179e-01,4.895530e-01
7.832835e-01,4.665057e-01
6.807157e-01,6.199320e-01
8.348118e-01,2.943258e-01
8.971191e-01,2.737823e-01
7.361139e-01,4.574292e-01
8.351212e-01,4.568248e-01
9.128066e-01,2.035021e-01
5.119918e-01,8.203710e-01
7.130426e-01,5.489888e-01
7.635879e-01,5.031820e-01
5.995255e-01,7.521863e-01
9.229639e-01,2.528739e-01
6.667412e-01,6.550082e-01
8.506413e-01,1.973608e-01
7.707643e-01,4.679675e-01
8.196459e-01,4.185894e-01
5.958116e-01,7.805829e-01
4.216061e-01,8.098749e-01
8.683291e-01,3.820872e-01
5.700708e-01,7.964755e-01
7.548068e-01,5.177512e-01
7.445097e-01,5.584333e-01
7.410739e-01,5.738005e-01
8.599332e-01,3.489306e-01
7.983707e-01,4.503991e-01
7.772646e-01,4.944417e-01
8.666713e-01,3.388553e-01
6.603596e-01,5.984759e-01
7.291844e-01,5.451006e-01
9.897955e-01,2.024158e-01
6.320280e-01,7.373893e-01
8.931900e-01,2.413141e-01
7.646464e-01,4.639789e-01
7.797327e-01,4.450254e-01
7.552026e-01,5.227060e-01
7.262767e-01,5.122526e-01
7.580229e-01,5.416543e-01
7.268475e-01,5.219851e-01
8.623518e-01,3.762444e-01
7.766351e-01,3.954362e-01
7.092656e-01,6.034129e-01
7.856843e-01,4.835354e-01
6.539680e-01,6.592473e-01
8.329496e-01,4.259113e-01
8.318150e-01,4.590420e-01
7.957438e-01,4.137573e-01
6.767034e-01,6.277718e-01
6.871074e-01,6.583390e-01
6.418229e-01,6.491613e-01
6.104656e-01,6.600716e-01
7.383299e-01,5.703255e-01
7.098428e-01,5.571355e-01
7.460947e-01,4.754996e-01
8.568551e-01,2.128232e-01
7.415328e-01,5.495171e-01
7.494911e-01,5.426078e-01
8.910664e-01,2.351971e-01
8.869006e-01,2.234361e-01
8.773747e-01,3.869344e-01
8.532573e-01,3.763017e-01
6.947634e-01,6.539387e-01
6.735417e-01,6.599047e-01
7.469119e-01,5.498213e-01
7.030915e-01,5.928829e-01
6.413238e-01,7.131027e-01
7.652501e-01,4.185385e-01
9.091126e-01,3.349304e-01
9.388330e-01,2.124259e-01
6.198020e-01,6.394421e-01
6.054130e-01,7.428580e-01
9.104107e-01,3.220796e-01
8.224622e-01,4.191997e-01
8.903082e-01,3.121013e-01
9.743843e-01,1.949079e-01
7.009303e-01,6.048481e-01
8.148406e-01,3.748937e-01
7.636827e-01,5.549561e-01
7.417590e-01,4.782390e-01
7.503349e-01,4.892525e-01
8.723700e-01,3.653349e-01
7.880608e-01,4.256821e-01
9.177260e-01,2.035016e-01
6.867244e-01,5.430982e-01
7.738818e-01,4.944623e-01
6.215982e-01,7.054044e-01
7.175701e-01,5.347172e-01
8.564535e-01,2.844104e-01
7.503101e-01,5.111203e-01
7.471403e-01,5.248856e-01
5.821863e-01,7.991547e-01
7.465488e-01,5.127058e-01
8.041239e-01,4.281569e-01
9.132880e-01,3.112931e-01
8.151272e-01,4.173860e-01
6.818910e-01,5.671918e-01
7.036379e-01,5.866984e-01
9.025142e-01,2.531489e-01
7.675915e-01,5.066423e-01
8.684655e-01,3.940022e-01
7.832292e-01,3.096945e-01
1.046645e+00,2.724181e-02
7.551054e-01,4.816933e-01
5.956073e-01,7.159688e-01
7.747778e-01,4.859399e-01
7.394534e-01,5.120146e-01
8.722072e-01,3.693823e-01
6.966332e-01,5.734954e-01
5.129173e-01,7.552114e-01
8.734694e-01,3.980385e-01
6.872157e-01,6.171090e-01
6.597861e-01,6.599582e-01
7.987971e-01,4.355477e-01
7.318560e-01,5.576278e-01
8.916154e-01,2.973403e-01
7.474774e-01,4.872487e-01
6.301990e-01,6.626205e-01
9.340075e-01,1.658039e-01
7.466457e-01,5.504771e-01
8.826294e-01,3.787198e-01
9.320547e-01,3.013694e-01
8.268561e-01,2.366796e-01
1.034039e+00,5.630671e-02
7.338453e-01,4.594481e-01
6.362965e-01,7.005392e-01
1.009394e+00,1.686771e-01
7.088620e-01,5.170115e-01
6.280154e-01,7.362978e-01
8.204775e-01,4.620658e-01
7.427568e-01,5.416527e-01
7.021161e-01,4.934080e-01
8.298250e-01,4.424293e-01
7.788653e-01,4.636966e-01
8.462513e-01,3.165987e-01
8.642133e-01,3.956641e-01
6.548336e-01,6.325703e-01
6.666738e-01,6.239594e-01
6.611010e-01,6.849276e-01
7.949084e-01,4.970780e-01
7.097653e-01,5.896856e-01
8.560265e-01,3.732500e-01
7.790808e-01,5.029315e-01
8.173848e-01,4.420013e-01
7.305635e-01,4.805032e-01
6.302066e-01,6.816904e-01
7.863664e-01,5.083082e-01
9.293747e-01,3.077273e-01
9.724336e-01,1.459095e-01
6.914582e-01,6.228774e-01
6.786855e-01,6.676071e-01
6.777961e-01,5.868898e-01
8.632497e-01,3.081650e-01
7.719639e-01,5.001245e-01
6.373569e-01,6.655179e-01
7.567957e-01,4.841810e-01
6.765728e-01,6.065713e-01
8.991376e-01,1.572875e-01
6.782903e-01,6.360671e-01
7.800239e-01,4.276123e-01
6.817239e-01,6.537693e-01
7.475029e-01,5.153420e-01
9.631908e-01,2.095014e-01
7.738133e-01,4.970686e-01
8.427811e-01,3.243867e-01
6.366413e-01,6.601735e-01
7.660228e-01,4.594054e-01
7.238052e-01,6.025256e-01
7.219677e-01,5.389327e-01
7.406694e-01,5.187270e-01
6.902970e-01,5.858180e-01
6.647751e-01,6.298546e-01
8.115697e-01,4.155131e-01
4.812509e-01,9.383075e-01
8.114524e-01,3.837403e-01
9.458639e-01,3.608052e-02
7.189643e-01,5.478362e-01
5.989984e-01,6.905736e-01
7.415550e-01,5.247742e-01
6.673921e-01,6.087670e-01
8.175682e-01,4.809510e-01
7.598263e-01,4.938361e-01
8.652707e-01,3.168236e-01
6.843839e-01,6.088216e-01
8.008918e-01,3.227660e-01
3.457322e-01,8.503426e-01
7.118258e-01,5.796910e-01
2.923971e-01,9.282041e-01
6.138970e-01,7.313942e-01
8.483670e-01,4.035265e-01
6.268663e-01,6.533911e-01
7.941960e-01,4.874641e-01
7.341678e-01,5.468069e-01
7.534252e-01,5.147910e-01
6.892314e-01,6.368977e-01
9.130293e-01,3.045804e-01
5.035299e-01,8.274443e-01
9.262700e-01,1.953373e-01
6.672019e-01,6.735620e-01
8.028436e-01,4.528565e-01
9.142353e-01,2.710533e-01
7.886847e-01,4.099933e-01
6.541358e-01,6.433524e-01
7.161790e-01,4.971302e-01
9.033140e-01,2.808258e-01
8.749916e-01,3.369534e-01
6.829862e-01,6.129289e-01
9.273393e-01,1.319940e-01
9.178271e-01,2.911394e-01
7.441657e-01,5.357925e-01
6.398730e-01,6.161664e-01
7.662932e-01,4.627472e-01
7.022813e-01,6.042270e-01
8.347768e-01,4.128941e-01
7.168658e-01,6.217099e-01
7.695328e-01,4.973006e-01
7.766601e-01,5.080495e-01
8.186034e-01,4.662087e-01
9.178968e-01,2.100148e-01
5.790975e-01,7.037761e-01
7.809173e-01,4.840323e-01
7.370823e-01,4.932035e-01
8.295152e-01,4.443842e-01
7.815068e-01,4.768902e-01
6.467920e-01,6.505921e-01
7.776775e-01,3.872954e-01
5.825403e-01,6.135791e-01
6.389850e-01,6.847405e-01
7.611952e-01,5.233479e-01
7.790454e-01,4.775236e-01
5.915605e-01,6.983929e-01
7.398218e-01,5.594934e-01
8.129937e-01,2.055477e-01
8.112431e-01,3.695439e-01
7.633197e-01,4.864418e-01
8.122259e-01,4.090551e-01
7.721879e-01,3.738646e-01
7.274114e-01,4.805831e-01
7.497216e-01,4.956560e-01
8.279030e-01,4.407363e-01
7.747209e-01,5.062657e-01
6.678298e-01,6.221600e-01
6.580375e-01,6.741374e-01
6.579738e-01,6.173365e-01
6.419080e-01,4.225263e-01
1.026010e+00,1.419321e-01
5.296026e-01,8.583692e-01
8.798694e-01,3.814290e-01
8.074918e-01,3.665933e-01
7.213613e-01,5.747525e-01
6.032991e-01,7.285147e-01
7.625212e-01,5.273671e-01
7.274642e-01,4.869357e-01
8.868412e-01,3.181607e-01
6.177000e-01,6.443429e-01
6.437033e-01,6.451954e-01
7.713332e-01,4.611831e-01
6.473033e-01,6.790960e-01
8.143225e-01,4.333110e-01
6.645367e-01,5.554193e-01
8.773704e-01,2.310421e-01
7.486848e-01,5.283576e-01
8.014916e-01,4.361671e-01
7.057912e-01,5.603701e-01
8.160838e-01,4.159852e-01
8.303000e-01,3.937484e-01
7.936533e-01,4.833877e-01
7.112015e-01,5.080850e-01
6.437427e-01,6.144860e-01
6.479835e-01,6.797943e-01
8.625311e-01,1.343331e-01
8.933122e-01,2.273344e-01
7.474693e-01,5.426692e-01
6.039003e-01,7.735626e-01
6.382218e-01,6.764560e-01
8.522784e-01,3.668847e-01
9.079952e-01,3.124350e-01
8.278404e-01,4.106557e-01
9.149901e-01,3.159757e-01
6.759814e-01,6.542708e-01
8.852424e-01,3.019062e-01
6.302659e-01,6.748449e-01
7.141606e-01,5.699908e-01
9.215895e-01,2.237526e-01
7.117830e-01,5.755349e-01
7.097933e-01,5.700721e-01
7.719462e-01,5.018575e-01
8.012109e-01,4.432672e-01
7.822584e-01,4.851654e-01
7.784784e-01,4.730295e-01
6.816851e-01,5.342006e-01
8.428057e-01,3.676072e-01
6.296054e-01,7.067387e-01
6.041178e-01,7.138267e-01
9.467021e-01,2.630762e-01
6.171129e-01,6.996544e-01
9.044030e-01,3.384482e-01
3.207614e-01,1.036029e+00
7.569244e-01,5.180132e-01
7.291589e-01,5.764748e-01
7.456128e-01,5.127626e-01
7.211797e-01,5.962494e-01
8.332476e-01,4.179023e-01
7.168832e-01,4.423432e-01
8.501991e-01,3.960831e-01
6.632413e-01,5.876576e-01
7.084679e-01,5.208692e-01
7.172924e-01,6.097801e-01
6.175253e-01,6.841629e-01
5.960549e-01,6.960148e-01
8.764486e-01,2.879410e-01
7.512747e-01,4.791579e-01
6.610746e-01,6.847678e-01
5.688980e-01,8.080701e-01
7.643945e-01,4.497051e-01
8.364204e-01,3.169106e-01
7.817829e-01,5.008728e-01
7.411080e-01,4.726934e-01
7.835048e-01,4.847912e-01
8.259727e-01,3.785065e-01
6.847299e-01,5.963313e-01
6.436276e-01,7.293007e-01
7.962459e-01,4.981274e-01
8.542490e-01,3.451297e-01
7.403935e-01,4.994647e-01
8.735542e-01,3.787240e-01
6.363326e-01,6.676565e-01
6.560104e-01,6.351853e-01
6.926391e-01,6.020419e-01
7.955224e-01,4.407979e-01
8.180291e-01,4.234569e-01
6.336764e-01,6.342806e-01
7.873781e-01,4.577138e-01
8.988376e-01,3.331885e-01
7.943539e-01,4.787658e-01
1.024400e+00,1.198320e-01
6.694753e-01,6.329086e-01
8.134324e-01,3.239161e-01
8.031295e-01,4.219849e-01
8.727849e-01,3.762718e-01
8.855682e-01,2.017343e-01
7.050446e-01,5.864197e-01
8.110446e-01,4.665104e-01
7.808307e-01,4.896081e-01
6.686139e-01,6.117028e-01
6.396232e-01,6.685862e-01
9.895857e-01,1.166403e-01
8.546672e-01,3.657920e-01
7.996836e-01,4.483407e-01
9.300427e-01,2.530068e-01
8.860505e-01,2.889720e-01
7.695667e-01,5.130075e-01
6.782639e-01,5.786487e-01
7.903830e-01,4.827099e-01
8.729262e-01,3.998611e-01
8.019236e-01,4.107312e-01
6.752343e-01,6.460701e-01
7.374721e-01,5.362552e-01
9.054978e-01,3.485266e-01
8.389479e-01,4.032558e-01
6.657206e-01,5.154947e-01
7.667402e-01,4.656338e-01
6.410282e-01,6.468886e-01
9.197656e-01,3.378168e-01
7.417758e-01,5.092349e-01
5.346597e-01,7.411322e-01
7.705691e-01,4.970442e-01
6.600977e-01,6.334632e-01
6.014662e-01,6.944663e-01
7.665261e-01,4.941604e-01
6.725173e-01,5.882534e-01
9.893569e-01,1.332882e-01
5.075369e-01,7.875181e-01
9.117026e-01,2.401485e-01
8.588086e-01,3.261051e-01
3.754438e-01,7.881853e-01
8.001774e-01,4.611609e-01
7.002405e-01,6.173382e-01
8.400543e-01,4.185352e-01
7.841799e-01,5.215541e-01
7.148011e-01,5.485657e-01
9.631893e-01,1.967025e-01
9.016114e-01,2.821501e-01
7.839082e-01,4.483148e-01
6.835206e-01,6.638775e-01
7.938140e-01,4.700267e-01
8.161665e-01,4.546554e-01
9.509427e-01,2.786630e-01
8.608209e-01,3.615432e-01
7.558769e-01,5.183309e-01
7.904170e-01,4.592540e-01
8.663835e-01,3.762013e-01
7.500680e-01,5.076853e-01
8.583787e-01,3.596401e-01
6.981709e-01,5.892681e-01
6.369734e-01,6.715709e-01
8.129067e-01,3.871608e-01
8.009552e-01,4.008660e-01
9.661062e-01,1.625532e-01
8.703770e-01,2.859172e-01
9.110997e-01,6.682450e-02
7.054958e-01,6.481572e-01
6.699241e-01,6.064265e-01
8.038271e-01,3.873304e-01
7.531301e-01,5.502266e-01
9.851702e-01,1.286387e-01
6.155548e-01,7.204475e-01
8.979529e-01,3.371792e-01
9.996946e-01,1.014471e-01
6.960960e-01,5.876730e-01
6.209014e-01,5.989034e-01
6.660216e-01,6.118590e-01
6.129334e-01,7.345464e-01
7.227115e-01,5.088782e-01
7.616061e-01,5.155258e-01
6.986601e-01,6.113732e-01
9.039630e-01,2.278493e-01
5.743822e-01,8.029183e-01
9.351993e-01,2.488251e-01
6.839427e-01,6.240900e-01
6.845581e-01,6.247252e-01
6.081571e-01,7.029930e-01
9.515831e-01,2.001112e-01
6.473797e-01,6.866293e-01
7.716369e-01,3.986283e-01
6.070937e-01,7.286857e-01
7.755088e-01,4.645622e-01
8.242016e-01,3.922787e-01
7.815061e-01,4.777902e-01
7.415666e-01,4.883186e-01
7.748482e-01,5.012577e-01
7.671341e-01,5.066018e-01
8.086668e-01,4.463872e-01
7.689719e-01,4.584667e-01
6.981379e-01,6.009667e-01
7.232029e-01,5.455132e-01
9.736342e-01,1.709283e-01
7.404247e-01,5.465962e-01
6.865824e-01,6.155451e-01
6.166606e-01,7.376413e-01
8.583014e-01,3.950573e-01
5.412103e-01,8.013349e-01
6.295391e-01,7.166807e-01
5.881870e-01,7.229115e-01
9.908964e-01,1.470606e-01
9.531029e-01,2.387986e-01
7.533125e-01,4.757031e-01
6.905317e-01,5.821851e-01
8.328410e-01,4.430748e-01
7.640360e-01,4.840722e-01
7.727705e-01,3.545304e-01
6.504213e-01,6.780298e-01
7.585906e-01,4.929492e-01
7.732073e-01,4.963405e-01
8.129917e-01,2.822399e-01
7.755173e-01,5.060172e-01
5.997885e-01,7.039410e-01
7.111210e-01,5.752069e-01
6.894105e-01,6.157705e-01
5.796792e-01,7.509905e-01
7.494656e-01,4.023599e-01
6.162315e-01,6.696069e-01
8.049945e-01,2.709992e-01
7.908418e-01,4.703437e-01
5.990551e-01,7.530823e-01
8.169256e-01,4.547204e-01
8.351934e-01,3.687041e-01
6.918070e-01,5.718650e-01
6.913833e-01,4.631007e-01
6.583411e-01,6.208683e-01
7.398085e-01,5.550025e-01
6.623759e-01,6.756469e-01
7.298248e-01,5.048282e-01
7.277795e-01,5.628129e-01
7.449784e-01,5.461502e-01
7.411129e-01,5.220387e-01
9.558313e-01,2.279926e-01
7.200349e-01,5.335180e-01
7.269533e-01,5.502377e-01
9.688990e-01,2.101233e-01
8.277928e-01,4.012842e-01
8.202742e-01,4.499475e-01
5.888959e-01,7.283899e-01
8.372185e-01,3.345081e-01
7.968197e-01,4.654965e-01
6.537899e-01,6.687607e-01
9.432905e-01,2.225365e-01
8.229065e-01,4.043571e-01
9.214142e-01,3.163570e-01
6.880529e-01,6.202828e-01
6.177800e-01,6.942987e-01
7.938844e-01,4.918525e-01
7.283049e-01,5.651571e-01
7.165696e-01,5.611778e-01
8.300315e-01,4.126906e-01
6.076079e-01,6.945334e-01
7.267150e-01,5.398577e-01
7.258278e-01,5.814314e-01
6.982953e-01,5.561455e-01
5.365086e-01,6.190353e-01
8.070753e-01,5.022532e-01
7.310054e-01,5.684067e-01
8.991489e-01,2.429091e-01
8.256297e-01,3.954275e-01
7.507847e-01,5.437499e-01
7.133902e-01,5.867141e-01
7.808308e-01,4.823103e-01
8.983672e-01,8.992626e-02
7.761155e-01,4.483193e-01
8.417418e-01,4.234024e-01
9.246189e-01,3.091837e-01
7.111040e-01,5.709787e-01
8.672254e-01,3.943899e-01
6.779909e-01,6.321630e-01
8.076200e-01,4.525509e-01
6.684658e-01,6.579407e-01
7.833217e-01,5.107460e-01
8.002291e-01,4.095581e-01
7.021676e-01,6.078617e-01
6.976066e-01,5.620783e-01
8.513717e-01,3.739799e-01
8.351976e-01,3.899787e-01
1.020903e+00,1.341100e-01
9.556123e-01,2.332243e-01
8.567439e-01,4.050883e-01
6.638492e-01,6.609015e-01
6.778689e-01,5.571764e-01
7.862895e-01,4.472284e-01
8.167457e-01,4.498266e-01
7.197664e-01,5.452438e-01
6.045856e-01,7.257752e-01
8.564832e-01,2.619318e-01
8.960635e-01,3.235714e-01
7.485284e-01,4.107329e-01
3.156045e-01,7.614886e-01
8.476826e-01,3.748298e-01
7.006276e-01,5.084351e-01
6.464155e-01,6.915167e-01
7.199989e-01,5.925577e-01
7.401669e-01,5.455529e-01
8.007039e-01,5.015774e-01
8.730007e-01,3.609251e-01
5.557857e-01,8.077722e-01
6.356906e-01,6.858586e-01
7.078748e-01,5.954856e-01
7.110662e-01,5.844418e-01
5.274627e-01,8.614351e-01
6.737462e-01,5.951108e-01
5.747320e-01,7.707828e-01
6.123904e-01,6.986900e-01
8.857671e-01,3.295848e-01
6.921860e-01,6.177422e-01
7.847530e-01,4.157651e-01
6.821856e-01,6.290387e-01
8.886717e-01,3.539590e-01
5.944198e-01,7.257579e-01
8.097323e-01,4.724319e-01
9.669478e-01,2.519999e-01
7.166165e-01,5.296849e-01
6.957873e-01,6.039532e-01
7.337781e-01,5.645786e-01
8.480256e-01,3.090199e-01
7.942184e-01,4.844114e-01
6.932729e-01,5.875840e-01
7.030752e-01,5.498994e-01
7.359423e-01,4.284108e-01
8.858877e-01,2.548456e-01
9.338893e-01,2.442325e-01
1.063955e+00,0.000000e+00
5.581562e-01,8.264168e-01
7.952547e-01,3.652703e-01
7.279057e-01,5.923830e-01
5.766850e-01,7.363472e-01
6.944132e-01,5.962726e-01
7.454953e-01,5.234987e-01
4.691356e-01,8.563974e-01
5.118188e-01,8.432662e-01
1.015870e+00,1.618947e-01
6.437566e-01,6.471337e-01
7.134312e-01,5.550635e-01
7.838598e-01,4.689664e-01
7.923842e-01,4.802932e-01
8.613899e-01,3.602867e-01
8.105408e-01,3.691788e-01
8.790128e-01,3.284674e-01
9.181378e-01,3.158188e-01
8.648246e-01,3.074710e-01
7.683443e-01,4.835677e-01
6.676280e-01,6.881097e-01
7.848105e-01,5.018672e-01
6.723789e-01,6.196109e-01
8.670582e-01,1.757419e-01
7.579994e-01,5.043983e-01
8.481654e-01,4.413318e-01
7.823361e-01,4.318859e-01
8.346727e-01,4.226162e-01
7.293113e-01,5.725445e-01
7.493925e-01,5.194223e-01
6.746650e-01,5.542417e-01
3.677535e-01,9.138231e-01
7.189293e-01,5.346584e-01
7.404460e-01,4.211555e-01
6.437670e-01,5.843395e-01
7.035986e-01,5.852907e-01
8.999261e-01,3.391506e-01
8.523958e-01,1.643707e-01
6.977187e-01,5.527690e-01
7.876590e-01,4.203246e-01
8.837272e-01,3.485505e-01
7.094525e-01,6.025994e-01
8.380597e-01,4.229899e-01
7.769454e-01,5.074315e-01
6.050213e-01,6.497320e-01
6.411337e-01,5.342405e-01
6.965846e-01,6.059646e-01
8.372060e-01,3.868017e-01
6.980498e-01,5.530851e-01
7.007770e-01,5.860312e-01
7.254285e-01,5.228172e-01
6.688937e-01,5.832614e-01
7.956558e-01,4.159489e-01
7.817680e-01,4.702037e-01
9.227249e-01,1.926083e-01
7.561178e-01,5.074140e-01
8.111138e-01,4.373811e-01
7.535723e-01,5.450061e-01
5.265949e-01,8.078438e-01
7.334808e-01,5.600896e-01
6.726019e-01,6.490681e-01
5.377082e-01,6.189566e-01
6.813754e-01,6.314105e-01
7.998314e-01,4.765092e-01
7.127976e-01,5.484370e-01
7.969759e-01,5.068795e-01
7.663961e-01,5.298565e-01
8.969935e-01,3.181632e-01
6.008185e-01,7.369661e-01
6.132508e-01,6.881957e-01
7.038057e-01,5.819240e-01
6.566311e-01,6.311635e-01
8.179531e-01,4.512309e-01
6.983509e-01,5.855850e-01
8.897091e-01,3.179367e-01
8.012852e-01,4.714023e-01
7.416984e-01,5.214188e-01
9.257157e-01,2.881471e-01
6.213943e-01,7.301086e-01
6.891824e-01,5.801962e-01
7.337029e-01,5.417076e-01
6.705513e-01,6.479935e-01
5.788929e-01,7.005583e-01
7.709555e-01,4.194452e-01
7.152833e-01,5.925721e-01
7.352106e-01,5.083379e-01
9.429937e-01,2.822072e-01
6.629264e-01,5.790330e-01
6.403717e-01,6.521490e-01
7.677418e-01,5.006378e-01
7.198098e-01,5.492842e-01
8.365534e-01,4.676783e-01
8.422710e-01,3.870180e-01
6.687058e-01,6.321160e-01
7.877625e-01,5.131774e-01
8.371480e-01,4.391812e-01
7.492566e-01,5.341741e-01
6.897473e-01,6.026102e-01
9.886992e-01,1.296814e-01
6.997495e-01,6.120439e-01
8.203917e-01,3.726333e-01
5.888186e-01,6.919770e-01
8.287442e-01,4.158479e-01
7.091292e-01,5.837404e-01
6.981130e-01,6.159174e-01
6.742073e-01,6.588399e-01
9.061144e-01,3.493766e-01
6.129953e-01,7.128103e-01
6.762210e-01,5.918399e-01
5.820851e-01,7.611743e-01
6.760869e-01,6.111479e-01
8.848158e-01,3.798904e-01
8.977866e-01,7.318000e-02
8.028616e-01,4.547078e-01
8.482687e-01,4.093493e-01
8.662750e-01,3.514574e-01
7.992957e-01,4.958849e-01
6.353010e-01,6.712009e-01
7.414334e-01,5.553412e-01
4.402274e-01,9.994484e-01
6.736589e-01,6.171289e-01
7.335822e-01,5.366209e-01
6.935384e-01,5.115029e-01
6.991218e-01,5.702078e-01
7.353069e-01,5.168392e-01
8.335003e-01,4.154267e-01
7.384803e-01,5.276440e-01
8.189335e-01,4.278962e-01
6.004482e-01,7.209489e-01
6.546937e-01,6.694659e-01
6.920447e-01,5.514480e-01
7.653654e-01,5.489343e-01
7.915258e-01,4.617132e-01
7.527479e-01,5.164908e-01
5.864395e-01,7.051245e-01
8.418182e-01,4.056152e-01
7.520060e-01,5.128620e-01
6.842757e-01,6.030972e-01
8.081550e-01,3.950246e-01
8.004404e-01,4.531143e-01
8.411709e-01,4.128531e-01
6.287307e-01,7.390960e-01
7.469513e-01,5.741228e-01
6.886686e-01,6.386416e-01
7.750108e-01,4.130381e-01
7.995221e-01,4.307232e-01
8.613258e-01,4.119174e-01
7.315443e-01,6.073227e-01
9.627363e-01,2.665790e-01
7.424949e-01,5.276505e-01
6.300598e-01,6.647909e-01
7.056978e-01,5.769408e-01
9.548574e-01,1.250245e-03
6.785786e-01,5.902998e-01
7.252714e-01,5.744279e-01
6.795173e-01,6.521876e-01
7.536057e-01,5.581319e-01
8.164972e-01,3.804590e-01
5.796330e-01,7.394672e-01
6.059991e-01,7.287053e-01
9.064789e-01,2.855591e-01
8.884355e-01,3.750695e-01
6.450593e-01,6.817089e-01
6.323896e-01,6.755030e-01
8.184193e-01,4.434214e-01
6.501780e-01,6.759177e-01
8.757183e-01,3.441669e-01
8.333933e-01,4.367112e-01
6.332291e-01,6.673200e-01
8.291967e-01,4.301328e-01
7.417516e-01,4.952084e-01
8.464242e-01,4.114503e-01
6.842122e-01,5.727907e-01
8.727020e-01,3.259763e-01
8.846967e-01,3.669005e-01
8.173572e-01,3.791677e-01
9.156393e-01,1.854565e-01
6.669405e-01,6.375220e-01
7.481141e-01,5.182062e-01
8.491685e-01,4.111132e-01
6.692750e-01,6.601770e-01
8.075092e-01,4.965857e-01
9.426260e-01,2.336615e-01
9.437634e-01,2.661229e-01
6.639521e-01,5.976602e-01
7.258206e-01,5.641085e-01
8.965772e-01,3.358910e-01
7.736546e-01,5.001727e-01
6.876723e-01,6.613384e-01
5.375603e-01,7.888791e-01
9.150488e-01,1.997611e-01
6.431837e-01,5.180292e-01
9.855201e-01,1.632028e-01
6.510237e-01,6.693168e-01
7.977915e-01,4.005138e-01
6.429655e-01,6.525965e-01
7.948752e-01,4.915808e-01
7.500459e-01,5.205652e-01
8.245522e-01,4.223042e-01
8.467200e-01,4.161100e-01
9.091614e-01,3.245655e-01
8.928990e-01,3.498941e-01
7.425370e-01,5.110223e-01
8.434424e-01,3.804084e-01
6.677931e-01,6.818560e-01
6.456332e-01,6.207519e-01
8.178310e-01,4.344445e-01
6.711279e-01,5.958253e-01
6.564373e-01,6.352380e-01
6.979519e-01,5.270246e-01
5.970059e-01,7.625955e-01
7.839385e-01,4.839811e-01
7.549582e-01,5.436007e-01
7.016955e-01,5.908570e-01
7.235534e-01,5.669665e-01
8.649117e-01,3.574221e-01
8.118517e-01,4.610668e-01
7.902154e-01,4.786036e-01
7.853438e-01,4.819032e-01
7.608373e-01,4.985746e-01
7.910506e-01,4.594848e-01
6.325834e-01,6.487137e-01
7.120551e-01,5.765516e-01
5.566793e-01,7.296964e-01
6.012679e-01,7.422892e-01
6.442743e-01,6.444510e-01
7.874424e-01,4.944426e-01
8.350861e-01,3.705472e-01
8.190403e-01,3.785045e-01
9.729553e-01,1.851620e-01
9.756257e-01,2.331909e-01
6.356278e-01,6.742674e-01
7.698159e-01,4.602037e-01
8.423802e-01,4.186988e-01
6.349427e-01,7.473800e-01
6.949763e-01,6.277590e-01
8.452832e-01,3.970650e-01
8.709195e-01,3.748897e-01
9.613567e-01,2.745971e-01
7.384399e-01,5.514417e-01
6.470151e-01,7.092510e-01
7.118498e-01,5.760211e-01
7.619099e-01,5.358420e-01
8.519322e-01,3.874584e-01
6.655614e-01,6.155394e-01
5.869449e-01,7.793944e-01
7.249892e-01,5.477808e-01
7.284408e-01,5.684554e-01
6.465463e-01,5.085702e-01
6.150817e-01,6.963137e-01
5.251638e-01,8.786934e-01
7.128547e-01,6.081266e-01
6.984617e-01,6.279546e-01
7.927231e-01,4.671291e-01
8.774093e-01,3.265925e-01
6.710552e-01,6.310031e-01
9.175960e-01,3.367347e-01
8.228663e-01,4.269545e-01
6.397397e-01,6.965545e-01
8.414801e-01,3.898570e-01
8.086142e-01,3.912872e-01
6.736139e-01,6.489964e-01
5.744780e-01,7.597312e-01
8.315846e-01,2.806385e-01
8.351759e-01,3.684290e-01
7.629800e-01,5.046653e-01
7.491598e-01,5.282410e-01
7.267105e-01,5.824506e-01
6.963717e-01,6.049651e-01
8.227309e-01,3.668113e-01
7.621496e-01,5.569155e-01
8.245223e-01,4.633855e-01
6.625033e-01,6.704044e-01
7.000684e-01,4.877398e-01
7.340000e-01,5.720187e-01
6.450180e-01,6.516610e-01
7.345643e-01,5.461722e-01
7.445818e-01,5.178876e-01
6.942598e-01,5.870766e-01
5.831470e-01,7.612846e-01
3.904966e-01,8.579897e-01
8.744138e-01,3.330946e-01
6.602133e-01,6.163838e-01
1.882764e-01,1.112430e+00
9.372729e-01,2.922554e-01
7.143460e-01,5.399489e-01
7.843876e-01,4.939526e-01
8.715893e-01,2.276991e-01
7.729711e-01,5.083549e-01
8.509031e-01,3.862458e-01
7.385061e-01,5.158404e-01
7.760948e-01,4.033941e-01
7.868634e-01,4.989624e-01
6.628044e-01,6.590750e-01
9.451164e-01,5.665412e-02
9.320762e-01,2.778899e-01
7.724360e-01,5.379848e-01
8.236127e-01,4.226626e-01
8.628430e-01,3.524106e-01
8.072723e-01,4.946970e-01
8.334795e-01,3.478914e-01
8.127653e-01,4.610726e-01
9.033134e-01,3.249314e-01
8.599343e-01,3.332350e-01
6.180015e-01,6.938699e-01
9.323442e-01,2.398154e-01
8.499272e-01,3.404087e-01
7.417710e-01,5.351366e-01
7.310867e-01,5.821940e-01
6.753422e-01,6.268877e-01
6.536507e-01,6.915513e-01
6.947097e-01,5.915605e-01
7.079237e-01,6.042466e-01
6.971209e-01,6.311682e-01
7.217390e-01,4.980421e-01
8.271644e-01,3.797029e-01
6.689980e-01,5.779706e-01
8.888253e-01,3.403293e-01
7.483883e-01,5.646483e-01
8.707866e-01,2.617629e-01
7.186067e-01,5.681131e-01
8.157025e-01,4.207364e-01
5.756003e-01,7.588708e-01
2.895090e-01,9.668588e-01
9.114125e-01,2.156087e-01
9.194692e-01,3.319768e-01
7.730363e-01,4.907208e-01
7.494382e-01,4.724431e-01
5.662034e-01,7.522971e-01
7.991037e-01,4.077503e-01
7.688803e-01,5.045418e-01
2.736136e-01,1.004264e+00
8.453204e-01,2.896798e-01
6.765403e-01,6.443059e-01
8.415583e-01,3.971281e-01
5.254150e-01,8.005484e-01
4.948874e-01,7.992513e-01
8.259781e-01,3.913972e-01
5.990363e-01,6.722359e-01
6.872531e-01,6.053949e-01
7.486001e-01,5.427312e-01
6.541396e-01,6.364109e-01
8.915957e-01,3.487089e-01
6.410417e-01,6.381813e-01
8.053602e-01,4.188545e-01
6.003855e-01,7.072801e-01
7.069993e-01,5.293805e-01
6.004001e-01,7.435267e-01
8.859752e-01,2.318196e-01
7.278854e-01,5.889446e-01
6.340460e-01,7.114824e-01
7.729137e-01,4.682496e-01
8.020213e-01,4.538185e-01
3.884489e-01,9.969393e-01
7.401144e-01,5.465357e-01
8.723506e-01,3.283047e-01
8.944599e-01,3.159811e-01
5.862416e-01,7.993373e-01
8.630839e-01,3.505094e-01
6.906455e-01,5.636396e-01
9.473452e-01,1.969701e-01
6.698775e-01,6.554799e-01
6.898414e-01,6.304218e-01
9.161503e-01,2.562025e-01
8.806699e-01,3.300185e-01
9.031934e-01,3.166136e-01
8.595641e-01,2.865753e-01
6.076511e-01,7.445914e-01
6.771876e-01,6.401486e-01
8.559116e-01,3.817203e-01
7.981111e-01,3.602296e-01
6.673345e-01,6.125101e-01
6.965910e-01,6.058097e-01
7.087016e-01,5.980815e-01
7.334392e-01,5.336681e-01
6.940212e-01,6.099153e-01
7.639264e-01,4.741755e-01
6.367874e-01,6.614910e-01
8.506537e-01,3.821621e-01
9.208247e-01,3.094670e-01
8.182646e-01,4.441277e-01
5.770458e-01,7.694278e-01
9.545607e-01,2.587408e-01
7.469540e-01,4.980528e-01
6.713758e-01,6.247115e-01
8.294823e-01,4.259401e-01
9.084387e-01,2.774663e-01
8.436452e-01,4.101747e-01
6.284510e-01,6.768028e-01
8.297797e-01,3.384389e-01
7.331824e-01,5.070198e-01
7.191053e-01,5.381724e-01
9.574675e-01,1.850043e-01
8.062851e-01,4.337335e-01
8.410845e-01,2.746838e-01
6.628988e-01,6.523464e-01
8.254996e-01,2.454599e-01
7.221168e-01,5.337699e-01
5.839007e-01,7.409612e-01
6.754905e-01,6.004845e-01
8.423900e-01,3.489578e-01
8.198265e-01,4.211657e-01
7.669484e-01,5.006269e-01
7.240698e-01,5.734312e-01
7.258654e-01,5.573639e-01
7.975283e-01,4.404551e-01
7.963123e-01,4.928112e-01
6.932235e-01,6.446636e-01
8.944612e-01,3.025501e-01
9.917316e-01,2.398113e-01
6.646829e-01,6.648313e-01
9.165744e-01,3.155419e-01
5.322534e-01,7.947517e-01
8.388673e-01,3.463685e-01
7.774245e-01,4.556225e-01
9.938097e-01,2.123777e-01
6.626243e-01,6.355185e-01
1.036757e+00,5.669460e-02
1.024045e+00,7.800384e-02
7.543964e-01,5.355369e-01
5.194074e-01,8.416062e-01
7.789652e-01,4.130277e-01
6.296513e-01,6.584275e-01
7.284206e-01,5.505994e-01
8.166699e-01,4.522937e-01
8.174344e-01,4.393199e-01
8.172567e-01,3.875454e-01
6.104892e-01,6.914373e-01
8.913062e-01,2.891661e-01
6.647770e-01,6.587523e-01
8.448774e-01,4.437312e-01
7.242792e-01,5.309005e-01
7.603145e-01,5.522886e-01
6.144589e-01,6.823005e-01
8.636557e-01,3.113081e-01
7.662553e-01,4.924431e-01
6.039644e-01,6.735587e-01
6.111294e-01,6.806374e-01
8.112094e-01,4.845524e-01
6.081934e-01,7.080415e-01
8.480549e-01,3.570311e-01
7.376443e-01,5.486421e-01
5.783018e-01,7.142358e-01
6.967033e-01,5.851361e-01
7.590625e-01,5.002140e-01
6.849411e-01,6.127866e-01
8.668488e-01,3.403026e-01
6.064755e-01,7.545095e-01
6.644923e-01,6.387728e-01
9.237809e-01,3.196482e-01
7.361901e-01,5.472090e-01
8.299016e-01,4.764976e-01
5.783328e-01,7.876300e-01
7.563249e-01,5.375716e-01
6.475859e-01,7.151959e-01
6.531651e-01,6.358641e-01
8.736257e-01,4.015285e-01
6.774121e-01,6.290001e-01
7.287167e-01,5.998085e-01
7.367722e-01,5.701169e-01
7.532683e-01,4.579929e-01
7.865660e-01,4.767189e-01
9.134654e-01,2.864207e-01
7.552412e-01,4.105795e-01
8.401741e-01,3.322418e-01
6.605904e-01,6.437468e-01
6.449865e-01,5.735746e-01
3.428988e-01,9.581728e-01
8.162380e-01,4.642295e-01
8.119388e-01,4.209535e-01
5.886389e-01,7.460077e-01
8.888754e-01,1.180224e-01
9.367709e-01,2.745360e-01
7.634501e-01,5.197367e-01
7.328523e-01,5.074310e-01
8.785168e-01,3.694238e-01
6.117698e-01,7.069467e-01
7.211578e-01,5.841072e-01
7.682390e-01,4.907780e-01
7.746531e-01,3.049693e-01
9.365360e-01,2.591126e-01
6.785856e-01,6.381256e-01
7.546788e-01,4.960261e-01
7.439112e-01,5.119087e-01
9.074052e-01,3.188640e-01
6.233855e-01,7.203184e-01
7.411430e-01,5.372185e-01
8.189596e-01,4.427297e-01
7.883908e-01,4.909547e-01
6.272932e-01,6.971044e-01
6.747752e-01,6.241723e-01
8.753123e-01,3.973691e-01
8.262399e-01,4.327838e-01
7.243168e-01,5.402891e-01
7.736108e-01,4.998441e-01
8.054764e-01,4.429064e-01
9.371100e-01,0.000000e+00
8.734300e-01,3.515360e-01
9.699768e-01,1.981111e-01
7.462468e-01,4.923597e-01
7.754325e-01,4.871253e-01
7.130920e-01,6.086427e-01
7.964266e-01,4.728828e-01
6.350004e-01,6.457395e-01
7.952700e-01,4.086831e-01
7.460976e-01,4.738024e-01
9.232803e-01,8.797792e-02
7.923016e-01,4.605376e-01
5.970520e-01,6.355259e-01
7.386323e-01,5.064934e-01
7.792048e-01,4.783300e-01
6.414472e-01,7.273525e-01
9.773145e-01,1.873583e-01
7.547240e-01,4.687539e-01
8.297143e-01,4.121734e-01
7.424531e-01,5.314971e-01
6.288211e-01,6.777934e-01
7.670499e-01,4.819667e-01
7.028161e-01,6.382119e-01
7.452753e-01,5.561096e-01
8.445940e-01,3.507807e-01
8.072573e-01,4.179330e-01
7.543782e-01,5.226011e-01
7.535641e-01,5.411258e-01
6.976594e-01,5.634516e-01
7.703309e-01,5.453586e-01
9.753471e-01,2.307803e-01
7.754977e-01,5.331521e-01
7.770846e-01,5.156525e-01
7.958809e-01,4.241421e-01
7.724949e-01,4.592740e-01
7.294214e-01,5.550626e-01
6.609285e-01,6.256810e-01
9.033637e-01,3.272483e-01
8.912416e-01,3.623658e-01
8.474116e-01,3.574264e-01
7.899853e-01,4.647151e-01
7.077867e-01,5.829228e-01
6.680127e-01,5.577836e-01
7.327831e-01,5.870698e-01
8.584440e-01,3.960293e-01
9.248638e-01,2.811818e-01
8.162695e-01,4.601998e-01
8.171242e-01,4.625213e-01
9.143871e-01,2.904245e-01
6.645719e-01,6.915794e-01
7.959582e-01,4.785399e-01
7.366932e-01,5.357989e-01
6.879268e-01,6.393718e-01
6.543756e-01,6.373147e-01
7.780549e-01,4.994939e-01
7.634470e-01,4.524860e-01
7.655070e-01,5.137146e-01
7.760745e-01,3.861387e-01
8.480051e-01,3.455987e-01
7.778131e-01,4.470985e-01
7.022195e-01,6.108195e-01
7.369766e-01,4.971027e-01
6.954079e-01,5.387262e-01
7.830561e-01,5.196324e-01
8.050670e-01,4.143346e-01
7.317366e-01,5.364741e-01
7.716163e-01,4.930949e-01
7.154628e-01,4.584079e-01
8.998177e-01,3.542415e-01
6.360412e-01,6.888361e-01
6.302821e-01,6.693229e-01
8.674873e-01,3.797327e-01
7.283701e-01,5.395506e-01
8.365828e-01,4.334381e-01
8.970392e-01,2.624483e-01
4.735026e-01,9.123943e-01
8.128020e-01,4.403189e-01
9.029530e-01,2.292852e-01
3.668172e-01,8.264201e-01
8.395524e-01,4.096836e-01
6.025511e-01,7.189546e-01
1.030986e+00,1.501347e-01
6.872133e-01,5.984137e-01
8.934299e-01,3.350409e-01
8.116464e-01,4.810323e-01
7.825049e-01,4.679234e-01
7.892528e-01,4.691954e-01
8.309078e-01,3.592666e-01
6.750033e-01,6.269155e-01
8.405552e-01,4.335051e-01
9.998727e-01,1.834155e-01
7.598277e-01,5.015182e-01
9.917287e-01,4.962987e-02
9.200679e-01,2.362828e-01
9.805312e-01,0.000000e+00
7.454190e-01,5.230979e-01
8.220580e-01,4.227183e-01
8.884250e-01,2.931090e-01
6.381884e-01,6.500619e-01
7.341736e-01,5.569326e-01
8.939633e-01,3.517983e-01
7.866588e-01,5.022137e-01
8.091679e-01,2.861106e-01
7.132666e-01,5.661165e-01
6.767988e-01,6.230514e-01
7.170042e-01,4.836706e-01
5.959744e-01,6.952327e-01
9.300470e-01,1.486062e-01
9.306006e-01,3.158413e-01
7.006229e-01,5.673257e-01
6.910188e-01,5.644364e-01
6.569567e-01,6.454191e-01
6.665285e-01,6.410259e-01
7.123866e-01,5.886632e-01
9.165656e-01,2.011571e-01
6.929373e-01,6.216094e-01
8.332364e-01,4.393394e-01
4.095565e-01,9.376830e-01
9.729248e-01,1.860411e-01
7.608830e-01,4.568094e-01
8.014428e-01,4.035177e-01
6.186742e-01,6.694070e-01
8.228445e-01,4.447016e-01
6.703722e-01,6.236690e-01
6.838804e-01,5.182824e-01
9.617471e-01,2.760885e-01
6.504630e-01,6.969084e-01
8.969394e-01,3.579595e-01
7.115552e-01,5.720535e-01
7.062969e-01,5.804526e-01
7.394062e-01,5.260137e-01
7.341133e-01,5.298123e-01
6.909413e-01,6.179059e-01
7.610073e-01,5.239261e-01
6.811323e-01,5.637590e-01
9.212988e-01,3.140505e-01
4.679777e-01,6.205090e-01
7.955560e-01,4.759602e-01
7.129988e-01,5.391510e-01
6.996928e-01,6.000885e-01
5.452067e-01,7.786610e-01
7.935957e-01,4.910343e-01
5.752129e-01,7.220842e-01
1.052640e+00,6.941133e-02
1.005620e+00,1.646384e-01
7.278006e-01,5.177035e-01
8.608963e-01,3.566698e-01
8.215855e-01,4.042258e-01
7.989405e-01,3.298126e-01
8.026983e-01,4.466273e-01
5.605936e-01,7.890521e-01
8.184334e-01,4.502047e-01
7.567130e-01,5.355828e-01
8.946799e-01,3.282193e-01
7.646178e-01,4.863935e-01
6.998985e-01,6.178553e-01
6.052679e-01,7.533569e-01
8.900414e-01,3.428398e-01
7.154569e-01,5.166151e-01
7.415578e-01,5.174083e-01
7.535873e-01,5.451875e-01
8.111358e-01,4.772088e-01
6.276618e-01,6.549454e-01
6.697438e-01,6.253473e-01
6.745730e-01,5.429166e-01
6.636731e-01,5.886462e-01
6.545712e-01,6.429924e-01
6.356717e-01,6.957245e-01
6.804594e-01,6.150578e-01
7.900535e-01,4.714580e-01
8.571944e-01,3.702156e-01
8.590076e-01,1.569376e-01
6.175226e-01,7.415942e-01
1.042867e+00,7.434298e-02
5.973153e-01,7.212458e-01
6.329862e-01,6.580480e-01
7.398809e-01,5.589642e-01
7.188912e-01,5.988185e-01
7.000265e-01,5.853643e-01
6.754776e-01,6.099646e-01
6.062906e-01,6.865870e-01
4.671868e-01,8.217636e-01
7.552357e-01,4.876456e-01
6.435662e-01,6.955413e-01
7.618560e-01,5.171909e-01
7.000634e-01,4.840877e-01
7.271553e-01,5.555091e-01
5.943125e-01,7.929720e-01
7.093639e-01,5.978635e-01
8.569675e-01,3.855212e-01
9.130930e-01,2.278029e-01
7.625998e-01,5.078778e-01
6.657809e-01,6.430382e-01
8.311987e-01,4.370661e-01
9.664738e-01,2.319932e-01
7.759782e-01,4.906339e-01
6.049685e-01,7.535638e-01
8.405234e-01,3.928954e-01
7.091329e-01,5.420404e-01
7.956826e-01,4.894307e-01
6.883585e-01,5.870808e-01
7.477989e-01,5.183576e-01
7.383486e-01,5.532380e-01
8.913778e-01,3.186707e-01
7.289180e-01,5.327823e-01
8.336824e-01,4.204879e-01
5.960102e-01,7.498879e-01
6.285926e-01,6.728029e-01
8.023142e-01,4.529937e-01
8.245397e-01,4.398783e-01
8.060309e-01,4.692529e-01
7.542789e-01,4.882011e-01
7.861907e-01,4.626003e-01
8.340113e-01,3.932817e-01
7.796116e-01,5.332828e-01
7.549372e-01,5.444947e-01
6.715486e-01,5.886759e-01
8.956327e-01,3.591253e-01
6.396854e-01,6.249812e-01
8.962654e-01,3.543854e-01
8.296624e-01,4.149788e-01
7.963151e-01,4.901841e-01
6.307947e-01,7.027135e-01
7.427981e-01,5.824901e-01
7.353045e-01,5.391677e-01
7.378336e-01,4.883157e-01
8.204272e-01,3.749685e-01
9.776503e-01,2.321722e-01
8.083505e-01,4.448181e-01
6.166545e-01,6.412043e-01
7.014194e-01,5.499340e-01
6.718677e-01,6.136250e-01
5.124736e-01,8.733782e-01
8.042524e-01,4.592648e-01
6.485286e-01,6.631992e-01
8.724016e-01,3.227642e-01
9.096468e-01,3.345887e-01
8.344286e-01,4.576605e-01
6.450266e-01,6.835890e-01
8.836345e-01,3.820445e-01
9.575738e-01,2.427003e-01
5.705330e-01,5.157067e-01
8.601870e-01,3.340021e-01
7.737733e-01,5.382622e-01
5.999071e-01,7.271922e-01
5.397356e-01,7.622190e-01
8.433017e-01,4.022411e-01
8.772810e-01,3.307897e-01
7.729158e-01,5.056876e-01
