3.873079e+01,1.597964e+00,2.959170e-03,1.622797e+01,1.205839e+01,1.008426e+00,1.136389e-04,3.848870e+00,1.120168e+02,2.573921e+01
7.709171e+01,9.954551e+00,1.053749e+02,2.151544e+01,1.463838e+01,8.458345e+00,1.822828e+01,1.379339e+01,3.977842e+00,3.642690e+01
1.161590e+02,3.234880e+01,9.557985e+00,1.031763e+02,1.594969e+01,1.160107e+01,4.232695e-01,1.786952e-08,6.175267e+00,1.029607e-06
6.469865e+01,7.294821e+01,9.526339e+00,5.792814e+01,3.337174e+01,1.489790e+01,1.204511e+00,2.487492e+01,6.532855e+00,2.095547e-02
6.529438e+01,2.142104e+01,5.631877e+01,1.447496e+01,2.914454e+00,1.749025e+01,1.223146e+01,1.987686e+01,3.734621e-03,5.771611e+01
5.369321e+01,5.005949e+00,6.406614e+01,2.814851e-03,2.259177e-02,1.931749e+01,1.053788e+00,1.605429e+01,8.444893e+00,6.395874e+01
1.719366e+02,9.202672e+00,3.528172e+01,5.810873e+01,1.137627e+01,2.297440e-01,4.098232e-02,1.125382e+00,7.173379e+01,4.035657e+01
7.034723e+01,1.457444e+01,5.111825e-01,9.359347e+01,1.007908e+01,1.036332e+01,1.581614e+00,7.316698e+00,8.617779e+00,4.830551e+00
1.243645e+02,4.716789e+01,1.808651e+00,7.793669e+01,2.163903e+01,8.047390e+00,6.403714e-01,1.879310e+01,6.615839e+00,9.058494e-01
1.184429e+02,4.341853e+01,1.877144e-01,7.608744e+01,3.357073e+01,3.960928e+00,3.942912e+00,2.674184e+01,7.149155e+00,3.415374e+00
5.978217e+01,2.217034e-07,1.087548e+02,1.664746e-09,1.755181e+01,1.039908e+01,5.584905e-01,2.452244e+00,1.735402e+01,3.910209e+01
4.155713e+01,1.238706e+00,2.777914e+01,9.878812e+00,3.496511e+01,4.089723e-06,6.285795e-10,8.925957e+00,7.177813e+01,3.294857e+01
1.262350e+02,4.431393e+01,1.737169e+00,8.101509e+01,4.945272e+01,2.183687e+01,2.826407e+00,1.394852e+00,1.154716e+00,5.529229e-05
9.806099e+01,8.463963e+00,1.210948e+02,3.724586e+01,8.430362e+00,1.157621e+01,2.926166e+01,1.028782e+01,7.224015e-01,7.683148e+01
7.930324e+01,3.177389e+01,2.480480e+00,2.858083e+01,1.987019e+01,1.626315e+01,2.026431e+00,2.110587e+01,1.224768e+01,5.986437e-03
8.913566e+01,3.786059e+01,3.029062e+01,5.658368e-07,5.225338e+01,1.085995e+01,5.364794e-01,3.721001e+01,1.653739e+01,1.429886e-05
1.486443e+01,1.773785e-06,5.942924e+01,1.582065e+00,1.922227e+01,2.074663e+01,4.577885e+01,7.481650e+00,7.010172e+01,9.786819e+00
4.956873e+01,1.169867e-04,9.106260e+01,6.317067e+00,2.790797e+01,2.554587e+01,2.859790e-01,1.586409e+01,3.128737e+01,7.719563e-05
1.528907e+02,2.948390e+01,2.608055e+01,1.679181e+01,2.118856e-07,1.024986e+00,5.959425e+00,2.089100e+01,2.788131e+01,6.395334e+01
3.499491e+01,1.689268e+01,1.021134e+01,5.640028e+01,3.504228e+01,6.274596e+00,6.263030e+00,1.472524e+00,5.426592e+01,2.490694e+01
5.339640e+01,2.989912e-01,1.105588e+02,3.073281e+00,6.631658e+00,2.517935e+01,1.124456e+01,6.981542e+01,2.259218e+01,1.543995e-11
4.886966e+01,5.401611e+00,9.071931e+01,2.433295e+01,2.136056e+01,1.852028e+00,5.533445e+00,5.827770e+00,1.505195e+01,4.190677e+01
1.563790e+02,2.475621e+01,4.499428e+00,8.873883e+01,1.248815e+01,4.785559e+00,4.159407e-01,5.284618e+00,2.572268e+00,1.587512e+00
7.432329e+01,9.417453e+00,2.678824e+01,3.763772e+01,3.339728e+01,7.965501e-01,8.461803e-01,5.832302e+00,3.149709e+01,3.345806e+00
9.483912e+01,3.857600e+01,1.471196e-03,6.104140e+01,8.696583e+00,2.107903e+01,5.710926e+00,2.300218e+01,5.904388e+00,1.060447e+00
9.581301e+01,9.922122e-01,5.457737e+01,4.221535e+01,8.814928e+00,3.825847e+01,2.042953e+01,2.114144e-16,3.530899e+01,1.347762e+01
7.806685e+01,1.745074e+01,7.980765e+01,4.431882e+01,1.194151e-02,7.517772e-06,6.378237e+00,1.271542e+01,6.957154e-02,5.592104e+01
1.171211e+02,2.912537e+01,3.066176e+01,3.275299e+01,4.980071e+00,7.640400e+00,3.619768e+00,5.401498e+00,3.408003e+00,4.012029e+01
7.898714e+01,3.630538e+01,3.907290e+01,2.980856e+01,1.560680e+01,9.127698e-07,3.502038e-01,1.960419e+01,3.030047e+01,1.405286e+01
1.028020e+02,4.675488e+01,1.248846e+00,7.991273e+01,2.413649e+01,1.020983e+00,4.200346e-01,1.094831e+01,1.051012e+01,6.595989e-01
1.582674e+02,7.036031e+01,1.424948e+00,4.284354e+01,1.234775e+01,1.092655e+01,8.578739e-04,4.750490e+01,1.338789e+00,3.075097e-02
1.449734e+01,3.198511e+00,4.294582e+00,3.153466e+01,1.191720e+01,5.835092e+01,1.807569e+01,5.027890e+00,8.642690e+01,2.615232e+01
6.914375e+01,1.314188e+01,3.532356e+01,7.548846e+01,4.876615e+01,3.631636e+00,4.860612e+01,8.744366e-01,6.745584e+00,2.256421e+00
9.896546e+01,5.637309e+01,2.853505e+01,1.315279e+02,1.846616e+01,1.950541e+01,1.241197e-06,6.527105e+00,4.148059e+00,4.167057e-01
5.059750e+01,4.973662e+00,1.982854e-01,1.457387e+01,2.956339e+01,3.179947e+01,4.412995e-03,3.545915e+01,3.695937e+01,1.026428e+01
8.390494e+01,6.203621e+00,1.038965e+02,2.294634e+00,1.402628e+01,1.363273e+00,7.017450e-01,9.701531e+00,8.835769e+00,3.277301e+01
8.683461e+01,9.971779e+00,4.576728e+01,2.823597e+01,2.782262e+01,4.171278e-01,2.518274e-01,4.078783e+00,1.909572e+01,4.943117e+00
1.750093e+02,2.383555e+01,1.870682e+02,1.748590e-03,1.292066e+01,1.553221e+00,9.923400e-01,1.241915e+01,2.530431e+01,3.988098e+01
5.864349e+01,4.640503e+01,9.744146e-03,4.543487e+01,1.914580e+01,2.333510e+01,5.469000e-02,2.307430e+01,5.830845e+00,2.488831e+00
6.297937e+01,1.940675e+01,3.999842e+00,1.473952e+01,4.550196e-07,3.445478e-05,1.116153e+02,8.103636e+00,4.273910e-09,1.374747e+01
8.569693e+00,3.586349e+00,8.576375e-01,1.949492e+01,3.385971e+01,4.148235e+01,7.132792e+00,2.679618e+00,6.702891e+01,1.287726e+01
1.291529e+02,4.031446e+01,1.443192e-09,2.585178e+01,6.102188e-02,1.355967e+00,9.272112e+01,3.414440e+01,2.160416e-02,5.667623e+00
2.122827e+01,5.393720e+01,2.136081e+00,1.419121e+01,4.272356e+01,7.039992e+01,2.659182e-02,2.591483e-03,3.369187e+01,2.507089e-02
1.060445e+02,1.843575e+01,1.580766e-06,6.943887e+01,1.477172e+01,2.811112e+00,4.560468e+01,1.384815e+01,3.203815e+01,5.976850e+00
4.715823e+01,1.987230e+00,9.582529e+01,1.754599e+01,4.677403e+01,8.306381e+00,3.521579e+00,1.127481e+00,1.551316e+01,4.997887e+01
3.713210e+01,2.439958e+01,1.705602e+01,9.929797e+01,2.067838e+01,4.942956e+01,3.422626e-03,1.130449e+01,5.807580e+00,1.092001e-07
2.491208e+01,2.080824e+01,5.787701e-06,4.165732e+01,1.456881e+01,4.551590e-01,3.064028e+01,1.915156e-01,2.902849e+01,2.161192e+01
1.066083e+02,1.267106e+01,3.945065e+01,3.926730e+01,9.355643e+00,2.296536e+01,1.863726e+01,1.450660e+00,1.943564e-02,2.513135e+01
1.292943e+02,8.687579e+00,4.328116e-02,1.063781e+02,1.500674e+01,6.617641e+00,1.774106e+00,1.085572e+00,7.074705e+00,3.698246e+00
1.113357e+02,1.433917e+01,7.749568e+01,1.757680e+01,1.332280e+01,2.025629e+01,2.139225e+00,1.513011e+01,2.514064e-03,4.375125e+01
3.850470e+01,2.682560e+00,1.673563e+01,1.554823e+01,1.856858e+01,5.331140e+01,1.667555e+00,1.281394e+01,6.166069e+01,1.015940e+01
1.214468e+02,5.168067e+01,6.909247e+00,8.702712e+01,2.727830e+01,2.287545e+00,3.738664e-02,3.328443e+00,1.524353e+00,1.821154e+00
7.627953e+01,1.100592e+02,1.336961e-02,2.412612e+00,6.109821e+01,4.487602e+01,7.345591e+00,6.721153e+00,6.770966e+00,5.575812e+00
4.371152e+01,6.994507e+00,5.234816e+01,3.591976e+01,1.851540e+01,2.878049e-01,7.287153e+00,1.250533e+00,1.894556e+01,6.151806e+01
4.917117e+01,6.474027e+01,1.129071e+01,8.654336e+01,2.153334e+01,1.261569e+00,2.203803e-01,1.765603e+01,3.641944e-02,2.369603e-05
1.131641e+02,4.475294e+01,1.168784e-06,1.060215e+02,2.683163e+01,9.482787e+00,4.650965e-05,5.616408e+01,2.904687e+01,8.808450e+00
1.240904e+01,1.102300e+01,2.458989e-02,3.210982e+01,4.294814e+01,2.658578e+01,2.337690e+01,9.497163e+00,5.672604e+01,3.955241e+00
1.061742e+02,1.490995e+01,3.304291e-01,7.201241e+00,7.871355e+00,1.894679e+01,2.560963e+01,3.457174e+01,4.684617e+01,3.918001e+01
7.808776e+01,1.624609e+01,9.916800e+00,9.584994e+01,8.783327e+00,1.438708e+01,5.868185e-01,1.239254e+01,1.815913e+01,8.056950e+00
5.610583e+01,2.951116e+00,5.613829e+01,3.691590e+01,1.579573e+01,3.689616e-02,2.000342e-02,1.489575e+01,3.755545e+01,3.597490e+01
1.173850e+02,2.658332e+01,3.793343e+01,2.479252e+01,3.189632e+01,7.250339e-02,1.177351e-01,1.639972e+01,3.503251e+01,2.722173e+01
1.062029e+02,9.161620e+00,7.315533e+00,5.168462e+01,2.453559e+01,2.767527e+00,3.719456e-01,1.851323e+01,4.044579e+01,1.398118e+01
3.110729e+01,4.132120e-24,7.899032e+01,9.104456e-33,2.567864e+01,4.351999e+01,4.194768e-03,4.337247e+00,1.140027e+02,1.092945e+01
7.545422e+01,3.205632e+01,1.803003e+00,6.567060e+01,2.608181e+01,1.120873e+01,5.367831e-01,1.121838e+01,4.162693e-01,1.855895e+00
8.191072e+01,1.382675e+01,7.024375e-02,8.766229e+01,2.845563e+01,1.369140e+01,1.073983e+00,1.516698e-10,6.309240e+00,3.365272e+00
1.317054e+02,8.659542e+01,7.127901e-01,2.281850e+01,6.437775e-04,2.584499e+01,2.125383e-05,4.980466e+01,4.507543e+01,4.918494e-03
1.246866e+02,8.043541e+00,4.025975e+01,4.109517e+00,3.469953e+01,3.257675e+01,1.797622e+00,3.556223e+01,6.477212e+00,8.102921e-04
8.796167e+01,1.919207e+01,5.860012e+00,7.882787e+01,1.605061e+01,1.195198e+01,9.019863e+00,6.773924e+00,2.359250e+01,1.537157e+01
8.966425e+01,2.128374e+01,7.784776e+01,5.292853e+00,5.566703e-07,1.570117e+01,1.414076e+01,1.237642e+01,8.141163e+00,4.427345e+01
4.968844e+01,3.620915e+01,2.555731e+01,9.198473e+00,2.243106e+01,1.372806e+01,1.735209e+01,2.296850e+01,6.333899e+00,5.351447e+01
1.437440e+02,1.926181e+01,4.508811e+00,7.396276e+01,3.219651e+00,1.390817e+01,9.007299e-01,1.908900e-14,9.525744e+00,2.103339e+01
1.023748e+02,5.865915e+01,2.479011e+01,1.728325e+01,1.454841e+01,7.510754e+00,3.305200e+01,2.725737e+01,1.712466e-02,4.536152e+01
4.883676e+01,3.711149e+01,9.954596e-01,5.759284e+01,3.274797e+01,2.619115e+01,1.084705e-03,1.890684e+01,6.053220e+00,2.311608e+00
5.338755e+01,3.697416e+01,2.944667e+00,7.468720e+01,2.744132e+01,9.930960e+00,1.506988e-01,8.546118e+00,2.305537e+00,7.617485e-02
3.130985e+01,3.988231e+00,1.724104e+01,8.008714e+01,1.813563e+01,2.998378e+01,2.658623e+00,1.287544e-14,9.368058e+00,1.171030e-03
1.383801e+02,1.564066e+01,4.046742e+01,4.496013e+01,1.361560e+01,3.878212e+00,6.674418e-01,6.786877e+00,5.171609e+00,2.093097e+01
8.828327e+01,2.646359e+01,6.264005e+00,1.007668e+02,1.887064e+01,9.636441e+00,4.555125e-02,1.134603e+01,6.729212e+00,5.428251e-01
4.058135e+01,2.442253e-09,2.699302e+01,1.543234e-19,1.456997e-05,1.281760e+02,3.773769e-02,6.402275e-01,8.259150e+01,3.138479e+01
8.048257e+01,7.769537e+01,1.318332e+01,1.154418e+02,2.979613e+01,2.044456e+01,1.230969e+00,1.287324e+01,2.801728e-01,2.628290e-02
5.411993e+01,1.291081e+00,2.670678e+01,4.832430e+01,4.446015e+01,8.613801e+00,7.781613e-01,1.542545e+01,7.632788e+01,1.360293e+00
1.108009e+02,2.627375e+01,3.134138e+00,5.409036e+01,2.951705e+01,1.719343e-01,7.359339e+01,1.906613e+01,4.464010e+01,7.532271e+00
5.920735e+01,1.351176e+00,1.003006e+02,5.135800e+00,1.269353e+01,9.311625e+00,5.571188e-04,6.204630e+00,2.752873e+00,3.111657e+01
8.719701e+01,9.304334e+00,8.022199e+01,5.066879e+01,9.618005e+00,1.967437e+00,1.025059e+01,1.567206e+01,1.012400e+00,3.498686e+01
5.455181e+01,3.054419e+01,1.504913e-03,6.301417e+01,5.396120e+00,2.775599e+01,1.798198e-03,2.198851e+01,4.130237e+00,1.486969e+01
9.892779e+01,7.311874e+01,1.244938e-07,3.497356e+01,2.135723e+01,2.460038e+01,6.962855e-01,1.361325e+01,2.193641e-04,1.558809e+01
5.980932e+01,3.815006e+01,3.854131e+00,1.025019e+02,2.653222e+01,1.658773e+01,7.410231e-02,1.983165e+01,7.569111e+00,7.376954e-02
1.707615e+01,4.807787e-14,2.658967e+01,4.528283e-02,2.056863e+01,2.469162e+01,5.320473e+01,2.463963e-01,7.360274e+01,2.672985e+01
9.983649e+01,5.484101e+01,4.659888e+00,6.140189e+01,2.306763e+01,4.178325e+01,8.750626e+00,1.632503e+01,3.402651e+00,6.714754e-01
3.045897e+01,1.238843e-12,3.416090e+01,8.243198e+00,3.358782e+00,1.080081e+01,2.254413e+00,5.313983e-01,1.057577e+02,3.651137e+01
1.877100e+02,3.941808e+00,3.840450e+01,3.825467e+01,1.238216e-01,3.184606e-04,1.930783e+02,6.541181e-13,1.221777e+01,1.576037e+00
8.116278e+01,7.791730e+00,6.272363e+01,3.642354e+01,2.145760e+01,2.573148e+00,2.019825e+00,2.812585e+00,1.818343e+01,2.881406e+01
8.824851e+01,1.674000e-13,1.685679e+02,7.893314e-02,1.775697e+01,6.919906e+01,1.180559e-01,3.817325e+00,3.419569e+01,1.712377e-22
5.146106e+01,5.443599e-17,6.610747e+01,7.652935e-30,3.871757e+01,3.368336e+01,2.622701e+00,1.783689e+01,3.045226e+01,8.883253e+00
4.150186e+01,1.254152e+00,1.023552e+02,1.375783e+01,1.726108e+01,4.310772e+00,1.521851e+01,4.822497e-06,4.748376e+01,4.613342e+01
8.037070e+01,2.221432e+01,8.291160e+00,1.056838e+02,2.242228e+01,6.859633e+00,2.356249e-05,2.495547e+00,1.120360e+01,9.928519e-04
1.762556e+02,7.132534e+00,4.634130e+01,3.101115e+01,1.528813e+01,1.132358e-04,2.648073e+00,1.368783e+01,2.222513e+01,4.748106e+01
6.436598e+00,1.047337e-10,2.230545e+02,7.630497e+00,1.948960e+01,4.593446e+01,3.214132e+00,2.736306e-08,8.683752e+01,6.024245e-06
7.421128e+01,4.779239e-20,2.029669e-04,9.262217e-07,2.257886e-02,1.991510e+02,1.494368e+00,2.923592e-13,3.947826e+01,1.572628e+01
1.043102e+02,1.848597e+01,7.876652e+01,2.096407e+01,2.850356e+01,8.577800e-03,8.542149e+00,5.581078e+00,2.020666e+01,6.249205e+01
1.300327e+01,3.501548e-15,6.541917e+01,1.913950e+00,3.870035e+01,2.123571e+01,3.939144e-07,1.025024e+01,1.074439e+02,4.392700e-05
1.088729e+02,4.689609e+01,5.008450e+00,1.299706e+02,2.572797e+01,1.548241e+01,8.836778e+00,1.611469e+01,2.067191e+01,1.884161e+00
1.286267e+02,6.620403e+01,6.091360e+00,8.747168e+01,1.609715e+01,2.867007e+01,1.429311e-03,3.158715e+01,1.421891e+00,1.013724e+01
6.123342e+01,4.855952e+01,1.496075e-01,1.038148e+02,5.544156e+01,1.138249e+01,6.674930e+00,7.509635e+00,2.562214e+01,1.573557e+01
4.922798e+01,6.860739e+01,6.402897e+00,7.105744e+01,4.853461e-04,2.494665e+01,5.622286e-02,3.055300e+01,3.200556e+01,2.420756e+01
1.039145e+02,1.064700e+01,1.029715e+02,4.157837e+00,3.240423e+01,9.905600e-01,1.728581e+01,6.059799e-07,5.141472e+01,1.414071e+00
1.141376e+02,4.696459e+01,1.984475e+00,7.121767e+01,2.379396e+01,2.669019e+01,5.942068e-02,1.041807e+01,2.101438e-01,1.864818e-01
1.210352e+02,1.197490e+01,1.057837e+00,4.291384e+01,4.749627e-03,1.086727e+01,1.430333e+02,1.456542e+01,8.663903e-01,3.078326e+01
6.807880e+01,1.184710e-02,5.101285e+01,3.399982e+01,2.253960e+01,8.850290e+00,1.799059e+00,2.162006e+00,5.602543e+01,4.890407e+01
7.734894e+01,8.886846e-01,4.540331e+01,6.042980e+01,5.228623e+00,1.323549e+00,3.704161e+01,1.236614e-01,6.178885e-01,3.396494e+01
1.195621e+02,1.494559e+01,2.847597e+00,2.433243e+01,1.372948e+01,2.707895e+01,1.795592e+01,8.845734e+00,5.018471e+01,1.141021e+01
1.057650e+02,5.184060e+01,2.146075e+01,4.122530e+01,3.993458e+01,1.709526e+01,1.127790e+00,5.646151e+01,2.083577e+01,2.048039e-01
8.219437e+01,7.055098e-01,8.075369e+01,1.494262e+01,7.497724e+00,1.047444e+01,4.098352e+00,1.167877e+01,9.158064e-01,3.410531e+01
4.742885e-01,4.278788e-02,1.622094e+02,4.008228e+00,1.816436e+01,5.260463e+00,9.496348e+00,9.578698e-01,3.723168e+01,2.770257e+01
4.515741e+01,2.268884e+01,1.753792e+00,8.692167e+01,2.180954e+01,6.549446e+01,3.059433e+00,6.426121e+00,4.231415e+00,2.489891e-01
1.020395e+02,6.693015e+01,5.050119e+00,4.877599e+01,2.113084e+01,2.907844e+01,1.666858e+00,1.890594e+01,8.003361e-01,4.670580e+00
5.928305e+01,1.120772e+02,2.538770e+01,4.743108e+01,4.243686e+01,3.784005e+01,3.831843e+00,5.324065e+00,3.309751e-02,1.209438e-07
1.235193e+02,1.495048e-01,6.690002e+00,1.070156e+02,1.111497e+01,2.087259e+01,2.802451e-01,4.855811e-15,4.916558e+00,1.019530e-08
2.129489e+01,2.680188e+00,5.140798e+01,3.623811e+00,1.279594e+01,6.749352e+01,6.534127e+00,6.906772e+00,2.922873e+01,5.051337e+00
7.662272e+01,9.962515e-01,2.374038e+01,6.619665e+01,2.146006e+01,2.671507e+01,8.717367e+00,9.169702e+00,3.825714e+01,2.511971e+01
2.962949e+01,3.514183e-01,1.911767e+01,7.324058e+00,1.896914e+01,2.738311e+01,2.865148e+00,7.700030e+00,7.882139e+01,2.612261e+01
9.608590e+01,2.339407e+01,4.342691e+01,1.036075e+01,1.723187e+01,5.712815e+00,1.367100e+00,2.055578e+00,3.236185e+01,1.873433e+01
9.026798e+01,6.927858e+01,2.263680e-01,1.381100e+01,9.878901e+00,2.049746e+01,6.096958e-03,4.649072e+01,8.018804e+00,1.626397e+01
1.281316e+02,6.373575e+01,4.801432e+01,9.234374e+01,4.058796e+01,5.235734e-03,1.816235e+01,3.214241e+01,5.908860e+01,5.359833e+01
4.977792e+01,6.221315e+01,1.378407e+01,6.991941e+01,1.019747e+01,2.746455e+01,5.401691e-06,2.177166e+01,1.883504e+01,3.059637e-08
5.493319e+01,1.123293e-05,8.538855e+00,2.744359e+01,1.612036e-02,7.106570e+01,8.790087e+01,5.710330e-07,8.780562e+01,3.387515e+00
6.336355e-01,3.728341e-18,7.325019e+01,3.095530e-05,1.893375e+01,8.416648e+00,5.945695e+01,5.048399e+00,1.159432e+02,3.863102e+01
1.471238e+02,8.603825e-16,5.910728e+01,9.157781e+00,2.142454e-11,2.453695e+01,5.904624e+00,3.215401e+00,3.404154e+01,4.305178e-04
6.159899e+01,1.344303e+00,9.555732e+01,4.240315e+01,3.332844e+01,1.960274e+01,1.502814e+01,1.495293e+01,4.794399e+00,1.047211e-14
8.120158e+01,2.932961e+01,5.604736e+00,9.231379e+01,2.366290e+01,1.017970e+01,1.602104e+00,4.715565e+00,1.341752e+01,9.363856e+00
6.426090e+01,1.978188e+00,8.931283e+01,7.292616e+01,3.484853e+01,3.087024e-06,4.831247e-04,1.486094e+01,2.937687e+01,1.351051e+00
1.353902e+02,1.091547e+00,2.803952e+01,6.362538e+00,1.349810e+01,7.140160e+00,1.138154e+02,1.824051e+00,2.964890e+00,5.278389e-04
9.192658e+01,4.046826e-02,9.480951e+01,3.452062e+01,1.270954e+01,2.766804e+01,2.588903e-01,8.559595e-01,3.131092e+00,4.975312e+01
8.621422e+01,3.378476e+01,1.275545e+00,7.845766e+01,2.546244e+01,9.115911e+00,1.332615e+01,1.714973e+01,1.552849e+01,1.937571e+01
1.193285e+02,1.287522e+01,3.526486e+00,2.740091e+01,4.027925e-04,1.100137e+00,9.529572e+01,6.955799e+00,3.466888e+01,4.440238e+01
8.705894e+01,9.727776e+00,2.763029e+01,8.691495e+01,1.416135e+01,5.688699e+00,1.840595e-04,7.012980e-01,2.246109e+01,1.441944e-01
1.094949e+02,1.542478e+01,7.845481e+01,1.302407e+01,1.315968e+01,1.850818e-06,5.462922e-06,8.538860e+00,6.958640e+01,7.153729e+01
1.130640e+02,2.192311e+01,8.072628e+01,1.727688e+01,2.484262e+01,1.922304e+01,4.639950e+01,5.231339e+00,1.067104e+01,2.749889e+01
8.545831e+01,4.602886e+00,4.006266e+01,2.578161e+01,2.512682e+01,8.034015e-06,1.075721e-03,1.134263e+01,7.740625e+01,3.297443e+01
2.231020e+00,7.497610e+00,8.336729e-01,2.388692e+00,1.052240e+01,6.382683e+00,9.836424e-08,2.982962e+00,1.043115e+02,7.065678e+01
6.623116e+01,3.372904e+00,5.679095e+00,2.957891e+01,1.202496e+01,8.542516e-03,6.424703e+01,3.935980e+00,6.379623e+01,1.592249e+01
1.054012e+02,3.852981e-02,7.046415e+01,2.433714e+00,3.966966e+01,7.276303e+00,2.114978e+00,1.413789e+01,2.801923e+01,3.942692e-01
1.086118e+02,1.715134e-04,1.992802e+00,1.351608e+02,3.223340e+01,1.841554e+01,6.365158e-01,3.547047e-12,1.480496e+01,2.935397e+00
5.905400e+01,1.283133e+01,3.434191e+01,5.116171e+01,2.660153e+00,4.130098e-01,2.306328e+01,1.374101e+01,1.799126e+01,9.288182e+00
7.791526e+01,2.711920e+01,7.843607e-01,8.645275e+01,2.401101e+01,5.699923e+00,1.790807e-02,3.079127e+00,6.758177e+00,5.905901e+00
1.339953e+02,8.178975e+01,3.885812e-01,6.459511e+01,3.979331e+01,2.288958e+01,5.309173e+00,2.663867e+01,7.985803e+00,1.018427e+00
6.252382e+01,5.152024e+01,5.119751e-05,2.600398e+01,3.647343e+01,4.155835e+01,9.086177e-02,1.565290e+00,7.017225e+00,7.150195e+00
3.271913e+01,2.107665e-01,6.737840e+01,3.654380e+00,1.086580e+01,5.234448e+01,1.093729e-02,1.391887e+01,5.423298e+01,3.014747e-06
8.332744e+01,3.744088e+01,1.913303e+01,4.826035e+01,1.783458e+01,2.141758e+01,8.533033e-01,1.371392e+01,1.902314e+01,7.512058e-02
1.199435e+02,9.118072e-07,8.689351e+01,2.062991e-12,1.397119e+01,1.219974e+01,4.653769e-04,7.858391e+00,3.589137e+01,2.972481e+01
8.401031e+01,1.424858e+01,2.552953e-04,5.941629e+01,6.476704e+00,5.454920e+01,3.438494e+00,1.470210e+00,1.546130e+01,7.700821e-02
9.266552e+01,1.961312e+01,6.150612e-05,7.530541e+01,1.009786e+01,1.907626e-03,2.696489e+01,1.164854e+01,1.154605e+01,9.634434e+00
7.312857e+01,6.873910e+00,2.092237e+01,1.044363e+01,5.132568e-05,9.379162e-03,2.422947e-01,2.365585e+01,2.633261e+01,6.673712e+01
7.430899e+01,1.469332e+01,9.572950e+01,2.275971e+00,3.821893e-04,2.143142e-01,1.103440e+01,1.000946e+01,1.278294e+01,9.363584e+01
5.767075e+01,2.595628e+01,8.495403e-02,4.843970e+01,9.639757e+00,1.850845e+01,4.645541e+00,8.578286e+00,1.844576e+01,4.213549e+00
9.814208e+01,2.817522e-01,4.521882e+01,1.835103e+01,7.785959e+01,2.833112e+01,5.304511e-06,3.371707e+01,5.437486e+01,8.902573e-05
1.986668e+01,2.479609e+01,2.873547e-07,1.629286e-04,2.385739e+01,4.204748e+01,2.774782e-01,9.939739e-01,8.263898e+01,5.178266e+01
1.317511e+02,1.003638e+01,9.324553e+01,1.974745e+01,2.014157e+01,1.067484e-03,9.616992e-01,1.539149e+00,2.685919e+01,3.234617e+01
1.313978e+02,2.695739e+01,8.599857e-05,1.005363e+02,3.757922e+01,7.223357e+01,5.427261e-04,2.080607e-06,4.457801e+01,4.631568e+00
3.905260e+01,4.869469e+00,8.718336e+01,5.532837e-10,3.543598e+01,4.849830e+01,3.410222e+01,9.218374e+00,1.675788e+01,4.108411e+00
4.701356e+01,6.437768e+00,7.505968e+00,1.802195e+01,1.467515e+01,9.504374e+01,1.603457e+00,1.677036e+00,2.638451e+01,6.660149e+00
8.403359e+01,3.872999e+01,1.873061e-01,1.075566e+02,2.507318e+01,1.561340e+01,1.221079e+01,1.008479e+01,5.147902e-01,2.954678e+00
1.040130e+02,1.413039e+00,5.613275e+01,3.203056e+01,4.029768e+01,4.524141e+01,7.161336e-03,9.227457e-01,1.654355e+01,7.606222e-12
7.166608e+01,1.570689e+00,1.057270e+02,4.818456e+00,1.468916e+01,2.980397e+01,6.177990e+00,4.371603e+00,7.923639e+00,3.730965e+01
8.909202e+01,3.671713e+01,9.795997e+00,1.444106e+02,3.142061e+01,1.596374e+01,2.235796e-01,4.989620e+00,8.995552e+00,3.666182e+00
1.313217e+02,3.516071e-03,9.799654e+01,5.389041e+01,2.457547e-09,9.966713e+00,1.264319e+01,3.550209e-13,6.438151e-03,3.301696e+01
4.472313e+01,1.576982e+00,9.475346e+01,5.642145e+00,2.911960e+01,3.387405e+01,9.861291e-04,1.338286e+01,5.063733e+01,6.756120e-05
6.365897e+01,1.236599e+00,6.113661e+01,2.990089e+01,1.143753e+01,7.840657e-01,1.451822e+01,1.473176e-02,7.465009e+01,1.143202e+01
3.618838e+01,3.315546e-22,1.779330e+01,7.821650e+00,4.303091e+00,6.542838e+01,1.241766e+01,9.059191e-10,5.554793e+01,2.767615e+01
1.527379e+02,8.369567e+01,6.172647e+00,7.831789e+01,1.997620e+01,2.193223e+01,1.634779e-05,3.266657e+01,1.000101e+00,1.240149e-03
7.791747e+01,4.085272e+01,5.856040e+00,2.955148e-01,3.552453e+01,8.505071e+01,4.929819e-01,4.295867e+00,5.462997e+01,1.206681e+01
1.281213e+01,1.420653e+00,4.562088e-03,1.858705e-09,1.322970e+01,1.796156e+02,1.422728e+00,1.815269e-01,1.053516e+02,4.240583e+01
2.271462e+01,4.226059e+00,1.517133e-01,1.200859e+01,2.891509e+01,3.012289e+00,2.031712e+00,4.319328e+01,8.788246e+01,2.466931e+01
3.142668e+01,1.888353e+00,6.058705e+01,8.431015e-01,6.158027e+00,9.893060e+01,1.097062e+01,2.576277e-01,8.284356e+01,1.261606e+01
1.007195e+02,2.363060e+01,1.519573e+00,1.089061e+02,2.967858e+01,2.723117e+01,4.159260e-02,1.969265e+00,3.575270e+00,2.476064e-03
1.527228e+02,1.074193e+01,5.032696e+01,2.375622e+01,2.841184e+01,1.069638e-05,6.871192e+01,1.987251e+01,2.437181e+01,1.194215e-05
1.190714e+02,1.352341e+01,7.423365e+01,4.582320e+01,2.258140e+01,8.795552e+00,1.925658e+01,8.057868e-02,2.767051e-04,2.840258e+01
1.147764e+01,6.384097e-04,5.796861e+01,7.144621e+00,2.867624e+01,3.782183e+01,2.778254e+00,1.630818e+01,9.649245e+01,1.187726e+01
4.251806e+01,7.611089e+00,6.131308e+01,4.158976e+00,3.784401e+01,2.620989e+01,2.996258e+00,1.656470e+01,7.868576e+01,1.620942e-04
1.286800e+02,1.422915e+01,1.322033e+02,2.735252e+01,2.014049e+01,4.499212e-01,2.529256e+01,1.656090e+01,1.320318e+00,7.992307e+01
7.080410e+01,2.531791e+01,7.755482e+00,1.335616e+02,2.610613e+01,1.488990e+01,1.762004e-04,8.208414e-01,1.337030e+01,4.875790e+00
4.763904e+01,5.775657e-13,1.265199e+02,1.530123e-19,9.907507e+00,1.663170e+01,9.876277e+00,6.723218e-01,1.881913e+01,3.178837e+01
1.451355e+02,2.188922e+00,5.089584e+01,1.081579e+02,1.637118e-03,1.593688e+01,1.804828e+01,1.497839e-06,5.668655e+00,4.311515e+01
7.329259e+01,5.809894e+01,1.153209e+01,7.324971e+01,1.545183e+01,1.609106e+01,3.360025e-03,1.596915e+01,2.917969e-01,1.016150e-04
1.041323e+02,3.861623e+01,6.455678e+00,7.476915e+01,2.470487e+01,1.142789e+01,6.699903e-04,7.523760e+00,7.727438e-02,1.953345e+00
1.493283e+02,4.508222e+01,1.756855e-11,1.628841e+01,2.668112e-11,5.368338e+00,5.310825e+01,2.694481e+01,2.017536e+01,1.100159e+01
7.354533e+01,1.062416e+01,8.397646e+01,3.498846e+01,2.003848e+01,2.827969e+01,4.758362e-05,1.897048e+01,6.800498e+00,1.806610e+01
7.607734e+01,1.807233e+01,3.518675e+01,5.097495e+01,1.558320e+01,1.317553e-05,4.233817e+00,2.268705e+01,6.269886e+01,4.191509e+01
8.201132e+01,1.061548e+01,8.227011e-01,4.612371e+01,4.843052e+00,3.220539e+00,8.150839e+01,1.162907e+01,3.553936e+00,2.380795e+01
8.804233e+01,2.368027e+01,6.964684e+01,4.672089e-02,3.515160e+01,9.890824e+01,7.084038e+00,5.758169e+00,5.507466e+01,3.992013e-08
5.489488e+01,5.822069e+00,8.142463e+01,4.243152e+01,3.318350e+01,1.307053e+01,3.480895e-01,1.087607e+01,1.916401e+01,5.379351e+01
7.434956e+01,1.664183e+01,4.009018e+01,2.082489e+01,2.166004e+01,7.629095e-05,2.545554e-04,1.512079e+01,4.243967e+01,3.566304e+01
2.584480e+01,3.784437e-03,2.930660e-01,6.286101e+00,2.101183e+01,6.319398e+01,4.411787e-03,4.870321e+00,7.487628e+01,6.118955e+00
1.235745e+02,6.381423e+00,3.492568e+01,4.790171e+01,4.198934e+00,1.330650e+01,1.792239e+00,1.795203e-11,2.540397e+01,3.627381e+01
1.104716e+02,9.255900e+01,5.037524e+00,4.589355e+01,2.369905e+01,7.201550e+00,3.871759e-02,2.428858e+01,6.558345e+00,3.933326e+00
2.389191e+02,6.230012e+01,6.704317e+00,4.250383e+01,1.908653e-01,6.745766e+00,4.515018e-02,3.387110e+01,1.942054e+01,5.840120e-11
6.374871e+01,3.578404e+01,7.252240e-02,6.834418e+01,2.509775e+01,2.381951e+01,7.595460e-01,2.364181e+01,8.376309e+00,1.582423e+00
7.649571e+01,8.001833e+00,4.970971e+00,3.886162e+01,6.054049e+00,1.158963e+01,4.373950e-01,2.717455e-10,6.544388e+01,2.702987e+01
5.949974e+01,5.153119e+00,1.590955e+02,5.999047e+00,1.201526e+01,1.830630e+01,3.065675e+00,7.978047e+00,5.172405e+00,4.132657e+01
8.284827e+01,7.987482e+01,1.101748e-04,2.416621e+00,9.532601e+00,4.552138e+01,9.532855e+01,5.710773e-01,4.272716e+00,2.915961e-05
8.954686e+01,2.817007e+00,2.866174e+01,3.871280e+01,3.007366e+01,1.645261e+01,6.485342e+00,7.551455e+00,8.071810e+01,6.562247e+01
2.737158e+01,1.113252e+01,5.860906e+01,3.750036e+00,6.867123e+01,4.886386e+01,7.142450e-03,1.152573e+01,3.466946e+01,2.563839e-13
1.199726e+02,1.118524e+02,2.815580e+00,3.629249e+01,3.560619e+01,1.125878e+01,1.941061e-03,4.806472e+01,2.570694e-03,4.120140e-01
4.734368e+01,4.442763e+00,6.327975e+01,4.658820e+01,3.656303e+01,5.015442e-01,2.809296e-05,1.223787e+01,1.457934e+01,3.193376e+00
4.998317e+01,2.794191e+01,6.598959e-01,3.145716e+01,1.284192e+01,1.257493e+02,4.587696e+00,1.868136e-07,2.061136e+00,1.047482e-06
8.666726e+01,4.745580e+01,3.335327e+00,1.100786e+02,2.653028e+01,7.194345e+00,1.311910e+00,1.195287e+01,2.247326e+01,2.353342e+01
3.993232e+01,1.084115e+01,9.145067e+01,7.904424e+01,2.791131e+00,1.806470e+01,9.513223e+00,7.386859e-04,5.760310e+01,2.827726e+01
1.072276e+02,8.551232e+00,1.061717e+02,3.545514e+01,7.518942e-03,1.413569e-01,4.728303e+00,4.151301e+00,2.777077e-01,6.899203e+01
1.625677e+02,3.383573e+01,5.358112e+00,1.105261e+02,2.098850e+01,3.002285e+00,5.430658e-03,1.541309e-06,9.523172e+00,2.834786e-08
6.407356e+01,1.926684e+01,7.727722e-01,2.878668e+01,1.056042e-05,2.060302e-04,1.689583e+02,2.796039e-01,3.097120e+01,2.686088e+01
1.171162e+02,1.320550e+01,3.876352e+01,2.548662e+01,2.701461e+00,2.403379e-03,3.986095e+01,8.935663e+00,6.787196e+01,5.371982e+01
6.526907e+01,1.760468e+01,1.510972e+01,5.056661e+01,3.831815e+01,7.546291e-01,1.728329e+00,3.695469e+01,5.765414e+01,5.278539e+01
8.350995e+01,5.129731e+01,1.227223e+01,1.299206e+02,5.810414e+01,8.991420e+00,2.279119e-03,8.950870e+00,3.288441e+01,1.617889e+00
1.569648e+02,4.224416e-05,1.097592e+02,4.029109e+01,1.385686e+01,8.775140e-01,4.892613e-01,5.592296e-06,4.526132e+00,4.314726e+01
1.334523e+02,4.707777e+00,8.087130e+01,9.871598e+01,3.824733e+01,8.745937e-05,2.175356e+01,5.303306e-02,3.932858e+01,1.166928e+01
5.172821e+01,7.855690e+00,3.946087e-09,7.285283e+01,1.680322e+01,2.744900e+01,1.779446e+01,2.948881e-13,8.038475e+01,3.710061e+01
1.404218e+02,7.028494e+01,2.039284e+00,9.612729e+01,2.037182e+01,4.034433e-01,1.183121e-01,4.531457e+01,2.439754e+00,1.204093e+01
1.125807e+02,2.964056e+01,6.295405e+01,6.404888e+01,6.834754e-01,9.103832e-04,1.381115e+01,1.425748e+01,3.541876e+00,6.607695e+01
1.063587e+02,8.581984e+00,4.119431e+01,6.282156e+01,2.086007e+00,2.168156e-06,9.157245e-04,5.122792e+00,2.714478e+01,4.894635e+01
1.622197e-03,7.478220e-01,1.139818e+02,4.776147e-10,2.300932e+01,3.666663e-04,4.762736e-08,8.304671e+00,4.944296e+01,5.122951e+01
1.136568e+02,4.533302e+01,5.364713e+00,1.134252e+02,3.054661e+01,3.714305e-02,2.578840e-05,7.523696e+00,7.301683e+00,5.565427e-03
6.247722e+01,1.139571e+01,8.866972e+01,3.615771e+01,1.265897e+01,2.464384e-03,1.788642e+00,7.125173e-01,8.987003e+00,4.530985e+01
7.260884e+01,5.538616e+01,1.171715e+00,9.082967e+01,3.160135e+01,3.323909e+01,7.789333e+00,1.075799e+01,6.572481e+00,6.181638e-02
4.818192e+01,7.123551e+00,5.431693e+01,6.302699e+01,3.566852e-02,3.662633e+00,2.369846e-03,2.740804e+01,1.216369e+02,4.154232e+01
5.359737e+01,1.573032e+00,7.154715e+01,5.562986e+01,3.528771e+01,2.987964e+01,6.740124e+00,3.556540e+00,3.290136e+01,4.003159e-04
7.487282e+01,1.557253e+01,1.431236e+01,4.147824e+01,1.358893e+01,5.165317e+01,2.261334e-02,2.680608e+01,1.264648e+01,2.324330e+01
1.024005e+02,6.026223e+00,4.580318e+01,8.721065e+00,3.111732e+01,2.736578e+01,2.161704e+00,1.415021e+01,2.838416e+01,1.086703e-01
1.487279e+02,2.662106e+00,9.727213e+01,2.043374e+01,1.430590e-06,1.193230e+01,9.572117e-02,2.625849e+00,1.291289e+01,2.239334e+01
9.516153e+01,1.373748e+01,4.588320e+01,2.188739e+01,3.054904e+00,8.739963e-05,1.234196e+01,1.339814e+01,3.418204e+01,5.625724e+01
6.497350e+01,4.418486e+00,4.262279e+01,6.328791e+01,4.275594e+00,2.344083e+00,1.456686e+00,2.444045e+01,2.661846e+01,8.745277e+01
8.208886e+01,1.946138e-04,8.740458e+01,2.110340e+01,2.628904e+01,9.679037e+00,3.488403e-05,7.709959e+00,2.633555e+01,5.056199e+01
1.251364e+02,4.347255e+01,8.364118e-04,8.497825e+01,2.517929e+01,8.130038e+00,6.343019e-02,1.495961e+01,4.705423e+00,1.128494e+01
1.566220e+02,6.220566e+00,6.831814e+01,2.054512e+01,1.251244e+01,1.201099e+01,6.074513e-02,5.118502e+00,1.940097e-01,3.951218e+01
5.360162e+01,2.104831e+01,5.199620e+01,2.183239e+01,2.002279e-10,1.988191e-09,5.249669e+00,3.529216e+00,7.865396e+01,3.525657e+01
1.049714e+02,1.986931e+01,1.326441e+01,3.886677e+01,1.575659e+01,5.942963e-06,5.338545e+00,4.943037e+01,2.144937e+01,2.243474e+01
1.148952e+02,9.501526e+00,2.910869e-01,6.309477e+00,2.608180e-07,5.399523e-04,4.905967e+01,3.373938e+00,6.959129e+01,3.855302e+01
7.881869e+01,3.047131e+00,9.228772e+01,7.209517e-08,2.792146e+00,1.696470e+01,1.392359e-02,5.849294e+00,1.139614e+02,2.204247e+01
9.936476e+01,8.226566e+00,1.270785e+02,1.008323e+01,1.085919e-19,3.959976e+01,7.556277e+01,1.415837e+00,1.617493e+00,1.407459e+00
1.376093e+02,6.405280e+00,8.218981e+01,2.012926e+01,7.300477e+00,1.487037e+01,1.438133e-01,1.526680e+01,1.114474e+01,1.333759e+01
4.241700e+01,3.411468e+01,7.870519e-02,9.509136e+00,6.349441e+01,9.039790e+01,1.831492e+01,7.213649e-01,6.017326e+00,4.186829e-01
1.502719e+02,3.774221e-17,8.898207e+01,3.053272e+01,2.366421e+01,3.010226e+01,2.292351e+01,5.446886e-15,1.767496e+01,8.319624e+00
6.459576e+01,4.446801e+01,3.585964e+01,8.763026e+01,2.212267e+01,4.867353e+00,1.901701e-03,1.814134e+01,1.685206e+01,4.891166e+00
7.814218e+01,4.920446e+01,4.844456e+00,9.979308e+00,5.203020e+01,1.205218e+02,4.906774e-03,2.821899e+01,2.844707e+01,1.222776e-01
4.994490e+01,9.884847e+00,3.630604e-07,6.971017e-01,3.408609e-01,2.721177e+01,7.186768e+01,5.113373e+01,5.343873e+01,1.564342e+01
5.027499e+01,3.350707e+01,4.009003e+01,6.699931e+01,3.869150e+00,2.069340e+01,3.931521e+01,2.600158e+01,2.037025e-01,4.404080e+00
6.162395e+01,1.751622e-08,1.866370e+02,3.307586e+01,7.987453e+01,2.431895e+01,1.704273e+01,2.481023e+00,8.530766e-02,4.070633e+01
7.499421e+01,1.022693e+01,3.749797e+01,2.324757e+01,5.777457e+01,1.116554e+01,1.170763e+01,1.823266e+01,1.169334e+02,1.172866e+01
2.119534e+02,1.097790e+02,1.224061e+01,2.074938e+02,1.086239e+02,1.868621e+01,1.808214e-01,7.438524e+01,2.851095e+01,8.029731e+00
1.267910e+02,3.531629e-07,1.565464e+02,3.209004e+01,6.574905e+01,3.879023e+00,4.518031e+00,5.705381e+00,1.078826e+01,3.824209e+01
3.476133e+01,4.788599e+01,6.694610e+01,2.917648e+01,4.796714e+01,1.164349e-15,9.129639e-07,2.114414e+01,1.935078e+01,4.000160e+01
3.618383e+01,2.934577e+01,8.706982e+01,5.308376e+01,2.103950e+01,1.347628e+01,1.468069e+02,1.195607e+01,2.633064e+01,1.325532e+00
2.812146e+00,5.824270e+00,1.113791e+02,2.879929e-24,2.645497e+01,5.170320e+01,1.242184e+02,1.664539e+00,4.876608e+01,5.469468e+01
8.849436e+01,9.564126e+00,1.048993e+02,3.619046e+01,4.254013e+01,1.115293e-02,1.106235e+01,2.808346e+01,1.584875e+01,1.068871e+01
9.296895e+01,4.262549e+01,2.044059e+02,4.405398e+01,3.275337e-04,1.817430e-03,4.827008e+00,3.739764e+00,1.973066e+01,6.394433e+01
7.724374e+01,4.404545e+00,1.569270e+02,3.902366e+01,9.735179e+00,1.449591e+00,4.124611e-01,8.643645e+00,4.515517e+00,2.921097e+01
9.032067e+01,2.019573e+01,2.310893e+01,4.083038e+01,2.459058e+01,1.382058e+01,1.675752e+01,1.285136e+01,2.303263e-06,6.871527e-06
7.151906e+01,2.500045e+00,7.137278e+01,4.399260e+01,6.853067e+01,1.462570e-05,1.484400e-07,2.817113e+01,5.164703e+01,1.517883e+00
1.455085e+02,9.202837e-01,1.452825e+02,5.963596e+00,1.006889e+02,1.258143e+01,2.820519e+01,1.239587e+01,5.932919e+01,1.591838e-05
7.795052e+01,5.935314e+01,1.054557e+01,7.705602e+01,4.092530e+01,1.203632e+01,1.520348e+01,2.665646e+00,3.997303e+00,1.707756e+01
7.779852e+01,5.300800e+01,6.412939e+01,1.359154e+01,1.157157e-10,3.751156e+00,7.171749e-01,2.532787e+01,3.901658e+01,8.330415e+01
1.997166e+01,7.478721e+00,3.985309e+01,1.404189e+01,6.406923e+01,6.994938e+01,7.555804e+00,8.042202e-01,3.812106e+01,7.739760e-08
1.458969e+02,1.658616e+01,5.098717e+01,5.379083e+01,3.355783e+01,3.369404e+00,5.183998e+00,2.456291e+01,7.968365e+01,1.913321e+01
1.168732e+02,2.044827e+00,4.504705e+01,2.394431e+00,3.495057e-06,7.636071e+00,9.504479e-01,4.654646e+00,1.223125e+02,3.295666e+01
9.695523e+01,2.887852e+01,6.271597e+01,1.492965e+01,5.197698e+01,5.340511e+01,7.212145e+01,5.082858e+00,3.685986e+01,3.932663e+01
5.151573e+01,2.363484e+01,6.804715e+01,4.957364e+01,1.527806e-04,6.608398e-01,1.426721e+02,1.802305e+00,5.367785e-07,1.192830e+01
4.891504e+01,3.135664e+00,6.845925e+01,4.736573e+00,1.317502e+01,3.016962e-03,4.826162e+00,3.233234e+00,8.040223e+00,4.245154e+01
1.072638e+02,4.537047e+01,8.760682e+01,4.769730e+01,1.478650e+01,1.611524e-02,8.787489e+00,4.591430e+01,1.708695e-02,7.138665e+01
9.631375e+01,5.741926e+01,4.939077e+00,4.453145e+01,2.671996e+01,1.570589e+01,5.708665e-05,1.686279e+01,3.336234e+00,5.594514e-02
4.931434e+01,4.299256e+00,8.613227e+00,2.494593e+01,5.024446e+01,8.056564e-01,9.156249e-05,5.641589e+00,2.069269e+02,6.074659e+01
1.008303e+02,1.750410e+01,1.261631e+02,4.867453e+01,2.798707e+01,1.954949e-09,4.179009e-01,7.133385e+00,7.607360e-01,3.676383e+01
8.652416e+01,1.772086e-18,1.744854e+02,1.716233e-17,2.868146e+01,2.815524e+01,8.370222e-04,3.202694e+00,3.746660e+01,6.700206e+01
8.682512e+01,2.695792e-03,5.493675e+01,6.002337e-01,1.030982e+01,4.606626e+01,4.906459e+00,3.073776e-01,4.967545e+01,1.146017e+00
7.525106e+01,5.188106e+01,8.185570e+00,5.498808e+01,3.344948e+01,9.642211e+00,1.326051e+00,3.549805e+01,2.529264e+01,1.315245e+01
2.414984e+01,2.561628e+01,1.489261e+01,1.176965e+01,4.741223e+01,5.218614e+01,5.289520e+00,2.544326e+00,4.720450e+00,1.825369e+00
1.065013e+02,5.157495e+00,8.026480e+01,1.766999e+01,1.041920e+01,2.401449e+00,2.076340e+00,2.743452e+00,1.459237e+02,8.272992e+01
1.096021e+02,4.187695e+01,9.539609e+00,1.276752e+02,2.775495e+01,1.463930e+01,2.699319e-05,1.260704e+01,2.504676e+00,1.591349e+00
7.642339e+01,3.103857e+01,2.999720e+00,5.322535e+01,3.747844e+01,4.028914e+01,1.482797e+00,1.078645e+00,5.509281e-01,9.598609e-04
3.988579e+01,1.772789e+01,1.404693e+02,5.712745e+00,1.736843e+01,2.578979e-03,6.004049e-01,1.614574e+01,2.503086e+01,4.584984e+01
1.106877e+02,6.463526e+01,6.224341e+00,5.973638e+01,2.658746e+01,1.409748e-01,1.617611e-03,1.022013e+01,2.635202e+00,1.448957e+01
7.039954e+01,1.286792e+01,1.951234e+00,5.675094e+01,1.704069e+01,1.380777e+02,5.092467e+00,2.749889e+00,5.874731e+01,1.715210e+01
2.257363e-04,6.399111e-35,1.135234e+02,2.459077e-31,1.342233e+01,3.289092e+01,1.867871e-05,4.764256e-11,1.566326e+02,6.054519e+01
8.421840e+01,2.041315e-10,1.350312e+01,8.858826e+01,1.669737e+01,3.887670e+01,2.390165e+00,2.517075e-06,7.996806e+01,2.187992e+01
5.106801e+01,3.800464e+00,1.067819e+02,3.057853e+00,1.435830e+01,1.152690e-01,1.158036e+00,9.457077e+00,9.291521e-01,4.271037e+01
8.782374e+01,8.133880e+00,6.002322e+01,1.431155e+01,3.072609e+01,6.504291e-01,1.089041e+00,1.016631e+01,4.462317e+00,3.599007e+01
9.329803e+01,3.957881e+01,1.241853e+02,2.209155e-01,3.619529e+01,4.227189e+01,2.304196e+01,3.166296e+01,3.105412e-01,5.691757e+01
6.505960e+01,6.460306e+01,1.825950e+01,6.513521e+01,3.131025e+01,2.249189e+01,6.266072e-03,1.503327e+01,1.074600e-04,1.288454e+00
3.337986e+01,2.977992e+01,1.973167e+01,1.950101e+01,2.959412e+01,1.165780e+01,1.054976e+01,3.151473e+01,1.895089e-04,1.085377e+01
6.767044e+01,1.059785e+00,5.258350e+01,2.081788e+00,6.006714e+01,5.444697e+00,5.849792e-08,4.257843e+01,2.236858e+01,7.917473e+00
5.941262e+01,2.118483e+01,1.082448e+00,6.701511e+01,3.900690e+01,1.367535e+01,7.584023e-05,8.137448e+00,8.037976e-04,3.220517e+00
3.140119e+01,2.422962e+01,1.572557e-04,1.291884e+01,2.619003e+01,2.245628e+01,1.935738e-01,3.676461e+01,1.441938e+00,1.635133e+01
1.632599e+02,4.983818e+01,4.519175e-02,8.604256e+01,1.182108e+01,1.992883e+01,6.495073e-03,3.689184e+01,1.499582e+01,5.492354e+00
1.057795e+02,4.440711e+00,6.176224e+01,1.856227e+01,4.161737e+01,1.335670e+01,1.212679e+01,2.003005e+00,3.592062e+01,4.462899e-01
2.100389e+01,8.671198e+00,1.130623e+01,1.125388e+01,7.009795e+01,1.779990e+00,6.572919e+01,4.873259e+00,1.320146e+02,5.589708e-01
3.399048e+01,2.949889e+01,2.079320e+01,4.875991e+00,4.682883e+01,3.097721e+01,5.302708e-01,2.137595e+00,2.598365e-05,1.004508e+01
8.149888e+01,1.470786e+01,6.810341e+01,2.065486e+01,4.992601e+01,9.459286e-04,6.831431e-01,1.340460e+01,3.954888e+01,1.595680e+01
3.273055e+01,4.438169e-25,4.147371e+01,6.957250e-03,4.352364e+00,9.533801e+01,1.724841e+01,5.888859e-15,4.714729e+01,3.361299e+00
7.979455e+01,4.241648e+01,1.818416e+01,1.148594e+02,2.886596e+01,2.780608e-02,6.474156e-01,1.896004e+01,1.946678e+01,1.435704e-01
3.733484e+01,8.392380e-03,9.397887e+01,1.878513e+01,6.279281e+01,1.558662e-01,6.089428e+00,3.620896e+00,2.213986e+01,7.434386e+00
8.498886e+01,2.252831e+01,9.271036e+01,2.413740e+01,5.277248e+01,1.122879e+01,1.543837e+01,5.947464e+01,4.862277e+00,1.160183e+01
1.613557e+02,8.529601e+01,6.392290e+00,8.997266e+01,3.930596e+01,2.590516e+01,3.260039e-02,1.825368e+01,1.237088e-04,4.271456e-05
1.076706e+02,1.312558e+01,5.619760e+00,1.513865e+02,3.992130e+01,3.308507e+00,9.424255e+00,4.951097e-02,8.448577e+00,7.439243e-03
4.970411e+01,3.273774e+01,1.278903e+00,4.221242e+01,3.964482e+01,4.773768e+01,2.588103e+00,9.989607e+00,6.745541e+01,4.172554e+01
1.194331e+02,3.976718e+00,1.415103e+02,3.849309e+01,2.294819e+01,1.124730e-10,1.414699e+00,2.750127e+00,3.185657e+01,6.867036e+01
1.134151e+02,6.814171e+01,2.074060e+01,5.116376e-01,2.874804e+01,1.139849e+02,1.354438e+01,7.430351e+00,1.967461e+01,3.198105e+01
6.872285e+01,2.192222e+01,1.490125e+02,1.165491e+01,3.401390e+01,1.597379e+01,1.559334e+01,1.724420e+01,3.742981e-02,4.112964e+01
4.284550e+01,1.456188e+01,5.205234e+01,1.832245e+01,3.339484e+01,8.254660e-04,7.709420e-03,2.264601e+01,4.983704e+00,2.624292e+01
5.332277e+01,1.670674e+01,2.734095e-08,8.152334e+01,2.727626e+01,2.525319e+01,2.608638e+01,2.919405e+00,7.738366e+00,2.550522e+01
2.013315e+02,1.105448e+01,1.984992e+02,2.219166e-07,9.327807e+00,9.168171e+00,2.181770e-02,6.375375e+00,1.189120e+01,5.071343e+01
3.249526e+01,2.534195e-02,3.085173e+01,1.733617e+01,1.866109e+01,3.818537e+01,3.682299e+01,1.007164e-10,4.558813e+01,3.846571e+01
4.526799e+01,1.334844e+01,6.585758e+00,4.086852e+01,2.732601e+00,3.461917e+00,3.332503e+01,1.766192e+01,1.577404e+02,7.803912e+01
6.871244e+01,4.285581e+01,2.947864e+00,7.171376e+01,3.909824e+01,5.426746e+01,8.396212e-01,3.545462e+01,1.128214e-01,1.901710e+00
3.176877e+01,7.367308e+00,2.079126e-01,7.832391e+01,4.732741e+01,6.030775e+01,3.833312e+00,1.352967e+00,6.486767e+00,1.315008e+01
2.978719e+02,3.360420e+01,1.060927e+02,4.072513e+01,2.535388e+01,1.164448e+00,3.452306e+00,2.982609e+00,7.204957e+00,7.053142e+01
4.904798e+01,1.720593e-06,1.140998e+02,1.597560e+01,2.754809e+01,6.123800e-01,2.043165e-01,1.344605e+01,2.007798e+01,7.196905e+01
1.016783e+02,1.115260e+00,5.688682e+01,2.665924e+01,1.582514e+01,1.231237e+01,1.340470e+01,8.872407e-11,4.876505e+01,6.180236e-02
1.034860e+02,3.999158e+01,8.349393e-02,7.937243e+01,3.387725e+01,1.489480e+01,8.358996e-03,2.967054e+00,5.491503e+00,2.397740e+01
1.112749e+02,2.514422e+01,1.496004e+01,7.344638e+01,3.123424e+01,5.452223e-08,2.480961e+00,3.119042e+01,3.579501e-01,4.919424e+01
5.475060e+01,6.378431e+00,6.949180e+01,3.113845e+01,1.700914e+01,1.742616e+01,1.066789e-02,1.313007e+01,1.469254e-03,4.084497e+01
7.411529e+01,3.887952e+00,2.558255e+01,3.822658e+00,7.355505e+01,6.032594e+01,2.052607e+00,3.145024e+00,3.232843e+01,1.715097e-09
1.886760e+01,1.017412e+01,2.955492e+01,1.406800e+01,3.206656e+01,2.070583e-04,1.117886e+00,2.872899e+01,6.071711e+00,3.853582e+01
8.308826e+01,2.408006e+01,3.167563e+00,3.522776e+01,4.870495e+01,5.932919e+01,2.013627e-05,2.934172e-01,2.616059e+01,1.376425e+01
8.540671e+01,2.250379e-17,1.481942e+00,9.489964e+01,2.533421e+01,1.494481e+01,2.955110e-01,2.931115e-17,1.710038e-01,5.142069e+00
7.774106e+01,1.683520e+00,3.488470e+00,1.477872e+02,5.082912e+01,4.391217e+01,8.499683e+00,1.968858e+00,2.125272e-01,2.403095e+00
1.211476e+02,5.662199e+01,1.210321e-04,3.697867e+01,1.553542e+01,9.369008e-02,1.908636e+01,4.228620e+01,1.873122e+00,9.300324e+00
9.773458e+01,5.134193e-04,7.711451e+01,5.639990e+01,6.058779e+01,3.735409e+01,5.879413e+00,1.578276e+01,5.068993e+00,3.847070e-01
8.612689e+01,1.350444e+01,3.951875e+00,1.230585e+02,2.563181e+01,1.473835e+01,2.553654e-01,5.802253e+00,4.790795e+00,2.979920e+00
6.524933e+01,1.027695e+01,1.289362e+02,2.059505e+01,4.098714e+00,2.570757e+01,3.482593e+00,1.987721e+01,1.009570e-04,2.559223e+01
1.124685e+02,5.377362e+01,3.861771e+00,6.585325e+01,3.350988e+01,2.608727e-01,1.211197e+01,2.250286e+00,2.843262e-01,4.436192e+01
7.648344e+01,5.043606e+01,1.865171e+00,6.036256e+01,3.830947e+01,1.393740e+01,4.259615e-01,2.673859e+01,2.755945e+00,1.602227e-02
9.961435e+01,1.480658e+00,9.457295e+01,3.608773e+01,3.492373e+01,1.155453e+01,4.042002e-02,8.249730e+00,2.459690e+00,3.784911e+01
1.436766e+02,1.575211e+01,5.042491e+01,5.617719e+01,2.850178e+01,2.320985e+01,6.658179e-01,1.905178e-08,8.016482e-01,8.192497e+01
9.014472e+01,5.927947e+00,1.056470e+02,1.966389e+01,7.776764e+01,9.400513e+00,3.070538e+01,1.568714e+01,4.496836e+00,4.411832e-04
1.049884e+02,1.190346e-02,1.492742e+02,9.668789e-01,2.523705e+01,3.634875e+01,4.267586e-01,2.328365e+01,4.221627e-02,4.240997e+01
2.722348e+01,6.192401e+00,3.624196e+01,1.695520e+01,1.534792e+01,5.340134e+01,1.499305e+01,1.960710e+00,7.920384e+01,2.443256e+01
9.333878e+01,3.289701e+01,5.638547e+00,8.997325e+01,3.256583e+01,3.644868e+01,1.156328e+00,1.412003e-02,5.123073e-02,1.056548e+00
1.741545e+02,6.571537e+01,1.829063e-01,6.561683e+01,1.650946e+01,5.255780e+01,1.213893e+01,3.379967e+01,1.369619e+01,1.345178e+01
5.996094e+01,1.670880e-06,1.144156e+02,2.190694e+00,7.889142e+00,7.324778e+00,4.900294e+00,3.483987e+00,2.190155e+01,5.468154e+01
2.608150e+01,1.415055e+01,2.722098e+01,1.288553e+01,4.339089e-01,5.296750e-03,1.501935e+00,6.909614e+00,2.489107e+01,7.818458e+01
5.894035e+01,9.983383e+00,3.089948e+01,5.464397e+01,2.791548e+01,9.308289e+00,1.984461e-01,1.315011e+01,5.437417e-01,1.353127e+01
6.000281e+01,3.659150e+00,1.071259e+02,1.153582e+01,3.808374e+01,6.864389e+00,1.224875e-03,1.320296e+01,2.466917e+01,1.288653e+01
1.460158e+02,2.591790e+01,4.033428e+00,6.196629e+01,4.044325e+01,1.306716e+01,4.510634e+00,7.249519e+00,3.764185e-04,4.459649e+00
9.637641e+01,3.417838e+01,9.998015e-01,7.946185e+01,2.218688e+01,2.539216e+01,6.725845e+00,1.659372e+00,1.151790e+01,1.751543e+00
1.018236e+02,1.600177e+01,7.944974e+01,6.393195e+01,1.497266e+00,1.044966e+00,1.947934e-04,2.943884e+01,3.748620e+01,4.108808e+01
1.618165e+02,4.791977e+01,4.366899e+01,7.154862e-10,2.190936e+01,1.880925e-04,4.231300e+01,4.536177e+01,5.921528e+00,7.440579e+01
4.593965e+01,4.595466e-14,5.745989e+01,1.685783e+01,7.896085e+00,3.220911e-02,2.050609e+01,9.860887e-15,1.311662e+01,2.203700e+01
8.762999e+01,3.752933e+01,1.948725e+01,2.297017e+01,4.532259e-01,3.107354e-03,7.078747e+00,4.765409e+01,6.971466e-04,4.550994e+01
9.015416e+01,1.515085e+01,2.440590e+01,5.275131e+01,3.400463e+01,2.698768e+01,7.293165e+01,1.306318e+01,1.235414e+00,2.925362e+01
1.765490e+02,1.957194e+01,2.768653e+01,4.202050e-01,1.162870e+01,2.354479e+02,3.040062e+01,1.969995e+01,2.528317e+01,6.838973e-07
1.019951e+02,6.774010e+00,9.504992e+01,3.354760e+01,5.120539e+01,1.769528e+00,3.020984e+00,3.447201e+01,1.839745e+01,3.869689e-06
1.462506e+02,8.109902e+00,9.182233e+01,6.169461e+01,2.218714e+01,2.844826e-02,8.804448e+00,2.989195e+01,3.585136e-02,6.119777e+01
1.943898e+02,4.377573e+00,2.961498e+01,7.753974e+00,5.327493e+01,1.512979e+01,6.917444e-05,2.174394e+01,2.791080e+00,5.461002e+01
5.185700e+01,5.007523e-03,7.386353e+01,1.209476e+01,3.283211e+01,1.540854e-06,4.407310e-05,1.709379e+01,1.627442e+01,2.355133e+01
5.882718e+01,2.096630e+01,2.640203e+01,1.028037e+01,5.908167e+00,4.802748e-06,3.283268e+01,4.569408e+01,5.791837e+00,5.731875e+00
4.332901e+01,9.075929e-01,1.039440e+02,1.879056e+01,1.495137e+01,2.414770e-02,1.765083e+00,9.367620e+00,8.141036e+00,2.138544e+01
5.994056e+01,6.580272e+00,8.713017e+01,2.951336e+01,1.759589e+01,5.188432e+00,1.453188e+00,1.073865e+01,7.903433e-01,4.194095e+01
8.643219e+01,3.863380e-02,9.315262e+01,1.441892e+01,4.142634e+01,3.224147e+01,1.783744e+01,1.375060e+01,8.902362e+01,2.145583e-03
2.028833e+01,1.048278e+01,2.758494e-03,3.233562e+01,1.368166e+01,1.088499e-01,4.919617e+00,1.030805e+01,1.024720e-01,7.348254e+00
1.225248e+02,6.238363e+00,5.619310e-01,2.646930e+01,6.212419e+01,3.365761e+01,1.724106e+01,2.917394e+00,5.497428e+01,6.834915e+01
6.841901e+01,1.812051e-32,3.783570e+01,3.471424e-08,7.587089e+00,9.166810e+01,3.101019e+00,1.070165e-19,5.505551e+01,1.782369e+01
1.379322e+02,3.896267e-06,6.294892e+01,2.164301e+00,1.446697e+01,1.014136e+02,2.121891e+01,9.373375e+00,4.981623e+01,3.036148e+01
4.606431e+01,6.919621e+00,3.756035e+01,3.317789e-01,1.827453e+00,1.024645e-02,1.332855e+00,1.793614e+01,5.502772e+00,3.701194e+01
9.552619e+01,6.171304e-06,5.609036e+01,8.371291e-07,3.821197e+01,5.822733e-01,2.110106e+00,2.817512e+01,4.749845e+01,5.178575e+01
8.385469e+01,2.565218e+00,1.177378e+02,1.948926e+01,3.683372e+01,5.768250e-01,2.823567e-01,3.823490e+00,3.403273e+01,9.365246e+00
7.342730e+01,2.524687e-04,7.879497e+00,1.430704e+01,8.235893e+00,7.075734e+00,4.934753e-01,5.505238e+00,5.522871e+01,1.953417e+01
1.257062e+02,1.190310e+00,1.138278e+02,2.079228e+01,3.168741e+01,2.177381e-01,4.440260e+00,2.401331e+00,1.102814e+01,3.651269e+00
4.119881e+01,6.690638e+00,2.843129e+01,3.332570e+00,9.289088e+00,6.871201e+00,1.646750e-03,9.497076e+00,2.141508e+00,2.610000e+01
6.513589e+01,1.719602e+01,7.842704e+01,4.862360e+01,7.541763e+01,1.497400e+01,4.008569e+00,2.987540e+01,1.771553e+01,2.773082e-03
1.235263e-15,2.917743e-07,1.259985e+02,1.452612e+01,4.200504e+00,1.114276e+02,5.314274e+01,4.274387e-02,1.744618e+01,7.688675e+01
8.476328e+01,1.113000e+01,7.030774e+01,1.046617e+01,1.729002e+01,1.754226e+00,1.172919e+01,1.534408e+01,3.762201e+01,5.014772e+01
5.320297e+01,1.992540e+00,1.483396e+01,3.989284e+00,2.362911e+01,3.396413e+00,1.035194e-07,1.084470e+01,9.649116e+00,5.946724e-03
1.500756e+02,2.664505e+01,7.707977e+01,4.797461e+01,3.378228e+01,2.112957e-09,1.147476e-04,7.790302e+00,2.607786e+01,5.410618e+01
5.255740e+01,3.768749e+00,2.622030e+01,2.202963e+01,1.044041e+01,1.245975e-01,3.837973e+00,6.136990e+00,1.285901e-05,2.781675e+01
2.322951e+01,6.934232e-05,2.655301e+01,5.712717e+00,3.455086e+01,1.249228e+01,7.683723e-01,1.303669e+01,2.180053e+01,4.842933e-05
2.837568e+01,5.996263e+00,4.009468e+00,2.485725e+01,1.589250e+01,7.932632e+00,1.962389e-04,3.820530e+00,3.347132e+00,3.538343e+00
6.553219e+01,2.272587e+01,5.831891e+00,8.942270e+00,1.830000e+01,2.518846e+01,4.340964e+01,4.621993e+01,1.687421e+00,2.528454e+01
4.601335e+01,1.549085e+00,1.310247e+01,1.289234e+01,8.170368e+00,6.998259e+00,2.145947e+01,6.509683e+00,1.067093e-08,3.042578e+01
3.597029e+01,1.883924e+00,4.543630e+01,1.658306e+01,7.763315e+01,3.481866e+01,7.328302e-04,8.238574e+00,3.688613e+01,1.426229e-06
9.206960e+01,1.818356e+00,5.245964e+01,2.816076e+01,2.383347e+01,8.462216e+00,1.332561e+00,1.200642e+01,8.511640e-04,4.355123e+01
1.305765e+02,1.215951e+01,1.377898e+01,5.555616e+01,3.520261e+01,8.821226e+01,8.919858e+00,6.361523e-09,5.252989e+01,7.047234e+00
7.917952e+01,6.469851e-05,9.134966e+01,6.026500e+00,3.792157e+01,1.863840e+01,4.146907e+01,1.817649e-10,6.805757e-01,3.236615e+00
2.361380e+01,7.448921e-01,3.892164e+01,2.728045e+00,9.545151e-02,3.174207e+01,4.284488e+01,1.199835e+01,6.131304e+01,5.058691e+01
5.723280e+01,3.436281e+01,2.065754e+00,5.113973e+01,3.286319e+01,5.282956e+00,1.013603e+00,1.967580e+01,2.572016e+00,2.812968e+00
9.730925e+01,2.019914e+01,3.614781e-01,6.203942e+01,1.878835e+01,1.902817e-06,1.205966e+02,9.504610e+00,2.860997e+01,2.221087e+01
1.001557e+02,3.685250e+00,1.262906e+01,3.813767e+01,1.870555e+01,2.753595e+00,2.420225e+00,1.086305e-05,1.341030e+01,3.353891e+01
5.705837e+01,3.301160e+01,1.244097e-02,3.042263e+01,2.482842e+01,4.657708e-01,1.282181e+01,1.944206e+01,1.077323e-01,3.194288e+00
6.512304e+01,3.574902e+01,6.115231e+00,6.028761e+00,2.783382e+01,2.264147e+01,2.511056e+00,3.320626e+01,5.754099e-04,2.421819e+01
3.304148e+01,8.115456e+00,9.542277e+00,9.936146e+00,8.778954e+00,5.216563e+00,3.523928e+00,1.314304e+01,2.528739e-06,6.682487e+00
6.248204e+01,9.407836e+00,2.463843e+01,1.738847e+01,1.047512e+01,5.079712e+00,2.035637e+00,1.646958e+01,1.677550e-01,1.799623e+01
5.122234e+01,5.471111e-28,1.033343e+02,6.312163e-28,7.495726e+01,2.317208e+01,5.646210e-01,2.251930e+01,3.020271e+01,8.896385e+00
3.738587e+01,2.851198e-17,1.834334e+01,8.243697e+00,2.859834e+01,4.511467e+01,1.087057e+00,1.190258e-13,2.201143e+00,5.095298e+00
1.001141e+02,2.838820e+00,9.767264e-08,8.224097e+00,1.789779e+01,3.263316e+01,9.426517e-11,1.476744e+01,6.382638e+01,1.619436e+01
1.526622e+02,3.049305e+01,5.739468e-02,6.504492e+01,1.357583e+01,1.543479e+01,3.623999e+00,9.183301e+00,5.668491e-01,9.988098e+00
5.946846e+01,3.003001e+01,5.672846e-01,5.431174e+01,4.830919e+01,5.200177e+01,4.754338e+01,6.340046e+00,1.230470e+01,3.050513e-03
1.508479e+02,8.940149e-13,7.248607e+01,3.510488e+00,5.039234e+01,1.042927e+01,1.894779e-04,1.979970e+01,1.180391e+01,1.172512e-01
1.848295e+02,1.211574e+01,3.196759e+01,3.518763e+01,9.679925e+00,9.132179e-03,1.088055e-01,1.279110e-03,4.119126e-01,2.862051e+01
2.406684e+01,7.118308e-09,1.545129e+02,3.569083e+00,4.494471e+01,3.962097e+01,8.402097e+00,9.420132e+00,1.980233e-01,6.104786e+01
1.259806e+02,2.555544e+01,8.257729e+00,1.034471e+02,3.951581e+01,5.708658e+00,1.277436e+00,3.114480e-06,2.857440e-03,1.831779e-02
5.358789e+01,6.868229e+00,6.145604e+01,5.978934e+00,2.398439e-21,1.097928e+01,1.893907e+01,2.860638e+00,2.242317e-07,1.296375e+01
8.225915e+01,1.801804e+01,6.912578e-14,4.136192e+01,3.100331e+01,5.507144e+00,4.254829e+00,2.967211e+01,6.239798e+00,5.828849e+01
6.264292e+01,8.213042e-01,5.465359e+01,5.948208e+00,2.084305e+01,5.577521e+00,7.365112e-07,6.061616e+00,6.369954e-01,6.286403e+01
1.085019e+02,3.116444e+01,1.790082e+00,9.068209e+01,3.560337e+01,9.343454e+00,1.872635e-01,2.475356e+00,7.951618e-01,4.258370e+00
7.463580e+01,2.480682e+01,2.835685e+00,9.115812e+01,5.788182e+01,9.376719e+00,2.916552e-02,2.168605e+00,7.559619e-03,9.407013e+00
7.587974e+01,1.525082e+01,8.702410e+00,1.827912e+00,4.251564e+01,3.152268e+01,2.871247e-02,2.190427e+00,3.616370e+01,1.880711e+01
4.720588e+01,1.204337e+01,3.856649e+01,2.811123e+01,3.042308e-01,3.965886e+00,7.217271e+00,1.591529e+01,6.150161e-01,1.330765e+01
3.621710e+01,7.077890e+00,2.260499e+01,4.565378e+01,1.577038e+01,1.158440e+01,4.833958e-02,6.785690e+00,1.985868e+01,1.086666e+01
9.551280e+01,2.599846e+00,2.316359e+01,6.625605e+01,3.671527e+01,2.363370e+01,7.488766e-02,8.685702e+00,2.167619e-02,3.523608e+01
1.139127e+02,3.465529e+01,8.841433e-01,7.158087e+01,2.918713e+01,1.019054e+01,1.290151e+00,3.426142e+00,6.205138e-03,1.336000e+01
1.124249e+02,1.768195e+01,3.646289e-02,5.440585e+01,1.237413e+00,2.534699e+01,1.018283e+02,4.656470e+00,8.869766e+00,6.755952e+01
1.527845e+02,2.300615e+01,2.680994e+01,4.415933e+01,2.512121e+01,2.040311e+01,4.162039e+00,4.113157e+01,4.183780e+00,4.401014e-04
8.445712e+01,8.468318e+01,3.338267e-01,5.511963e+01,4.254536e+01,3.039421e+01,1.223664e-02,3.939331e+01,1.344842e-02,1.988163e+01
1.495781e+02,8.644543e+00,2.519332e+01,3.837990e+01,1.436667e+00,6.760295e+00,5.706527e+00,3.185629e-06,8.162074e-03,2.591830e+01
6.850050e+01,7.210118e-05,1.089228e+02,9.402002e+00,5.566471e+00,6.282769e+01,1.632723e+01,4.475909e-10,4.615143e-04,4.373851e+01
9.150419e+01,4.058102e+01,1.600560e+00,5.320084e+01,2.949255e+01,2.181259e+01,2.416978e+00,9.620736e+00,1.593227e-04,2.850832e+00
1.349685e+02,4.689579e+01,9.711620e-09,4.441653e+01,7.874350e+01,5.014258e+01,8.666520e-07,6.525776e+01,7.174837e-07,3.022470e+01
6.358559e+01,9.998627e+00,3.223987e+01,3.730144e+01,7.447238e+01,1.049940e+01,1.759710e+01,1.723233e+00,7.368843e+01,9.281708e+01
8.048624e+01,4.208870e+00,1.775456e+02,3.409488e+01,5.058513e+01,1.702298e+01,1.759708e-01,1.119854e+01,2.815613e-02,3.247237e+01
5.802988e+01,6.428436e+00,9.899101e+01,1.333410e+01,1.040822e+01,1.263368e+00,1.352649e+01,7.262179e+00,1.289554e-01,2.948753e+01
2.300006e+01,4.820568e+01,3.907491e-10,1.898176e+01,5.806510e+01,1.256254e+02,2.674558e+00,2.217139e+00,3.431287e-01,1.090441e+01
1.914763e+02,6.138275e+01,1.193961e+01,1.240607e+02,4.709215e+01,2.286177e+01,2.131826e-03,9.159447e-02,8.003760e+00,5.857088e+00
1.165959e+02,6.530422e+01,2.503229e+01,1.372152e+02,1.757603e+00,1.791841e+01,2.107672e+00,9.358213e+00,2.040969e+01,1.108618e+01
1.119295e+02,3.166690e+01,1.016886e+02,5.540895e+01,2.786984e+00,1.769956e+01,1.226025e+01,8.568208e-01,1.442409e-01,6.029803e+01
3.774447e+01,9.549954e+00,2.381956e+00,4.239041e+01,1.482244e+01,7.595160e+00,1.892822e-03,3.803590e+00,1.563887e-01,5.243120e-01
2.037729e+02,9.812833e+00,1.468475e+02,4.092757e+01,8.273669e+01,7.288105e+00,3.394266e-04,5.459999e+00,2.465497e+00,8.845685e+01
1.209389e+02,6.265862e+01,7.278461e+01,4.636762e-01,7.867899e-05,1.318982e-01,2.208398e+01,2.962879e+01,2.125867e-01,6.892463e+01
3.794295e+02,4.061083e-05,3.517099e+01,8.506006e+01,8.875007e+01,1.742316e+01,7.526119e+00,2.106735e+00,1.403135e-02,3.661299e-01
4.656954e+01,6.325430e+00,1.178449e+02,1.348190e+01,7.962075e+01,4.060142e+01,7.641585e+00,3.440484e+01,5.168247e+00,2.278040e+01
1.669201e+02,1.226836e-04,1.196145e+02,3.167838e+01,6.625561e+01,4.937466e-03,4.099367e-01,2.337008e+01,6.549627e+01,1.720777e+02
5.386314e+01,2.657003e+01,4.246580e+00,3.152878e-13,5.146841e+00,1.580421e+01,3.798169e-08,2.326841e+01,4.667594e+00,1.002703e-01
5.072866e+01,4.331609e+00,8.403122e-06,4.341843e+01,2.162004e+01,1.174922e+01,1.381404e-05,7.436274e+00,8.573126e+01,6.232230e+01
1.429705e+02,1.658947e+01,1.137693e-01,3.286241e+01,1.194441e+01,4.823471e+01,1.599093e-11,8.250999e+00,3.979582e+01,1.192215e-10
8.490306e+00,7.207184e+00,3.954939e+01,4.834052e-22,4.475992e+01,1.014365e+02,2.822079e+01,1.183007e+01,1.195690e+00,2.632262e-01
3.582809e+01,2.048374e+01,9.838303e+01,2.774076e+01,3.682435e+01,4.496391e-01,9.052573e+00,4.810916e-01,1.202056e-03,4.776226e+01
1.776111e+02,2.021293e+00,1.668507e+02,2.563295e+01,1.507471e+02,7.298438e+01,8.102872e+01,4.410203e+00,3.405650e-02,7.413487e-01
1.198929e+02,4.839504e+01,1.181875e-05,6.929500e+01,3.507511e+00,1.739871e+01,2.977029e-03,1.966966e+01,2.766672e+01,2.308804e+01
1.038968e+02,2.931071e+01,3.534420e+01,8.560312e+00,8.736799e+00,4.580148e+00,5.561320e+00,2.821071e+01,2.002554e+01,5.748165e+01
1.342606e+02,4.338429e+01,6.535071e+01,3.692324e+01,5.998282e-03,1.875612e+01,7.747986e+01,1.221869e+00,6.723448e-01,3.141832e+01
9.689784e+01,1.208220e+01,3.498912e+01,3.044197e+01,1.856208e+01,1.962764e-03,1.123704e+02,2.222809e+01,5.463486e-01,7.131253e-08
8.175724e+01,8.008010e+00,1.109761e+02,1.715226e+01,1.028672e+01,6.388271e+00,1.816617e+00,2.685578e+01,1.972286e+01,3.812379e+01
9.805160e+01,3.788858e+01,4.206255e+01,2.621073e+01,3.023776e-01,4.469865e+00,5.741509e+00,4.304982e+01,1.227586e+01,9.633847e+01
9.426874e+01,2.469727e+01,1.718277e+01,1.921118e+01,1.598383e+01,1.602791e-04,1.701361e-06,2.874554e+01,3.916631e+01,4.348703e+00
5.452163e+01,2.175046e-12,2.103752e+01,6.079744e-12,6.314624e+01,3.009561e+01,2.305092e-05,1.802610e+01,7.519690e+01,1.308893e+01
1.288108e+02,1.067759e-04,4.927498e+01,7.446809e-01,4.106192e+01,7.550120e+01,2.190605e+01,5.378236e+00,1.693763e-02,1.304297e+01
8.021360e+01,2.984010e+00,1.508144e+02,9.485319e+00,6.118496e+01,6.907460e+01,1.642365e-01,2.229694e+00,1.349418e-02,1.091945e+02
7.076810e+01,3.504551e+00,4.125138e+01,1.346301e+01,6.518791e+01,1.338892e+01,4.946749e+00,1.520365e+00,3.532416e+01,4.765218e+00
5.441377e+01,2.932396e-02,1.545740e+01,2.300768e+00,3.465391e+01,3.656598e+01,3.845399e+01,2.364866e+01,1.193676e-07,1.965402e+00
1.614694e+01,2.407238e+01,1.193721e+01,2.076616e-17,2.879262e+01,6.791565e+01,3.146366e+00,5.573443e+01,2.406072e+01,2.068024e+01
1.775704e+02,2.760127e+00,9.708881e+01,6.558563e+01,9.237550e-01,1.100135e+01,3.283588e+00,1.208959e+00,6.083523e-03,4.386946e+01
1.697152e+02,5.886931e+00,7.288668e+01,1.809163e+01,5.675882e-02,1.765917e+00,7.596562e+00,3.278783e+00,2.709374e+00,2.725008e+01
5.269840e+01,6.560128e+00,6.225811e+01,1.400651e-08,2.931917e+00,9.567737e+00,4.135373e+00,9.960211e+00,2.490820e-08,4.704753e+01
8.521437e+01,9.127688e+00,7.349804e+01,5.332748e-08,2.094991e+01,1.636437e+01,1.618909e+01,1.314507e+01,1.226678e-02,7.097147e+01
1.084643e+02,2.860293e+01,1.074161e+02,2.968573e+01,1.647988e+01,1.820973e+01,9.110183e-03,2.843665e+01,2.258352e+00,5.457977e+01
1.337626e+02,2.269251e+01,6.174221e+01,3.373389e+01,5.635596e+01,2.535265e+01,8.246924e+00,4.618219e+01,4.494076e+00,5.023651e+00
2.047992e+02,2.920614e+01,1.464909e+02,1.038549e+01,2.414605e+01,1.637877e-03,9.284535e+00,2.370285e+01,3.508047e+01,7.569941e+01
5.849370e+01,5.063574e+01,1.245615e-02,5.538900e+01,1.354158e-01,4.686604e+01,5.734707e+01,2.717877e+01,1.376979e+01,8.926918e+00
1.086579e+02,7.252656e+01,9.100312e+00,1.008614e+02,5.857815e+01,1.577487e+01,1.742587e-01,2.246370e+01,3.926883e-01,1.934097e+00
1.046444e+02,5.397502e+01,5.815926e+00,1.461473e+02,2.742193e+01,2.526800e+01,1.228101e-03,1.866220e+01,2.395893e+01,3.625233e+00
1.607804e+02,1.630240e-20,9.510812e+00,1.582012e+00,2.331092e-01,1.824211e+02,1.728019e+01,9.921269e-01,6.430683e+01,1.422842e+01
1.507862e+02,2.863036e+01,1.286602e+02,5.413524e+00,4.937522e+01,7.507085e+00,6.530050e-04,2.526782e+01,9.606726e+01,8.342696e+01
1.004042e+02,2.322911e+01,7.702505e+01,3.698377e+01,1.977452e+01,4.500521e+00,4.270094e-03,6.191655e+00,3.888054e+01,1.142045e+02
1.431041e+02,3.139486e+01,1.481126e+00,1.339695e+02,4.862913e+01,6.345616e+01,1.101667e-01,1.057439e+01,1.124092e-03,1.407567e+01
2.202232e+01,4.588324e-20,7.831680e+01,8.750456e-32,1.190315e-06,4.530554e+01,3.691071e+01,7.461230e-01,8.635063e+01,1.752686e-05
3.123624e+01,1.622020e+01,7.656070e+00,1.131414e+02,8.320241e-03,1.634431e+01,4.838237e+01,4.797648e+01,2.840682e+01,1.960710e+01
5.606980e+01,2.275032e+01,1.262049e+02,6.428018e+01,9.623621e-07,4.755906e+00,2.085792e+00,2.691203e+01,3.550227e+01,3.725222e+01
9.175292e+01,1.101023e+01,1.701587e+02,4.279611e+01,1.619412e+01,1.181259e+01,3.749595e+00,9.008131e+00,7.902978e-01,8.363429e+01
9.023356e+01,8.032955e-01,1.401739e+02,2.505561e+01,3.273880e+01,4.303829e-06,1.106827e-03,3.023891e+01,4.555829e+01,5.120634e+01
2.359227e+02,4.116995e+00,2.497248e+01,6.768463e+01,4.182412e+01,1.078325e+01,1.165718e-02,2.579014e+01,7.078517e+01,3.673883e+00
1.739702e+02,2.523842e+01,4.036948e+00,1.476780e+02,3.764096e+01,3.131007e+01,4.641727e-02,4.244544e-08,1.515168e-02,3.455546e+00
4.762148e+01,6.314604e+00,6.729430e+01,3.573952e+00,3.876591e+00,4.226257e-01,1.178118e+02,2.254178e+01,4.355313e+01,8.070114e+01
1.004769e+02,2.025442e+01,1.004802e-04,1.478063e+02,3.090557e+01,2.661971e+01,9.280721e-03,9.293164e+00,3.838250e+01,1.400002e+01
3.331466e+01,5.878131e-01,5.889209e+01,2.341711e+01,3.697258e+01,1.009504e+02,1.848814e+00,5.013670e+01,7.698277e+00,2.052690e+01
1.130247e+02,2.386831e+01,3.788416e+00,6.009145e+01,8.147091e+00,1.059282e+01,1.747271e+02,5.340239e+00,3.740139e+00,1.936732e+00
1.055060e+02,1.256297e+01,1.639115e+00,3.046352e+01,1.412258e+01,6.395873e-01,8.560191e+00,1.846351e+01,1.322345e+01,2.180165e+01
4.789995e+01,6.600449e+00,1.513911e+01,1.125405e+01,3.873955e+01,1.046847e+02,2.754261e-01,4.599103e-01,1.389395e+01,6.249731e+00
2.843865e+01,3.319930e+00,5.519362e+01,5.025546e-17,2.516351e+01,1.019447e+02,9.275824e+00,3.945916e+00,2.671092e+01,3.151639e-08
6.856942e+01,1.220536e+01,6.677299e+00,5.650096e+01,1.687625e+01,1.290772e+01,5.228431e+01,4.913456e+00,1.008900e+02,4.771906e+01
1.346025e+02,1.211402e+01,1.093877e+02,1.293382e+01,1.773507e-02,1.648182e+01,1.026331e+01,3.384663e+01,6.642098e-03,2.029741e+01
1.703007e+02,4.196523e+01,9.913204e+00,4.166646e+01,2.030201e+01,8.448161e+00,7.935609e-02,2.250003e+01,1.023236e+01,1.235432e+01
1.171876e+02,3.416208e+01,3.469041e+01,1.866840e+01,1.099518e+00,2.698353e+00,2.934668e+01,2.842115e+01,3.497752e-02,4.368622e+01
1.593117e+02,5.162151e+00,2.710181e+02,4.354606e+01,2.999464e+00,8.452570e+00,1.492038e+00,1.901338e+01,9.887926e-01,2.790986e+01
8.494091e+01,2.258982e+01,5.445907e+01,2.199307e+01,1.046580e+01,1.130063e+01,3.436133e-03,8.677913e+00,1.544122e+01,2.968933e+01
7.771517e-25,1.391045e+00,2.097326e+01,4.454438e+00,1.595257e+01,9.185684e+01,5.377021e+00,1.191542e+00,4.972185e+01,4.009848e-02
1.030482e+02,2.554420e+01,1.062351e-01,7.667062e+01,2.385308e+01,3.322571e+01,4.511232e-01,4.325255e+01,1.211305e+01,3.640009e+00
1.196073e+02,1.500318e+01,1.564932e+02,1.459372e+01,7.296860e+00,5.062864e-01,5.985549e-02,6.888565e+00,4.246716e+01,4.658894e+01
2.720700e+02,1.599496e+01,1.419309e+02,6.255078e+00,2.764474e+00,1.532905e+01,5.434995e-03,4.946751e+00,1.842786e+01,4.999469e+01
1.161712e+02,5.665017e+01,8.689284e+00,8.171447e+01,1.638832e+01,2.269717e+00,7.361173e-02,9.700469e+00,5.419305e+00,7.555943e-04
2.800487e+01,3.864460e-03,5.783543e+01,3.553371e-14,1.059802e+00,9.434020e-01,3.942466e+01,8.339915e+00,7.129114e+01,3.252418e+01
6.696839e+01,5.569115e-04,4.852959e+01,4.126189e+01,8.515266e+00,1.741916e+01,1.901041e-02,6.102771e-09,1.777886e+01,4.425784e+01
7.832822e+01,4.178859e+01,2.571358e-05,7.373123e+01,4.381187e+01,8.328291e+00,4.645469e+00,9.717795e-08,2.886410e-04,1.400162e-01
4.485931e+01,1.638339e+00,1.918745e+02,9.586899e-01,1.841272e+00,1.060881e+01,2.480958e+01,6.078282e-01,1.714815e-03,3.192984e+01
5.355162e-02,1.255076e-07,7.455626e+01,1.311245e-13,1.142106e+01,4.363005e+01,1.669741e+01,3.583960e-01,4.280071e+01,1.441526e+01
3.492509e+01,7.244934e-05,6.367629e+01,1.467968e+01,3.256825e+00,6.025177e+01,1.708042e+01,5.976419e+00,2.119501e+01,2.974013e+01
1.586022e+02,3.021649e+01,5.367946e+00,9.772284e+01,2.749070e+01,2.584619e+01,5.457116e-03,1.211241e+01,9.531721e-01,2.469032e+00
1.097193e+02,1.609727e+01,7.780193e+01,1.554216e+01,6.528578e-02,1.227272e+01,3.058616e+01,4.189821e+01,5.767970e+00,7.156402e+01
1.709979e+02,1.129462e+01,5.121725e+01,2.688957e+01,1.335536e+01,1.705234e+00,1.356043e+01,2.005527e+01,1.104779e+01,1.244949e+01
1.094964e+02,7.171201e+00,5.840523e+01,5.853640e+00,3.831903e+01,3.059979e+01,4.724905e+00,2.920928e+01,4.871410e+01,2.875121e-03
1.442814e+02,2.557488e+01,1.001590e+02,8.985820e+00,1.405050e-19,2.959990e+01,2.282260e+01,1.438827e+00,3.483011e+01,4.568289e+01
3.075879e+01,6.504561e+01,1.900015e+01,2.342429e-01,1.307983e+02,9.107327e+01,7.051773e-07,1.196620e+01,2.452214e+01,2.486570e+01
1.515354e+02,1.065222e+01,8.563586e+01,2.336918e+01,7.638260e-02,2.552449e+00,8.100714e+00,1.620698e+01,4.300484e+00,4.110625e+01
1.441387e+02,7.175383e+01,7.006998e+00,9.203121e+01,3.657366e+01,1.439160e+01,1.185069e-03,3.469469e+01,1.451643e-01,4.397722e-04
1.499330e+02,1.516438e+01,1.075464e+02,6.744333e+01,5.422485e+01,6.058833e+00,1.328541e+01,1.190326e+01,3.141948e+01,1.064312e+01
3.763569e+01,4.855258e+01,1.010956e+00,8.524557e+00,1.371059e+01,1.203360e+02,1.156577e-02,1.410723e+01,8.121815e+01,1.592613e-15
1.555962e+02,1.331919e+01,1.283630e+01,7.322339e+01,1.427017e+00,2.211583e+01,2.081183e+01,8.910930e-02,1.632681e+01,5.917002e+01
1.665683e+02,5.035895e+00,8.522489e+01,1.220812e-08,2.831495e+01,6.211274e-01,1.299472e-05,1.393188e+01,6.273960e+01,3.270672e+01
1.074620e+02,1.212277e+01,1.106532e+02,3.574372e-01,7.879876e+00,1.498917e+01,1.949708e+01,5.214749e+00,2.715327e+01,5.863254e+01
1.597118e+02,2.875174e+01,3.599105e+01,8.573169e+01,5.006523e+00,1.193485e-01,4.358667e+00,3.451527e+00,2.522057e+00,4.260484e+01
2.688574e+01,3.103260e+01,9.860410e-03,5.260845e-04,3.682778e+01,1.548608e+02,1.336459e+01,9.054655e+00,7.834359e+00,9.438653e-03
1.977023e+02,6.072946e+00,1.469055e+02,1.954829e+01,1.894748e+01,1.127170e+01,6.332299e-01,1.253110e+01,6.693236e-01,4.503042e+01
1.094986e+02,3.364411e+01,3.618377e+01,3.743458e+01,8.116615e+00,1.112153e+01,1.793504e+00,9.685354e+00,1.484855e-01,4.544186e+01
1.731865e+02,8.132775e+01,5.133815e-01,8.805825e+01,1.941932e+01,2.485911e+01,7.094542e-01,1.184469e+01,2.743245e+01,5.645866e-01
1.271123e+02,1.964288e+01,7.176225e+01,1.790072e+01,7.845944e-03,5.730259e+00,1.238035e+00,6.226771e+00,2.324324e+01,7.468265e+01
5.811127e+01,1.714821e+01,3.477781e+00,1.315910e+02,1.101703e+01,5.291491e+00,2.125469e+00,1.752633e+01,3.088107e+01,2.678403e+00
1.415041e+02,1.478625e+01,1.893591e+02,5.853459e-01,1.762835e+01,6.498969e+00,4.558882e+00,3.406553e+01,1.805460e+01,3.087542e+01
1.310408e+02,4.138542e+01,1.261242e+00,5.398288e+01,1.788936e+01,6.817877e+00,3.510704e+00,9.514910e+00,1.463218e+00,3.105437e-02
1.069105e+02,5.176318e+01,1.039601e+01,8.543644e+01,4.657917e+01,4.072706e-01,3.116565e-02,1.220994e+01,2.056926e+01,1.632379e+00
1.296210e+02,1.236194e+01,6.100727e+01,3.588357e+01,1.281688e+01,1.973135e+00,3.928356e-02,6.874885e-01,4.664289e-02,3.449505e+01
1.466387e+02,3.013112e+01,5.089122e+01,2.622579e+01,3.516761e+01,7.775157e-02,1.354282e+00,2.672878e+01,2.789351e+01,4.291159e+01
8.166044e+01,1.354278e+01,2.581131e+01,1.111645e+01,5.718385e+01,2.667238e+01,2.775149e+00,2.662633e+00,9.016060e+01,9.786101e-04
8.685173e+01,1.637372e+01,7.086332e+01,2.353212e+01,5.517445e+01,8.430784e+00,5.395995e+00,3.739322e+01,2.693628e+01,1.710878e+00
2.604195e+01,3.390557e+00,9.614164e+00,5.215554e+01,1.540016e+01,3.648599e-03,2.608029e+01,1.446798e+01,5.546906e+01,3.085475e+01
9.670477e+01,2.350784e+01,7.351477e-01,8.836274e+01,1.968838e+01,1.014029e+01,1.370371e-01,3.378601e+00,1.166681e+01,4.552923e+00
4.782078e+01,3.600135e+01,2.734176e+00,8.823838e+00,3.212145e+01,7.150988e+01,5.811512e+00,1.452516e+01,5.820195e-01,7.852563e-01
3.758152e+01,4.571131e-08,6.552615e+01,8.286228e+00,4.756642e+01,3.263374e+01,2.038266e+01,5.404786e-01,4.871683e+01,1.226955e+01
1.283498e+02,1.039675e+02,2.874673e-01,4.211375e+01,2.653363e+01,9.250881e+00,3.173885e+00,3.514827e+01,8.962280e+00,1.065163e+00
4.900589e+01,7.501468e+01,4.347254e-06,3.522510e+01,4.836055e+01,7.518403e+01,7.486161e+00,1.222576e-02,7.405904e-09,2.764296e+00
9.437789e+01,7.997720e+00,2.983519e+01,3.880137e+01,1.197262e+01,2.619501e+01,4.637154e+00,5.406098e+00,6.888488e-02,2.667957e+01
6.672923e+01,7.608705e+01,5.340468e+00,5.664894e+01,9.025046e+00,6.105675e+01,5.527054e-06,8.079545e+00,2.827708e+01,3.586347e-15
6.115313e+01,5.641747e+01,1.495497e+00,6.777513e+01,9.248391e+00,2.546745e+01,2.565524e-01,1.141818e+01,3.769488e+01,5.949380e-06
4.629891e+01,9.559295e+00,2.454050e+01,4.276005e+00,5.173078e+01,6.082795e+01,2.239024e-05,1.137853e+01,1.016754e+02,4.277458e+01
1.333233e+02,2.632269e+01,3.752313e+01,1.671105e+01,5.963790e+01,6.501026e+01,3.968358e-02,8.438638e+00,2.672139e+01,6.383842e+00
7.657758e+01,1.886220e-06,8.059058e+01,1.258667e+01,4.758743e+01,1.899893e+01,1.664860e+01,6.735799e+00,5.743387e+01,2.863324e-01
8.552805e+01,1.014727e-06,1.651195e+02,1.511341e+01,1.151987e-01,2.792013e+01,3.039302e+00,4.442234e+00,4.902711e+00,7.003506e+01
6.431154e+01,1.378745e+01,1.574769e+02,2.214589e+01,8.381652e-01,3.828993e+01,4.671838e+00,1.745697e+01,1.242354e-01,3.929494e+01
1.052549e+02,7.385794e+00,5.060652e+01,5.128415e+01,3.887832e+01,2.308703e-01,5.976890e-05,1.593585e+01,1.267600e+01,2.627454e+01
6.736267e+01,1.337801e+01,6.903152e+00,4.774908e+01,1.541910e+01,3.101846e+01,1.564049e+01,4.440764e-03,2.511815e+00,4.138002e+01
2.720493e+02,1.592959e+01,1.044017e+02,1.012931e+01,9.506510e+00,2.393491e+01,4.275506e-01,4.594704e+00,3.100380e+01,2.812790e+01
1.265924e+02,2.319957e+01,8.104067e+01,4.901720e+00,1.246539e+01,5.089197e-02,2.771629e+00,2.032502e+01,1.424229e+01,1.598988e+01
5.154209e+01,1.354854e+01,1.018402e+02,1.055236e+01,4.939065e+01,7.430491e+00,5.044393e+00,8.659767e+00,2.190526e+01,2.375428e+01
2.881671e+01,7.374505e+00,3.769699e+01,9.365419e+00,1.971932e+01,1.481433e+01,4.005945e+01,7.759749e-04,5.410772e+01,2.322065e+01
9.116099e+01,5.821897e+01,5.710583e+01,1.256106e+01,8.039440e+00,5.099252e-09,2.852572e+01,4.495870e+01,1.238176e+01,4.048109e+01
1.371801e+02,4.888716e+01,3.355817e+00,9.505831e+01,3.096872e+01,1.473345e+01,1.077482e-04,1.588866e+01,4.934656e+00,4.700300e-01
1.375434e+02,2.473412e+01,1.268374e+01,7.081148e+01,1.954668e+01,1.650865e-02,4.729401e-01,2.068403e+01,4.598723e+01,6.018148e+00
4.393188e+01,1.601538e+01,1.078672e+02,5.736208e+00,2.282815e+00,5.461623e-05,1.318633e+01,1.224179e+01,4.411902e+01,9.069241e+01
3.910202e+01,3.354442e+01,4.977523e+01,7.477273e-07,2.983685e+00,7.047111e+00,1.585261e+01,5.097085e+01,2.411613e-02,4.343209e+01
2.478355e+01,6.827775e+00,4.449770e+01,1.246518e+01,6.589673e+00,1.668966e+01,1.389425e-04,1.755668e+01,1.257383e+02,3.974265e+01
9.285086e-01,8.664176e-20,5.098678e+01,1.275825e+00,2.819413e+01,1.095380e+01,5.858580e+00,2.434517e+00,9.427238e+01,3.036717e+01
5.105382e+01,1.634611e+01,4.745995e+01,3.772654e-08,1.033871e+01,5.103792e-04,1.993580e+01,2.888108e+01,1.890235e-03,5.244096e+01
1.032392e+02,7.986644e+00,1.126584e+02,8.278090e-04,3.919897e+00,4.214230e+00,2.251838e-01,1.953362e+01,1.156865e+01,4.945524e+01
9.641723e+01,3.888905e+01,2.087684e-01,5.647493e+01,2.362436e+01,7.736684e+00,4.579965e-03,1.749906e+01,7.472218e+00,3.300246e+00
9.454336e+01,3.069210e+01,7.728487e-02,8.309808e+01,5.436100e+00,8.270329e+00,9.635265e-01,7.780962e+00,2.459157e+01,2.624416e+01
1.135122e+02,4.425272e+01,5.608316e+00,6.173240e+01,2.501062e+01,1.349812e+00,6.940878e-04,5.889090e-03,2.157002e+00,3.900445e-01
3.245785e+01,2.104703e+01,2.906369e+01,1.452090e-08,6.243539e+01,7.180364e+01,1.227679e-06,2.851640e+01,3.706849e+01,2.229082e-08
1.237109e+02,5.271083e-01,1.006252e+02,8.667926e-09,1.191890e-05,2.154157e+01,9.927611e+00,1.214868e+00,2.265054e+01,5.927477e+01
9.546339e+01,1.095694e-18,1.053719e+02,2.235346e-01,1.368155e+01,6.239187e+01,7.271767e+00,8.151370e+00,3.738974e+01,5.392106e-01
4.663568e+01,1.975241e+01,4.937678e+01,1.392538e+01,4.352006e+01,1.399915e+01,2.406890e-05,1.814683e+01,5.457754e+01,2.178557e+01
5.345223e+01,5.115865e+01,1.208778e+02,8.975688e-01,4.931003e+01,1.128080e+02,5.520336e+01,1.704350e+01,7.723290e+00,4.935497e-03
1.058224e+02,3.213961e+01,1.961307e+00,6.460626e+01,8.705063e+00,1.367668e+01,9.935931e-05,9.960203e+00,4.946225e+00,1.038346e-01
1.139933e+02,2.724743e+01,1.137776e-02,5.280442e+01,1.335258e-01,3.113820e-05,3.015820e+01,1.463766e+00,6.682498e+00,9.343422e+00
8.291387e+01,3.686822e+00,1.243688e+02,2.874385e+00,1.828089e-04,1.573842e+01,1.626391e-02,8.813030e+00,5.076050e+00,5.523240e+01
1.423988e+02,5.419894e+01,4.287136e+00,6.606702e+01,2.952178e+01,2.670889e-02,1.617850e-01,2.398540e+01,1.733579e+00,5.146273e-02
4.299179e+01,2.064265e+01,3.317971e-02,1.301113e+01,2.094134e-02,3.985640e+01,1.863402e+02,9.010914e+00,3.420576e+00,1.216788e-04
4.134170e+01,2.930580e+01,1.086517e-14,4.800219e+01,7.425282e+00,2.945042e+00,1.354615e-02,1.272190e+01,7.611455e+01,3.911460e+01
7.770101e+01,7.485203e+00,5.004603e+01,3.834498e-05,2.041237e+01,2.483275e+01,2.670120e+01,2.612914e-02,1.007865e+02,3.032119e+01
8.341675e+01,2.012987e+01,5.030911e+01,3.373281e+01,1.037801e+01,1.497325e+01,9.735665e-02,2.938783e+01,1.145509e+01,4.928424e+01
6.503933e+00,7.186000e-54,5.865405e+01,2.431864e-28,4.499008e-01,5.321176e+01,2.212200e-02,6.040647e-31,8.281455e+01,2.002280e+01
9.308533e+01,1.659001e+01,1.000471e+02,1.297614e+01,6.345138e+00,1.853726e+01,2.802826e-02,7.219555e+00,2.337000e-01,5.717070e+01
