2.125780e-01,4.854719e-01,6.734341e-02,1.646863e+00,5.100394e+00
9.112322e-01,1.317659e+00,7.833066e-01,2.334796e+00,2.182011e+00
3.224774e-01,7.150949e+00,0.000000e+00,5.198008e-01,0.000000e+00
9.821782e-01,3.044870e-01,1.020254e-01,3.428191e+00,8.991008e-01
9.226947e-01,1.709013e+00,5.380457e-01,2.318667e+00,1.883654e+00
2.685809e-01,1.173950e+00,1.781474e-01,3.132534e+00,1.098803e+00
8.576595e+00,0.000000e+00,0.000000e+00,0.000000e+00,0.000000e+00
9.329892e-01,7.885779e-01,0.000000e+00,3.251598e+00,0.000000e+00
0.000000e+00,6.704414e-01,2.907432e-01,1.083648e+00,6.066063e+00
6.768676e-01,6.909418e-01,9.741744e-01,1.883074e+00,3.773077e+00
7.296765e-01,4.207176e-01,0.000000e+00,3.389612e+00,0.000000e+00
3.764259e-01,5.315000e-01,0.000000e+00,8.272697e-01,6.348166e+00
1.211847e+00,2.768582e-01,0.000000e+00,5.886632e-01,6.076320e+00
5.827009e-03,7.077367e-01,0.000000e+00,3.341456e+00,1.390227e+00
8.046191e-02,9.516135e-02,0.000000e+00,4.192463e+00,0.000000e+00
8.158631e-01,7.664861e+00,0.000000e+00,1.830425e-01,2.150196e-01
1.345119e+00,2.785662e+00,5.371661e-01,1.887294e+00,9.939663e-01
7.238220e-01,1.122174e+00,6.690224e-01,2.365289e+00,2.364123e+00
0.000000e+00,5.852797e-01,1.866249e-01,1.426372e+00,5.587887e+00
2.995900e+00,4.476922e-01,9.604725e-01,1.545544e+00,2.616135e+00
4.059692e-01,7.454882e+00,3.890300e-01,2.273809e-01,7.080053e-01
1.434984e-01,8.549115e+00,1.729250e-01,2.084372e-01,2.094988e-01
1.201261e+00,5.179999e-01,0.000000e+00,3.158104e+00,0.000000e+00
9.499924e-01,3.760761e-01,0.000000e+00,3.694879e+00,1.707130e-01
1.299052e+00,8.099818e-01,5.059170e-01,3.177488e+00,5.019559e-01
2.238973e-01,0.000000e+00,0.000000e+00,4.195985e+00,0.000000e+00
1.356845e-01,8.380513e+00,0.000000e+00,1.361959e-01,0.000000e+00
5.936707e-01,5.451066e-01,0.000000e+00,3.648312e+00,5.041787e-01
2.723214e-02,8.902783e+00,2.489631e-01,2.879190e-02,2.426580e-01
0.000000e+00,5.711762e-01,2.001946e-01,1.171278e+00,6.155157e+00
2.103828e+00,0.000000e+00,7.665261e-01,2.851553e+00,6.881882e-01
1.084090e+00,4.960855e+00,0.000000e+00,8.904411e-01,0.000000e+00
3.873197e-01,1.355876e+00,3.401079e-01,3.053814e+00,1.102774e+00
1.061373e+00,4.608770e-01,0.000000e+00,3.306332e+00,2.523518e-01
1.550966e+00,1.235759e+00,7.561619e-02,1.856460e+00,2.445809e+00
8.539959e-01,5.289124e-01,0.000000e+00,3.153334e+00,0.000000e+00
8.328340e+00,0.000000e+00,0.000000e+00,0.000000e+00,0.000000e+00
2.520704e+00,6.952664e-01,1.140847e-01,1.424479e+00,3.146195e+00
2.510311e+00,9.134017e-02,4.502299e-01,2.010773e+00,2.509634e+00
1.066286e+00,0.000000e+00,1.407435e-01,3.534293e+00,8.812250e-01
1.822319e+00,0.000000e+00,6.580079e-02,3.054259e+00,8.068798e-01
0.000000e+00,1.790579e+00,8.355071e-01,2.900231e+00,1.365108e+00
1.103924e+00,0.000000e+00,2.026282e-01,3.544159e+00,8.819300e-01
2.469878e-01,8.158090e+00,3.325419e-01,2.253143e-01,5.187039e-01
3.165922e-01,8.264443e+00,2.715312e-01,5.340792e-02,5.538068e-01
1.491139e+00,1.046042e+00,5.235895e-01,2.235893e+00,2.198429e+00
2.104885e+00,1.039149e+00,3.294584e-01,1.632556e+00,1.761107e+00
1.081873e+00,1.917580e+00,5.769234e-01,1.761545e+00,1.832327e+00
1.134074e+00,0.000000e+00,1.472571e-01,3.080088e+00,1.682655e+00
2.562913e-01,0.000000e+00,0.000000e+00,4.096689e+00,0.000000e+00
1.496818e-01,9.018416e+00,9.106320e-02,0.000000e+00,1.258563e-01
6.737897e-01,1.360441e+00,8.671018e-01,2.328000e+00,2.295814e+00
2.246379e-01,1.160721e+00,9.196609e-01,3.143843e+00,1.164465e+00
2.690914e+00,7.063350e-01,5.875806e-01,1.144548e+00,3.423855e+00
1.196877e+00,0.000000e+00,2.924981e-01,3.263461e+00,1.278573e+00
8.493947e-01,8.457426e+00,1.979128e-01,0.000000e+00,2.067529e-01
2.065548e-01,7.374990e-01,2.083654e-01,3.781618e+00,4.717706e-01
1.138464e+00,1.114405e+00,1.024944e+01,3.232785e-01,1.985796e-01
3.471331e-01,3.987250e-01,0.000000e+00,1.363456e+00,5.670279e+00
9.344688e-02,6.779254e+00,3.456102e-01,8.199807e-01,8.684935e-01
1.967042e+00,0.000000e+00,9.441573e-02,2.877982e+00,9.791474e-01
1.107547e+00,4.630686e+00,1.099574e+00,7.942188e-01,1.539779e+00
8.751004e+00,6.934487e-02,0.000000e+00,0.000000e+00,0.000000e+00
1.047548e+00,4.209732e-01,2.822749e-01,3.534603e+00,4.536141e-01
5.234441e-01,0.000000e+00,0.000000e+00,4.034508e+00,0.000000e+00
1.158501e+00,0.000000e+00,1.814995e-01,3.558053e+00,7.249382e-01
8.073438e+00,2.196912e-01,1.539883e-01,1.624346e-01,2.746095e-01
4.851523e-01,1.618576e+00,1.108638e-01,3.079148e+00,1.654291e-01
1.538549e+00,2.292039e+00,4.480796e-01,2.075603e+00,9.818354e-01
3.183251e+00,3.601019e-01,5.553733e-01,1.624073e+00,2.496670e+00
1.562726e+00,1.357777e+00,8.887209e-02,1.417886e+00,2.398695e+00
2.756746e-01,4.710506e-01,0.000000e+00,9.345543e-01,6.308838e+00
5.116247e-01,3.338286e-01,6.536304e-02,1.064641e+00,6.043040e+00
7.261985e-01,1.270850e-01,4.003485e-01,3.519349e+00,1.114843e+00
4.612212e-01,4.765603e+00,1.250318e+00,9.436101e-01,1.619428e+00
1.614175e+00,6.508533e-01,0.000000e+00,2.868593e+00,0.000000e+00
1.442617e+00,0.000000e+00,0.000000e+00,8.247506e-01,5.649195e+00
3.598763e-01,8.915460e+00,2.297098e-01,2.946179e-02,1.701853e-01
8.490224e-02,1.257252e+00,5.077501e-01,3.336579e+00,4.312436e-01
1.161029e+00,9.595417e-01,0.000000e+00,3.155246e+00,0.000000e+00
1.575852e+00,2.460533e-01,0.000000e+00,3.179678e+00,0.000000e+00
1.210814e+00,2.718603e-01,0.000000e+00,7.286608e-01,6.039178e+00
6.736144e-01,1.660361e+00,9.601476e-01,2.091654e+00,2.395970e+00
2.757061e-01,4.759409e-01,1.474962e-02,1.009776e+00,6.354619e+00
8.256223e+00,0.000000e+00,0.000000e+00,0.000000e+00,0.000000e+00
1.391095e+00,1.101823e+00,3.552103e-01,1.691487e+00,2.975065e+00
9.545909e-02,9.116615e+00,1.296637e-01,0.000000e+00,8.136347e-02
4.816593e-01,1.223868e+00,0.000000e+00,3.313879e+00,0.000000e+00
2.951438e-02,1.104930e+00,2.902499e-01,3.392196e+00,1.111094e+00
6.943143e-01,1.960631e-01,6.094498e-01,2.771733e+00,2.463835e+00
1.916106e+00,1.389163e+00,4.645318e-01,2.249687e+00,9.844019e-01
1.783583e-01,1.634575e+00,6.294019e-01,3.019142e+00,1.234921e+00
1.554645e+00,1.482469e+00,3.539764e-01,1.581226e+00,2.222140e+00
7.117398e-01,1.261378e+00,2.964768e-02,3.237134e+00,0.000000e+00
5.494076e-01,5.795878e-01,7.035119e-01,2.454783e+00,2.901768e+00
8.200471e-01,4.182530e-01,2.547557e-01,1.651342e+00,4.762759e+00
8.278136e-01,1.244832e+00,0.000000e+00,3.198535e+00,0.000000e+00
0.000000e+00,7.423063e-01,2.700888e-02,1.261962e+00,5.862215e+00
1.800240e+00,6.054612e+00,0.000000e+00,5.671085e-01,0.000000e+00
2.522844e-01,8.348931e+00,2.669511e-01,7.634090e-02,4.854465e-01
3.884397e-01,8.049422e+00,4.575041e-01,5.423846e-02,3.743405e-01
2.240269e+00,3.981877e-01,6.295214e-01,2.132411e+00,2.269990e+00
1.289008e-01,8.574318e+00,2.595398e-01,1.400608e-01,2.373781e-01
1.462074e+00,0.000000e+00,1.472467e-02,3.190997e+00,8.571349e-01
7.110899e-01,4.338564e-01,0.000000e+00,8.301695e-01,6.077288e+00
1.151694e+00,0.000000e+00,0.000000e+00,8.987535e-01,5.766753e+00
8.624865e-01,6.693644e+00,0.000000e+00,5.829615e-01,0.000000e+00
5.577881e-01,3.942669e-01,0.000000e+00,8.358354e-01,6.182031e+00
2.420238e-01,8.968997e+00,2.829430e-01,0.000000e+00,8.479867e-02
4.898130e-01,2.586472e-01,9.568629e-02,1.207029e+00,5.861745e+00
2.137354e-01,1.019694e+00,3.349894e-01,3.495683e+00,7.848258e-01
1.026636e-01,1.474990e+00,3.318491e-01,1.673040e+00,4.292023e+00
1.959075e-01,8.321810e+00,9.362838e-02,2.209325e-01,1.493374e-01
9.526158e-01,6.998280e+00,4.226710e-02,5.035145e-01,5.050230e-02
3.115531e-01,8.592503e+00,9.415930e-02,1.845112e-01,1.397379e-01
6.282310e-02,6.337943e-01,5.325600e-01,3.527339e+00,9.891056e-01
2.903560e+00,1.612762e-01,7.596670e-01,1.872940e+00,2.298078e+00
1.561075e+00,1.242139e+00,2.153583e-01,1.405008e+00,2.682702e+00
9.664359e-01,1.127396e+00,2.898033e-01,2.432847e+00,2.021814e+00
0.000000e+00,1.337066e+00,4.250825e-01,3.260134e+00,1.057080e+00
2.710216e-01,6.352695e-01,2.859927e-01,1.336834e+00,5.475358e+00
8.250601e-01,1.056683e+00,5.965068e-01,2.399504e+00,2.210802e+00
8.847750e-01,1.108447e+00,7.219822e-01,2.132899e+00,2.587563e+00
5.976888e-01,7.649882e-01,3.703209e-02,7.447638e-01,6.213470e+00
1.654235e+00,0.000000e+00,9.081607e-02,3.250601e+00,9.079009e-01
3.216509e+00,9.740228e-01,4.781006e-01,1.146905e+00,1.533054e+00
1.860837e+00,2.061592e+00,4.885903e-01,2.078276e+00,1.010296e+00
6.623589e-01,1.880167e-01,4.138752e-01,3.525959e+00,1.006522e+00
1.577993e+00,3.230305e-01,5.184579e-01,1.835882e+00,3.653786e+00
2.582470e+00,6.291898e-01,2.865825e-01,1.281484e+00,1.538128e+00
5.865899e-01,1.043748e+00,5.716845e-01,3.029365e+00,1.280407e+00
1.348973e+00,1.584786e+00,6.735279e-01,1.576348e+00,2.096902e+00
6.893545e-01,0.000000e+00,0.000000e+00,3.902972e+00,0.000000e+00
1.247678e+00,6.444339e+00,0.000000e+00,7.365157e-01,1.345609e-01
2.582831e+00,6.726265e-01,3.223998e-01,1.201990e+00,3.361169e+00
2.021818e+00,0.000000e+00,0.000000e+00,2.965708e+00,7.089482e-01
6.500591e-01,6.878304e-01,3.403551e-02,3.399580e+00,7.243611e-01
1.443615e+00,1.441923e+00,1.799799e-01,1.374166e+00,2.431353e+00
1.934859e+00,1.202749e+00,4.853386e-01,1.343101e+00,3.019416e+00
5.052691e-01,8.197548e+00,4.739627e-01,1.726355e-01,3.180467e-01
2.487709e+00,1.004188e+00,5.387719e-01,1.031078e+00,3.439121e+00
1.077660e+00,1.227688e+00,8.498480e+00,8.264526e-01,3.346759e-01
1.986260e+00,0.000000e+00,1.323445e-01,6.939776e-01,5.865042e+00
3.549778e-01,9.097179e-01,0.000000e+00,9.456812e-01,5.827485e+00
1.022171e+00,0.000000e+00,2.836889e-01,3.448215e+00,9.102783e-01
4.675403e-01,5.063755e+00,1.321675e+00,7.862076e-01,1.656611e+00
8.211281e+00,8.785278e-01,0.000000e+00,0.000000e+00,0.000000e+00
0.000000e+00,5.755737e-01,5.163318e-01,3.734870e+00,4.860418e-01
7.924730e-01,6.427727e+00,2.285255e-01,7.079718e-01,2.141133e-01
8.504655e-02,6.768328e-01,5.024974e-01,9.960148e-01,6.243778e+00
9.666045e-01,1.942860e-01,2.947305e-01,3.496285e+00,8.215875e-01
5.701395e-01,1.046503e+00,5.170848e-01,2.853959e+00,1.804891e+00
2.296272e-01,8.995500e+00,0.000000e+00,0.000000e+00,0.000000e+00
2.264379e+00,0.000000e+00,9.804446e-02,2.841946e+00,7.101853e-01
2.103068e-01,5.384775e-01,2.233866e-01,1.590435e+00,5.203603e+00
1.573221e-01,9.089481e-01,8.652994e-01,2.317829e+00,3.288561e+00
5.907447e-01,1.178398e+00,0.000000e+00,3.352850e+00,4.876627e-01
1.186254e+00,0.000000e+00,4.122021e-01,3.236379e+00,1.309030e+00
5.852664e-01,7.275986e+00,3.598093e-01,4.691453e-01,4.129278e-01
0.000000e+00,7.140081e-02,0.000000e+00,4.169301e+00,0.000000e+00
1.046776e-01,8.649133e+00,7.020136e-01,0.000000e+00,1.899052e-01
1.760707e-01,8.215705e+00,2.432704e-01,1.691403e-01,6.322207e-01
2.473649e+00,7.410104e-01,5.015269e-01,9.619660e-01,3.843378e+00
1.544454e+00,1.168782e+00,6.810561e-01,2.522592e+00,9.416826e-01
1.130849e-01,2.688687e-01,0.000000e+00,4.115973e+00,0.000000e+00
1.473312e+00,9.485265e-02,0.000000e+00,3.121785e+00,6.383124e-01
3.909296e-01,3.691491e-01,2.162651e-01,3.664435e+00,7.316517e-01
1.494315e+00,0.000000e+00,4.198142e-02,3.382164e+00,7.106031e-01
1.711411e+00,9.605815e-01,0.000000e+00,2.915606e+00,0.000000e+00
1.052580e+00,4.511730e-01,2.167704e-01,9.381028e-01,5.796019e+00
8.350030e-02,8.162074e+00,2.741607e-01,2.068011e-01,6.099811e-01
5.964024e-01,6.884850e-01,6.291974e-01,3.259327e+00,1.206527e+00
3.813391e-01,4.730994e+00,1.270836e+00,9.665530e-01,1.758717e+00
2.878274e-01,1.250911e+00,7.736376e-02,3.569871e+00,4.540211e-01
1.114384e+00,3.261324e-01,2.078429e-01,2.268600e+00,3.169003e+00
1.211001e-01,8.937921e+00,5.418376e-02,1.770539e-01,0.000000e+00
7.167117e-01,8.647593e-01,1.854387e-02,3.248780e+00,8.942193e-01
2.254690e-01,8.382757e+00,5.714487e-01,1.613255e-01,2.383435e-01
8.249703e+00,4.080584e-03,0.000000e+00,2.358685e-01,0.000000e+00
8.108284e-01,2.312726e-01,4.793861e-01,3.223099e+00,1.499285e+00
1.408617e+00,0.000000e+00,5.918813e-02,3.413945e+00,8.322645e-01
5.492022e-01,6.240965e+00,0.000000e+00,6.259158e-01,0.000000e+00
1.176576e+00,7.528677e+00,1.695843e-01,3.751868e-01,1.907096e-01
0.000000e+00,8.176666e+00,4.325069e-02,3.295861e-01,2.382703e-01
7.664436e-01,5.732694e+00,0.000000e+00,8.694748e-01,1.248998e-01
1.362966e+00,0.000000e+00,0.000000e+00,2.841584e+00,1.983363e+00
1.302584e+00,0.000000e+00,0.000000e+00,8.885854e-01,5.689664e+00
2.216190e+00,2.575945e-01,4.595305e-01,2.129368e+00,2.566948e+00
2.638716e-02,1.126474e+00,5.181246e-01,2.893667e+00,1.854842e+00
4.670230e-01,7.096161e-01,3.764388e-01,3.359451e+00,1.068051e+00
5.298641e-01,4.074002e-02,0.000000e+00,4.111079e+00,5.101144e-02
8.415395e-01,2.888885e-01,0.000000e+00,8.427500e-01,6.208920e+00
7.903270e-01,8.911907e-02,0.000000e+00,8.659721e-01,6.228359e+00
1.531777e+00,2.907579e-01,5.530386e-01,2.747973e+00,1.774175e+00
2.514791e+00,0.000000e+00,4.495198e-01,2.145790e+00,2.278271e+00
1.088519e+00,3.247184e-03,0.000000e+00,9.080849e-01,5.949380e+00
3.170023e+00,2.245205e-01,5.577476e-01,1.833112e+00,2.305511e+00
3.069055e-01,8.924465e-01,6.242423e-02,3.488499e+00,7.837470e-01
7.588749e-01,7.469983e-01,0.000000e+00,3.233259e+00,2.004956e-01
6.325722e-01,7.489865e-01,0.000000e+00,3.603694e+00,3.591223e-01
6.998740e-01,9.693663e-01,0.000000e+00,2.960313e+00,0.000000e+00
2.158672e+00,0.000000e+00,0.000000e+00,3.069266e+00,7.158195e-01
8.581633e+00,1.175543e-01,1.970044e-02,0.000000e+00,1.211731e-02
3.798108e-01,1.221846e+00,1.205449e+00,2.409930e+00,2.234267e+00
7.450680e-01,1.498197e+00,2.305122e-01,2.497851e+00,1.828863e+00
4.364087e-01,5.436043e-02,0.000000e+00,3.921945e+00,3.938288e-01
1.556586e-01,8.890614e+00,1.735622e-01,0.000000e+00,1.816813e-01
1.527519e+00,1.356033e-01,0.000000e+00,3.197019e+00,0.000000e+00
1.043563e+00,0.000000e+00,4.211658e-01,3.303571e+00,1.129082e+00
1.275355e+00,0.000000e+00,0.000000e+00,8.099409e-01,5.817205e+00
6.023189e-01,7.347450e+00,3.867787e-02,3.942099e-01,6.205909e-01
1.100552e-01,8.820522e+00,1.284012e-01,0.000000e+00,2.463711e-01
1.091919e+00,1.030886e+00,1.008362e+01,5.212661e-01,1.031594e-01
2.872420e-01,1.657626e+00,2.197494e-01,3.272438e+00,4.295294e-02
5.115825e-01,1.392174e+00,4.552689e-01,3.088147e+00,1.029858e+00
5.948825e-01,1.034548e+00,0.000000e+00,3.475109e+00,3.275640e-01
1.324850e-01,8.607466e+00,3.474721e-02,7.164132e-02,1.392527e-01
2.668654e+00,4.204825e-01,4.532639e-01,1.675043e+00,1.653443e+00
1.059735e+00,9.642748e-01,1.006536e+01,5.098518e-01,1.733556e-01
9.571022e-01,5.368029e-01,0.000000e+00,3.138747e+00,0.000000e+00
1.515504e+00,2.543429e-01,3.082737e-01,2.965681e+00,1.508069e+00
2.423379e+00,8.429040e-01,8.340707e-01,1.110384e+00,3.397345e+00
2.401650e-01,3.630765e-01,0.000000e+00,4.070742e+00,4.717053e-02
7.650854e-01,1.044916e+00,0.000000e+00,3.319596e+00,4.744340e-01
1.114267e+00,8.338038e-02,1.826618e-01,3.517743e+00,9.069651e-01
5.787188e-01,1.127412e+00,2.611949e-01,3.267599e+00,7.043313e-01
4.456195e-01,3.680623e-01,8.300997e-02,3.872602e+00,3.100335e-01
1.308598e+00,5.493594e-01,7.384341e-02,3.184392e+00,0.000000e+00
3.716136e-01,8.656866e+00,1.119634e-01,7.833880e-02,1.498293e-01
9.850549e-01,6.899462e-01,8.492687e-01,1.834853e+00,3.685995e+00
7.581508e-01,1.051387e+00,5.331505e-02,3.232670e+00,4.337648e-02
9.579453e-01,1.022037e+00,6.786234e+00,1.475585e+00,5.263726e-01
1.164596e+00,6.974426e+00,0.000000e+00,5.256522e-01,0.000000e+00
6.576050e+00,7.121401e-01,4.793760e-01,3.724228e-01,8.587086e-01
5.143077e-01,1.547068e+00,7.767870e-02,3.058149e+00,9.994799e-01
1.371237e+00,5.933710e-01,0.000000e+00,3.383294e+00,1.979684e-01
1.085114e+00,3.752130e-01,0.000000e+00,6.352340e-01,5.968956e+00
0.000000e+00,2.184841e+00,8.404374e-02,3.145551e+00,6.152277e-01
8.272469e-01,4.676375e+00,1.338885e+00,8.760043e-01,1.693953e+00
1.851019e-01,3.696320e-02,0.000000e+00,4.182884e+00,1.083920e-01
1.671251e+00,0.000000e+00,2.990527e-01,3.024072e+00,1.291189e+00
1.734786e+00,2.303352e-01,0.000000e+00,3.292706e+00,0.000000e+00
1.982509e-02,6.433625e-01,1.422752e-01,1.021103e+00,6.347471e+00
0.000000e+00,4.110031e-01,0.000000e+00,4.105150e+00,5.419534e-02
6.618091e-01,9.346981e-01,0.000000e+00,3.394443e+00,0.000000e+00
0.000000e+00,1.003951e+00,0.000000e+00,3.631561e+00,5.950038e-01
1.236147e+00,1.176712e+00,9.821971e+00,4.064356e-01,1.637952e-01
2.010712e+00,9.698046e-01,6.047772e-01,1.405249e+00,3.164085e+00
1.028398e+00,8.684713e-01,0.000000e+00,3.353904e+00,0.000000e+00
1.878817e-01,2.124556e+00,4.204400e-01,2.920274e+00,8.976901e-01
1.084331e+00,5.627412e+00,0.000000e+00,1.120549e+00,1.454103e-02
6.997157e+00,8.714089e-01,4.951616e-01,2.649482e-01,5.721493e-01
1.321589e+00,1.119269e+00,1.004420e+01,3.225992e-01,0.000000e+00
3.229195e-01,3.668862e-01,0.000000e+00,1.026140e+00,6.229222e+00
9.948525e-01,4.934364e+00,1.229266e+00,5.531373e-01,1.765680e+00
1.685775e-01,8.355285e+00,3.688312e-01,1.240645e-01,5.239545e-01
1.096063e-01,1.450529e+00,1.371371e-01,3.372040e+00,6.845550e-01
4.325733e-01,1.120590e+00,0.000000e+00,3.441546e+00,0.000000e+00
1.202478e+00,0.000000e+00,0.000000e+00,3.432923e+00,0.000000e+00
2.649709e+00,6.706309e-01,4.680327e-01,1.545691e+00,1.925644e+00
0.000000e+00,2.504956e+00,3.980359e-01,2.940666e+00,6.423567e-01
6.517640e-01,1.183362e+00,5.880110e-01,2.765137e+00,1.345104e+00
1.984916e+00,1.079903e+00,2.389491e+00,1.173131e+00,1.909766e+00
1.401591e+00,1.591402e+00,3.000318e-01,1.521900e+00,2.250597e+00
2.680825e-01,1.428186e+00,1.062804e-02,3.464173e+00,5.163609e-01
0.000000e+00,7.585590e-01,6.355570e-01,1.167382e+00,5.893227e+00
1.156089e+00,8.661146e-01,9.636230e+00,6.736657e-01,4.466931e-02
0.000000e+00,8.338671e-01,0.000000e+00,3.633292e+00,8.717866e-01
5.967213e-01,8.665981e-01,4.232467e-01,3.242164e+00,1.120802e+00
2.199081e+00,0.000000e+00,0.000000e+00,3.003776e+00,6.408616e-01
2.647814e-01,6.308115e-01,0.000000e+00,1.389804e+00,5.347709e+00
2.285791e-01,1.410967e+00,8.149240e-01,2.906141e+00,1.402731e+00
7.925650e-01,2.411469e-01,0.000000e+00,1.002035e+00,5.859796e+00
9.584500e-02,8.521570e+00,1.505569e-01,2.219636e-01,1.373468e-01
3.036375e-02,1.582243e+00,7.121839e-01,3.068517e+00,1.271458e+00
1.917114e-01,8.258360e+00,8.567211e-02,2.387414e-01,1.866529e-01
1.232103e+00,9.830422e-01,1.049309e+01,2.964888e-01,0.000000e+00
3.985376e-01,1.364881e+00,7.290328e-01,3.013419e+00,1.151075e+00
6.731891e-01,7.190212e+00,0.000000e+00,5.106730e-01,7.558032e-02
0.000000e+00,2.581705e-01,1.273710e-01,2.018210e+00,4.835336e+00
9.653890e-01,1.423049e+00,8.980951e-01,2.108220e+00,2.274680e+00
6.698671e-01,8.064153e+00,4.251197e-01,1.781415e-01,2.341343e-01
2.087274e-01,8.375588e+00,1.286302e-01,1.462849e-01,4.503583e-01
0.000000e+00,1.295034e+00,1.192344e-01,3.367332e+00,7.707151e-01
2.571348e+00,2.461778e-01,7.241950e-01,1.925753e+00,2.539709e+00
1.960900e+00,1.307628e+00,3.941833e-01,1.387788e+00,2.530978e+00
2.024994e+00,1.281062e+00,3.237688e-01,2.390545e+00,8.914415e-01
8.374840e-01,4.726734e-01,0.000000e+00,3.286544e+00,0.000000e+00
1.132166e+00,1.015123e+00,9.950027e+00,4.734765e-01,1.458479e-01
9.675338e-01,3.081338e-02,0.000000e+00,1.102766e+00,5.130634e+00
1.032252e+00,3.922496e-01,0.000000e+00,3.176212e+00,0.000000e+00
0.000000e+00,3.856382e-01,1.366924e-01,4.090498e+00,1.009395e-01
1.478843e-01,8.671436e+00,2.612460e-01,1.655716e-01,9.425840e-02
7.155097e-02,1.450877e+00,4.606796e-01,3.137346e+00,1.146010e+00
1.645423e-01,1.209465e+00,8.612938e-01,2.679155e+00,2.169007e+00
7.556964e-01,1.315595e+00,6.527741e-02,3.200522e+00,0.000000e+00
6.784860e-01,8.264344e-01,9.490216e-03,3.427717e+00,1.134140e-01
1.296079e-01,8.602869e+00,3.059533e-01,5.349256e-02,1.977809e-01
2.966872e-01,5.837451e-01,0.000000e+00,3.653143e+00,0.000000e+00
1.778815e+00,1.224752e+00,0.000000e+00,1.711610e+00,2.274729e+00
5.229345e-02,1.254979e+00,7.327233e-01,3.055569e+00,1.508715e+00
7.979538e+00,0.000000e+00,4.141505e-03,0.000000e+00,3.649485e-01
5.146136e-01,3.449975e-01,3.130291e-01,2.473690e+00,3.367403e+00
2.910042e-01,1.491877e+00,5.643108e-01,3.021797e+00,1.230544e+00
2.114600e+00,0.000000e+00,0.000000e+00,4.913712e-01,5.839603e+00
5.321552e+00,7.825913e-01,1.109333e+00,9.583785e-01,1.216074e+00
2.810088e-02,3.820240e-01,3.527416e-01,3.912373e+00,3.938506e-01
1.156030e+00,0.000000e+00,0.000000e+00,1.127551e+00,5.529291e+00
3.152885e-01,6.894579e-01,4.369880e-01,3.481373e+00,9.833861e-01
1.872879e-01,8.675766e+00,2.574157e-02,1.013324e-01,1.072585e-01
2.339421e-01,9.599805e-01,2.473037e-02,3.472776e+00,8.455173e-01
3.214096e-01,5.616924e+00,0.000000e+00,6.938055e-01,0.000000e+00
8.921741e-01,6.848304e-02,0.000000e+00,1.785019e+00,4.522688e+00
1.594617e+00,0.000000e+00,0.000000e+00,3.264405e+00,0.000000e+00
1.837145e+00,0.000000e+00,2.364597e-01,3.126051e+00,1.026289e+00
1.206576e+00,3.242454e-01,4.508143e-02,9.506297e-01,5.750247e+00
1.846353e+00,0.000000e+00,1.534498e-01,3.158385e+00,7.683216e-01
6.775343e-01,1.093490e+00,7.961139e-02,3.380459e+00,0.000000e+00
5.382218e-01,1.735266e+00,9.252665e-01,2.554987e+00,1.633025e+00
1.610339e+00,1.395448e+00,3.294186e-01,1.559769e+00,2.705281e+00
8.151860e+00,0.000000e+00,8.429085e-02,4.837109e-03,3.839695e-01
2.308866e-01,1.290535e+00,1.018032e+00,2.874554e+00,9.638719e-01
4.731128e+00,6.592507e-01,8.668695e-01,1.424488e+00,1.090543e+00
1.153933e+00,1.698187e+00,4.942059e-01,1.746942e+00,2.763104e+00
1.997357e+00,5.093373e-01,5.290369e-01,2.066176e+00,2.471467e+00
6.472605e-01,1.137605e+00,8.894397e-01,2.123453e+00,2.980235e+00
3.994901e-01,1.581455e+00,1.015699e+00,2.736819e+00,1.501280e+00
8.132685e-01,2.669333e-01,0.000000e+00,8.211682e-01,6.267600e+00
2.482493e+00,7.274301e-01,9.487543e-01,1.735915e+00,2.516185e+00
5.213483e-01,1.509521e+00,6.387717e-01,2.869708e+00,1.341304e+00
1.214303e-01,3.886347e-01,1.945480e-01,1.280931e+00,5.965383e+00
4.795491e-01,1.211061e+00,2.294395e-01,3.263843e+00,7.579929e-01
1.421502e+00,8.118295e-01,0.000000e+00,2.966507e+00,3.003941e-01
8.116894e+00,0.000000e+00,0.000000e+00,0.000000e+00,6.936007e-02
5.955373e-01,8.558761e+00,0.000000e+00,9.377245e-02,0.000000e+00
5.160497e-01,1.418693e+00,9.820718e-01,2.180805e+00,2.433761e+00
0.000000e+00,9.065055e+00,4.066796e-01,0.000000e+00,9.962758e-02
7.577764e-01,5.790643e+00,4.313745e-01,7.313673e-01,3.560251e-01
8.968837e-01,0.000000e+00,7.883732e-02,2.928270e+00,2.475243e+00
7.024213e-01,1.494543e-02,0.000000e+00,1.346250e+00,5.402550e+00
5.190312e-01,3.462233e-01,1.601900e-01,3.497379e+00,8.560293e-01
7.920967e-01,7.511396e+00,9.190590e-02,4.586038e-01,1.762536e-01
7.351217e+00,0.000000e+00,0.000000e+00,3.268799e-01,3.918854e-01
2.573007e-01,8.732103e-01,2.353607e-01,3.320182e+00,1.084327e+00
1.370376e+00,4.444549e-01,0.000000e+00,3.217282e+00,0.000000e+00
1.745577e+00,1.118095e+00,0.000000e+00,2.282434e+00,5.947368e-01
7.384033e-01,1.843535e-01,7.013064e-02,9.844430e-01,5.987956e+00
3.834633e-01,3.227364e-01,0.000000e+00,1.077538e+00,6.181488e+00
7.049411e+00,6.009641e-01,5.206550e-01,3.174484e-01,6.859886e-01
5.290636e-01,1.539289e+00,9.065190e-01,2.817763e+00,9.596750e-01
1.507009e+00,1.293072e+00,2.516541e-01,1.412075e+00,2.461398e+00
3.832412e-01,1.127227e+00,0.000000e+00,3.155805e+00,7.222122e-02
5.510682e-01,3.524910e-01,1.225806e-01,8.589446e-01,6.392163e+00
2.845001e-01,4.356736e-01,0.000000e+00,1.272161e+00,5.859635e+00
1.334580e+00,4.947509e-01,7.899249e-02,1.144186e+00,5.219745e+00
1.026432e+00,1.170482e-01,6.039243e-01,3.142571e+00,1.556387e+00
8.740989e-01,1.170056e+00,1.178525e+00,2.172951e+00,2.479497e+00
9.345892e-01,7.345415e-01,0.000000e+00,3.326537e+00,0.000000e+00
1.693128e+00,0.000000e+00,0.000000e+00,3.458015e+00,3.426248e-01
0.000000e+00,1.850065e-01,1.563966e-01,4.030158e+00,4.109359e-01
1.224295e-01,1.440458e+00,4.766096e-01,3.295302e+00,4.810575e-01
8.744252e-01,2.078686e-01,4.144656e-01,3.335248e+00,1.181631e+00
1.985053e-01,1.134352e+00,6.478388e-01,3.166264e+00,1.299453e+00
7.144588e-01,5.431593e-01,4.610193e-01,2.531129e+00,2.765326e+00
2.509026e+00,1.991067e-01,4.162997e-01,1.981301e+00,2.564270e+00
1.492845e+00,4.822235e-02,1.454232e-01,3.527006e+00,4.703860e-01
2.123535e-02,3.009644e-01,1.564341e-01,4.123757e+00,1.040367e-01
2.674746e-01,7.852213e+00,3.660690e-01,4.275523e-02,8.865022e-01
1.198815e+00,1.002536e+00,1.007079e+01,4.839064e-01,5.091547e-02
1.652744e-01,7.999539e+00,1.556230e-01,2.135206e-01,1.866639e-01
2.664701e+00,0.000000e+00,0.000000e+00,2.693568e+00,9.635812e-01
3.424160e-01,1.389181e+00,1.522409e-01,3.297090e+00,5.749973e-01
1.231978e+00,9.424072e-01,1.052448e+01,3.037882e-01,0.000000e+00
4.038814e-01,6.468209e+00,0.000000e+00,4.884850e-01,0.000000e+00
3.063303e-01,2.402492e+00,1.333463e-01,2.933054e+00,3.338682e-01
0.000000e+00,8.511147e+00,1.715466e-01,1.475802e-01,3.214747e-01
8.927711e+00,0.000000e+00,0.000000e+00,0.000000e+00,0.000000e+00
2.015382e-01,7.820091e+00,0.000000e+00,4.030454e-01,1.696810e-01
2.586711e-01,1.336056e+00,1.342847e-01,3.346807e+00,7.105231e-01
8.115801e+00,0.000000e+00,0.000000e+00,0.000000e+00,0.000000e+00
7.477727e-01,1.121970e+00,1.064313e+00,2.755698e+00,1.302723e+00
3.683049e+00,4.463502e-01,3.581312e-01,1.230997e+00,1.595810e+00
6.801596e+00,7.738787e-01,5.421440e-01,2.986892e-01,8.620081e-01
3.365863e-01,1.631919e+00,3.161270e-01,3.107068e+00,6.679146e-01
0.000000e+00,1.584968e+00,5.928934e-01,3.041343e+00,1.321851e+00
1.463453e+00,2.857464e-01,4.727289e-01,3.026988e+00,1.017437e+00
2.087283e-01,6.449841e-01,0.000000e+00,2.576144e+00,2.788374e+00
8.149864e+00,2.041284e-01,0.000000e+00,2.820831e-01,0.000000e+00
2.980046e-01,1.368981e+00,7.331840e-02,3.372701e+00,5.382045e-01
2.106237e-01,1.646756e+00,8.591539e-01,2.777018e+00,1.581489e+00
1.661443e+00,6.416860e-02,0.000000e+00,6.321252e-01,5.859103e+00
0.000000e+00,9.236975e+00,0.000000e+00,1.553769e-02,0.000000e+00
1.509846e-01,8.210771e+00,6.451244e-01,5.442840e-02,6.913717e-01
1.019311e+00,1.662605e-01,5.573811e-01,3.055272e+00,1.697558e+00
3.322319e+00,5.530060e-01,4.008816e-01,7.017337e-01,3.721573e+00
1.674710e+00,0.000000e+00,8.865011e-02,3.198355e+00,9.364660e-01
1.394548e-01,8.935759e+00,9.478147e-02,0.000000e+00,1.648526e-01
2.241031e-01,8.913724e+00,1.508520e-01,7.391670e-02,1.091978e-01
5.117992e-01,7.094610e+00,1.542296e-01,5.609147e-01,1.008888e-01
9.679469e-01,1.122172e+00,3.776112e-02,2.988241e+00,2.217846e-01
8.262986e-01,0.000000e+00,2.697297e-02,3.634344e+00,9.865185e-01
4.101833e-01,3.596765e-01,0.000000e+00,1.223185e+00,5.913260e+00
1.843887e+00,7.228030e-02,1.978640e-02,6.812232e-01,5.789238e+00
1.159094e+00,2.238004e-01,1.043646e-01,7.807693e-01,5.980252e+00
1.359916e+00,0.000000e+00,3.415393e-01,3.258169e+00,1.258789e+00
6.574828e-01,1.412940e+00,5.600965e-01,2.730296e+00,1.439423e+00
4.236576e-01,5.745947e-03,0.000000e+00,3.972567e+00,4.535704e-01
6.882189e-01,7.339246e-01,0.000000e+00,3.597239e+00,3.189291e-01
0.000000e+00,1.270077e+00,3.649852e-01,3.491173e+00,4.050445e-01
0.000000e+00,8.761948e+00,5.579844e-01,3.685455e-02,2.397092e-01
3.096476e-01,8.848881e+00,3.673175e-01,0.000000e+00,1.433084e-01
1.403651e-01,9.180032e-03,0.000000e+00,4.179024e+00,0.000000e+00
1.617857e-01,9.795850e-01,2.750863e-01,3.377738e+00,1.103389e+00
7.552396e-01,6.372067e-01,0.000000e+00,3.380536e+00,5.760328e-01
7.661552e-01,3.287993e-01,0.000000e+00,9.000495e-01,6.125765e+00
1.917661e+00,0.000000e+00,9.353191e-02,2.798543e+00,1.180009e+00
8.337965e-01,5.361045e-01,1.206642e-01,3.450237e+00,8.171249e-01
0.000000e+00,8.580732e+00,1.985993e-01,7.126261e-02,4.726811e-01
4.680905e-01,6.005430e-01,0.000000e+00,7.293873e-01,6.328234e+00
1.165587e+00,1.346519e+00,6.342533e-01,2.200399e+00,2.081184e+00
1.206148e+00,1.106554e+00,9.518183e+00,5.659403e-01,1.848479e-01
1.301630e+00,2.040640e-01,0.000000e+00,3.644456e+00,2.458650e-01
1.425499e+00,4.320587e-01,0.000000e+00,3.148881e+00,0.000000e+00
5.488369e-04,1.348742e+00,3.485377e-01,3.375942e+00,2.751273e-01
2.678967e+00,3.081205e-01,9.133692e-01,1.635686e+00,2.882089e+00
1.457043e+00,1.038532e-02,3.734141e-01,3.203356e+00,1.025124e+00
1.600122e+00,1.414800e+00,1.724444e-01,1.395908e+00,2.424624e+00
2.910058e-01,9.793452e-01,2.364317e-01,3.374186e+00,8.825257e-01
8.083244e-01,9.104160e-02,5.827150e-01,3.451979e+00,1.204839e+00
1.653347e+00,9.504227e-01,2.509884e-01,1.724954e+00,2.989606e+00
1.586534e+00,7.506462e-01,7.201331e-01,2.127440e+00,2.480760e+00
1.811618e+00,0.000000e+00,0.000000e+00,2.984703e+00,0.000000e+00
0.000000e+00,1.168875e+00,3.856431e-01,3.118718e+00,1.404233e+00
9.886846e-01,8.213654e-01,1.371378e-01,3.256720e+00,7.399206e-01
1.750413e-02,1.389448e+00,6.771665e-01,3.043248e+00,1.454569e+00
9.715352e-01,8.155166e-01,4.540018e-01,3.105885e+00,1.186736e+00
1.045827e+00,0.000000e+00,0.000000e+00,3.546039e+00,9.266311e-01
2.312666e-01,7.960893e+00,5.692393e-01,1.077122e-01,3.549822e-01
0.000000e+00,1.923102e+00,7.625393e-01,3.138687e+00,4.697647e-01
3.337527e-01,8.223183e+00,0.000000e+00,9.481928e-02,0.000000e+00
5.366693e-01,3.537842e+00,1.113319e+00,1.660775e+00,1.662457e+00
1.354581e+00,1.175702e+00,6.902039e-01,2.145390e+00,2.259634e+00
2.429274e+00,2.631368e-02,0.000000e+00,2.794012e+00,5.278379e-01
1.664962e+00,4.991428e-01,0.000000e+00,3.222840e+00,0.000000e+00
3.630695e+00,0.000000e+00,0.000000e+00,1.643906e+00,1.347592e+00
2.026262e-01,1.244163e+00,1.310238e-01,3.113247e+00,1.416851e+00
0.000000e+00,1.048639e+00,5.007687e-01,3.333601e+00,1.334284e+00
1.628350e+00,2.189408e+00,4.326436e-01,2.191639e+00,7.594047e-01
1.136515e+00,9.715338e-02,0.000000e+00,3.675874e+00,1.590573e-01
4.885397e-01,2.901345e-01,2.711469e-01,3.717642e+00,6.647890e-01
0.000000e+00,2.404023e+00,4.135586e-01,2.931778e+00,7.754913e-01
1.266598e+00,7.831074e-01,1.154931e-02,3.212700e+00,0.000000e+00
0.000000e+00,1.676670e+00,6.109670e-01,3.037230e+00,1.243495e+00
1.682308e-01,8.480636e+00,0.000000e+00,1.256927e-01,1.910099e-01
7.332334e+00,0.000000e+00,0.000000e+00,8.065920e-01,2.219182e-01
2.009876e+00,7.229371e-01,4.917477e-01,1.212551e+00,4.082726e+00
1.911013e-01,8.400256e+00,1.759923e-01,1.600794e-01,5.432628e-01
1.076166e+00,3.756518e-01,5.660858e-01,2.970393e+00,1.623366e+00
1.986449e+00,0.000000e+00,2.772675e-01,3.010717e+00,9.213133e-01
1.249121e+00,1.874212e-01,7.336001e-01,2.342998e+00,2.856184e+00
3.635375e-01,1.077580e+00,0.000000e+00,3.553587e+00,3.912954e-01
1.788464e+00,0.000000e+00,1.412775e-04,9.660457e-01,5.475441e+00
1.087696e+00,9.639905e-01,0.000000e+00,3.269702e+00,0.000000e+00
2.312754e+00,0.000000e+00,2.489030e-01,2.492157e+00,1.672708e+00
1.083797e+00,1.007383e+00,5.973024e-01,2.307139e+00,2.281029e+00
6.275032e-01,4.072632e-01,1.807341e-01,3.645053e+00,5.531181e-01
5.770535e-01,5.104970e+00,1.428963e+00,7.753841e-01,1.546409e+00
9.659642e-01,1.098153e-01,2.676943e-01,3.669065e+00,1.891880e-01
1.267453e+00,3.970816e-01,0.000000e+00,3.145634e+00,0.000000e+00
7.014749e-01,0.000000e+00,2.769666e-01,3.573685e+00,9.958906e-01
1.966744e+00,0.000000e+00,1.737946e-01,3.286326e+00,6.750182e-01
1.120396e+00,0.000000e+00,0.000000e+00,8.653215e-01,6.008158e+00
1.736217e+00,0.000000e+00,7.970343e-02,3.039103e+00,1.065866e+00
0.000000e+00,1.676018e+00,4.834321e-01,3.096910e+00,1.068133e+00
2.530312e+00,4.424302e-01,4.015265e-01,2.075189e+00,2.151590e+00
1.242739e+00,5.801961e+00,5.907030e-01,9.340383e-01,4.712714e-01
1.324900e+00,0.000000e+00,4.955602e-01,3.259216e+00,1.032736e+00
1.660262e+00,1.709901e-01,0.000000e+00,3.171162e+00,0.000000e+00
5.649474e-01,8.105007e+00,1.250317e-01,1.415903e-02,3.646066e-01
3.376769e-01,1.609622e+00,8.398043e-01,1.858484e+00,3.317868e+00
8.043393e-01,1.428179e+00,1.161391e+00,2.568024e+00,1.358381e+00
3.787711e-01,1.818970e+00,0.000000e+00,3.063940e+00,6.679388e-01
5.153949e+00,4.920408e-01,5.769781e-01,1.396492e+00,9.724267e-01
1.486972e-01,1.791911e+00,6.811851e-01,2.792237e+00,1.509375e+00
3.272762e+00,5.220041e-01,2.657282e-01,1.398223e+00,1.736072e+00
7.923723e-01,7.583086e-01,0.000000e+00,3.289295e+00,0.000000e+00
1.135340e+00,1.164756e+00,1.019439e+00,1.891048e+00,3.068681e+00
1.153041e+00,3.696675e-01,4.111305e-02,3.131691e+00,1.229095e+00
1.400099e+00,0.000000e+00,0.000000e+00,9.821254e-01,5.452048e+00
1.948323e-01,8.154581e+00,2.116427e-01,2.028250e-01,5.525740e-01
2.595916e+00,6.058004e-01,5.457305e-01,1.028570e+00,3.667853e+00
1.939836e+00,0.000000e+00,4.715891e-02,2.913898e+00,9.789297e-01
7.177232e-01,9.018223e-01,0.000000e+00,3.394551e+00,5.266686e-01
1.307579e-01,2.821044e-01,0.000000e+00,4.083969e+00,1.711691e-01
5.893013e-01,1.349270e+00,1.055928e+00,2.753045e+00,1.293457e+00
1.460052e+00,7.229889e-01,6.920506e-01,1.408986e+00,4.121482e+00
8.611896e+00,0.000000e+00,0.000000e+00,2.847739e-02,0.000000e+00
1.133476e+00,3.522686e-01,0.000000e+00,1.273020e+00,4.895085e+00
3.017427e-01,0.000000e+00,0.000000e+00,4.121663e+00,1.547094e-01
6.513108e-01,5.403260e-01,0.000000e+00,6.947584e-01,6.415047e+00
0.000000e+00,1.559498e+00,3.714172e-01,3.354151e+00,6.611190e-01
2.177156e+00,2.064595e-01,0.000000e+00,4.975043e-01,5.527971e+00
1.805381e-01,2.628312e-01,4.170111e-02,3.994636e+00,2.628105e-01
2.322247e+00,6.117192e-01,1.181886e+00,1.398293e+00,3.082926e+00
1.418262e-01,1.428983e+00,1.109196e-01,3.373193e+00,5.762742e-01
1.769860e+00,1.721174e+00,3.593443e-01,2.189132e+00,9.461443e-01
0.000000e+00,8.448219e+00,6.504331e-01,1.179013e-01,4.047717e-01
4.300973e-01,1.303984e+00,6.837249e-01,2.883332e+00,1.515789e+00
4.816428e-01,1.220150e+00,7.582207e-01,3.056098e+00,7.794071e-01
1.458607e+00,1.252778e+00,2.499104e-01,1.116249e+00,3.681338e+00
6.574427e-01,1.435602e+00,1.565165e-01,2.963936e+00,1.105755e+00
1.118301e+00,1.661163e-01,0.000000e+00,7.657615e-01,6.185517e+00
2.660701e-01,8.458572e+00,0.000000e+00,0.000000e+00,0.000000e+00
1.318254e+00,1.363076e+00,8.036048e+00,7.673720e-01,3.418295e-01
1.089667e+00,2.753546e-01,0.000000e+00,2.963689e+00,0.000000e+00
2.475138e+00,0.000000e+00,1.667127e-01,2.766450e+00,1.232763e+00
3.421061e-01,0.000000e+00,1.294606e-01,4.039749e+00,1.016812e-01
7.865445e-01,4.968286e+00,1.118751e+00,7.601087e-01,1.594446e+00
7.295115e-02,8.137316e+00,3.535896e-01,3.172804e-01,2.449051e-01
1.460040e+00,1.498676e+00,2.837284e-01,1.419544e+00,2.425547e+00
2.105604e+00,5.541662e-01,5.690284e-01,1.273453e+00,4.048068e+00
4.762306e-01,4.293402e-01,5.716093e-01,2.462518e+00,3.280567e+00
4.085193e-03,7.454227e-01,3.530798e-01,1.248839e+00,5.760465e+00
0.000000e+00,9.153317e+00,1.396749e-01,0.000000e+00,1.361723e-01
1.623382e+00,3.636070e-01,0.000000e+00,3.165316e+00,0.000000e+00
1.361407e-01,1.356079e+00,5.618463e-01,3.070406e+00,1.427146e+00
1.833806e-01,6.626823e-01,2.631544e-01,3.598096e+00,8.529059e-01
3.701889e+00,1.151401e-02,0.000000e+00,1.436235e+00,1.631561e+00
6.346139e-01,8.379327e+00,0.000000e+00,1.179474e-01,0.000000e+00
6.150763e-01,8.021837e-01,8.435277e-01,1.857078e+00,3.899964e+00
1.797059e+00,1.386740e+00,3.184141e-01,1.364994e+00,2.585049e+00
1.950412e-01,7.183948e-01,0.000000e+00,1.040619e+00,5.898585e+00
6.550610e-01,2.747106e-01,0.000000e+00,3.741556e+00,4.757303e-01
6.697717e+00,5.063402e-01,5.688688e-01,4.574595e-01,7.471741e-01
8.086829e+00,0.000000e+00,0.000000e+00,0.000000e+00,9.146598e-02
1.185163e+00,2.926863e-01,2.305591e-01,3.249969e+00,1.042428e+00
1.868843e+00,0.000000e+00,1.839382e-01,2.980424e+00,1.175453e+00
3.568603e-01,7.420584e+00,0.000000e+00,5.393865e-01,2.188382e-01
2.319053e+00,1.164766e+00,6.057995e-01,2.340466e+00,8.935907e-01
1.557179e+00,1.182156e+00,3.938869e-01,2.003448e+00,2.393734e+00
2.206966e+00,0.000000e+00,0.000000e+00,5.295955e-01,5.752873e+00
4.368451e-01,9.012198e-01,6.592237e-01,3.272226e+00,7.677104e-01
2.036638e-02,1.192767e+00,6.862334e-01,3.271378e+00,1.161618e+00
0.000000e+00,1.854668e+00,7.730777e-01,2.775975e+00,1.661392e+00
5.426728e-01,8.527018e-01,1.396594e-01,1.151907e+00,5.485984e+00
1.221015e+00,9.927816e-01,1.035639e+01,3.390918e-01,1.044556e-01
1.651893e+00,0.000000e+00,0.000000e+00,3.229353e+00,1.067667e+00
8.952999e-01,6.555996e+00,1.073789e-01,6.933660e-01,2.493761e-01
2.071202e+00,0.000000e+00,0.000000e+00,2.900757e+00,7.021627e-01
1.856006e-01,8.558540e-01,1.390259e-01,7.850825e-01,6.406576e+00
4.399953e-01,0.000000e+00,1.282991e-01,3.973564e+00,4.980638e-01
1.687728e+00,0.000000e+00,5.199258e-02,2.988137e+00,9.380558e-01
3.757027e-01,7.763336e+00,0.000000e+00,4.830183e-01,0.000000e+00
2.301363e+00,1.117301e+00,3.968727e-01,1.116482e+00,3.162481e+00
1.361002e+00,8.648302e-01,9.964968e+00,4.808560e-01,0.000000e+00
1.786689e-01,7.943242e+00,1.454022e-01,3.644721e-01,1.290981e-01
8.963025e-01,1.787389e+00,3.185642e-01,2.610348e+00,1.331283e+00
8.900794e-01,1.752244e-01,0.000000e+00,8.304775e-01,6.087600e+00
5.556952e-01,1.612565e+00,1.040559e+00,1.740339e+00,3.059716e+00
2.104296e+00,1.379770e+00,3.886068e-01,2.206702e+00,9.479629e-01
7.091897e+00,6.230759e-01,5.696038e-01,1.670655e-01,9.834944e-01
2.987934e-01,7.691877e-01,2.311119e-01,9.680315e-01,6.043760e+00
1.411171e+00,5.897167e+00,0.000000e+00,7.466778e-01,5.951460e-02
1.658516e+00,0.000000e+00,0.000000e+00,7.725599e-01,5.775678e+00
1.464183e+00,0.000000e+00,7.282659e-02,2.863402e+00,2.159187e+00
1.505119e+00,1.504833e+00,1.993976e-01,1.290196e+00,2.224288e+00
1.125612e+00,1.049390e+00,1.002349e+01,4.733467e-01,9.514339e-02
5.326886e-02,1.901817e+00,2.007882e-01,3.136450e+00,7.650749e-01
9.196826e-01,0.000000e+00,0.000000e+00,3.363898e+00,1.236167e+00
7.092441e+00,0.000000e+00,0.000000e+00,0.000000e+00,0.000000e+00
3.588227e+00,3.891408e-01,2.724138e-01,1.442174e+00,1.480914e+00
1.900572e-01,3.084145e-01,1.321203e-01,1.147989e+00,6.206523e+00
3.375891e-01,7.095308e+00,0.000000e+00,3.931904e-01,0.000000e+00
2.701687e+00,1.517300e-01,0.000000e+00,2.993990e+00,4.234946e-01
9.067057e-01,7.341524e+00,0.000000e+00,3.713575e-01,0.000000e+00
1.624772e+00,3.974005e-01,5.390554e-02,2.999806e+00,6.104785e-01
0.000000e+00,3.420425e-01,1.076968e-01,4.143602e+00,2.243300e-01
1.612056e-01,8.847942e+00,2.315363e-01,8.938933e-02,9.730134e-02
0.000000e+00,2.541315e-01,0.000000e+00,4.152249e+00,6.437405e-02
1.552870e+00,1.509177e+00,3.814188e-01,1.384114e+00,2.461318e+00
1.814072e+00,1.160928e+00,3.808260e-01,2.529101e+00,8.916483e-01
0.000000e+00,9.691554e-01,7.424469e-01,3.108737e+00,1.667970e+00
6.170047e-01,1.276508e+00,6.557117e-01,2.407931e+00,2.302212e+00
1.536054e+00,1.380242e+00,3.332000e-01,1.436776e+00,2.605537e+00
1.290285e+00,2.952822e-02,0.000000e+00,3.600853e+00,4.292781e-01
5.967011e-01,7.328276e+00,3.276110e-01,2.351167e-01,4.372291e-01
1.649359e+00,0.000000e+00,0.000000e+00,3.225627e+00,9.308073e-01
6.304379e-01,8.199837e+00,4.579025e-02,5.679400e-02,4.037201e-01
2.071260e-01,5.337945e-01,6.711098e-02,1.290904e+00,5.881771e+00
1.586622e+00,1.499581e+00,1.566973e-01,2.802035e+00,4.918255e-01
8.162017e+00,0.000000e+00,0.000000e+00,0.000000e+00,0.000000e+00
1.445607e-03,5.775332e-01,7.146313e-02,1.355834e+00,5.759369e+00
1.568594e+00,4.695323e-01,0.000000e+00,2.891930e+00,0.000000e+00
7.852500e-01,5.373496e+00,0.000000e+00,1.021028e+00,0.000000e+00
6.842415e-01,7.062184e+00,0.000000e+00,5.143672e-01,0.000000e+00
9.987602e-01,3.610597e+00,1.224489e+00,1.410131e+00,1.670334e+00
3.539198e-01,8.250454e+00,3.557668e-01,1.718697e-01,4.215836e-01
5.412931e+00,4.536231e-01,6.897355e-01,1.317970e+00,1.006288e+00
1.744211e+00,0.000000e+00,0.000000e+00,3.046036e+00,1.058697e+00
2.796850e+00,5.053711e-01,7.347312e-01,1.680528e+00,2.511555e+00
1.965190e+00,0.000000e+00,0.000000e+00,2.801939e+00,1.110873e+00
9.171974e-01,7.013416e-01,1.125595e+00,1.835084e+00,3.624800e+00
5.142815e-01,7.488393e+00,2.513652e-01,5.752026e-01,0.000000e+00
5.031657e-02,8.680891e+00,7.895597e-01,1.954227e-02,2.295544e-01
2.452521e-01,7.605101e+00,4.312851e-01,4.748116e-01,2.214164e-01
7.915300e-01,1.085145e+00,1.423634e-01,3.202682e+00,6.459589e-01
8.763025e-01,3.882298e-01,0.000000e+00,3.267494e+00,0.000000e+00
1.547217e+00,1.420229e+00,8.692288e-01,1.849422e+00,2.403350e+00
3.692677e-03,8.892338e+00,5.441931e-02,1.247818e-01,6.899542e-02
1.658756e+00,2.245939e-01,1.228939e-02,2.846544e+00,1.081881e+00
2.904219e+00,1.320974e-01,1.022938e-01,2.095542e+00,2.087266e+00
6.476917e-01,3.262889e-01,2.151236e-02,1.012894e+00,6.054839e+00
2.836596e+00,6.360627e-01,3.914315e-01,1.505126e+00,1.707325e+00
1.095037e+00,9.150244e-01,1.306990e+00,2.047218e+00,2.694663e+00
8.976621e-01,1.316805e+00,5.768722e-01,2.877215e+00,8.134260e-01
2.626151e+00,5.632651e-01,5.062995e-01,1.558405e+00,1.675481e+00
6.705971e-01,1.419581e+00,7.673972e-01,2.350568e+00,2.183726e+00
9.597861e-01,5.887246e-01,3.513116e-01,3.371543e+00,2.079180e-01
9.199802e-01,5.817875e-01,0.000000e+00,3.148849e+00,0.000000e+00
3.453779e-01,1.895058e+00,7.349424e-01,2.751549e+00,1.345726e+00
1.774460e-01,1.056594e+00,4.419568e-02,3.545781e+00,5.457949e-01
1.554241e+00,1.333556e+00,5.402350e-01,1.309455e+00,2.974099e+00
5.471076e-01,1.504754e+00,3.793880e-01,2.967814e+00,1.071427e+00
1.243431e+00,2.986747e-02,3.597474e-02,3.364275e+00,7.506356e-01
3.759895e-01,1.472516e+00,3.383073e-01,3.073264e+00,1.141067e+00
4.509910e-01,1.109182e+00,0.000000e+00,3.318942e+00,8.846582e-01
7.162218e-01,5.052531e+00,1.480653e+00,6.854320e-01,1.621764e+00
3.354888e-01,5.756267e+00,0.000000e+00,6.152305e-01,0.000000e+00
3.174896e+00,5.789992e-01,5.591361e-01,8.967394e-01,3.512277e+00
3.302136e+00,6.454334e-01,4.099660e-01,8.453378e-01,3.461654e+00
5.256520e-01,8.129192e-01,2.808425e-01,3.544931e+00,5.948625e-01
1.816477e+00,0.000000e+00,0.000000e+00,2.851518e+00,1.015943e+00
8.342427e-01,1.036231e+00,0.000000e+00,3.256126e+00,0.000000e+00
2.167257e+00,7.814259e-01,1.050237e+00,1.736811e+00,2.561438e+00
2.121127e-01,8.351028e+00,3.031306e-01,6.306827e-02,6.336877e-01
5.310476e-01,0.000000e+00,0.000000e+00,3.938838e+00,3.693426e-01
6.121107e-01,1.728638e+00,2.540789e-01,2.605023e+00,1.662653e+00
6.423154e-03,3.874065e-01,8.452107e-01,1.413284e+00,5.538770e+00
4.548313e-01,8.271205e+00,1.633779e-01,2.739639e-01,1.066555e-01
2.808532e+00,0.000000e+00,1.134340e-02,2.823545e+00,8.311683e-01
0.000000e+00,1.296054e+00,1.396851e-02,3.463883e+00,7.202770e-01
3.093927e+00,2.906024e-02,3.625632e-01,2.070241e+00,2.089231e+00
0.000000e+00,8.515019e+00,5.116460e-02,1.394975e-01,2.784539e-01
6.496059e-01,8.644140e-01,1.151364e-01,3.503637e+00,4.471859e-01
7.979003e-01,1.100420e+00,6.570591e-01,2.339806e+00,2.412291e+00
8.743855e+00,1.416573e-01,0.000000e+00,0.000000e+00,0.000000e+00
2.132588e+00,0.000000e+00,9.649146e-02,3.145192e+00,6.857943e-01
8.442730e+00,0.000000e+00,0.000000e+00,0.000000e+00,1.444878e-01
9.742413e-01,0.000000e+00,5.239467e-01,3.410158e+00,1.142173e+00
1.153912e+00,9.946470e-01,9.989742e+00,5.163655e-01,5.813267e-02
8.268633e-01,1.741543e-01,3.141209e-01,3.582846e+00,8.647509e-01
9.962058e-01,7.905511e+00,2.957489e-01,1.978494e-01,1.730262e-01
4.999262e-01,7.400949e-01,3.375145e-01,7.796943e-01,6.203465e+00
1.527613e-01,7.854062e-01,0.000000e+00,9.917633e-01,6.123425e+00
0.000000e+00,1.604490e+00,2.303181e-01,3.363421e+00,6.047817e-01
1.244168e+00,0.000000e+00,0.000000e+00,9.191641e-01,5.735437e+00
4.889228e-01,1.484673e+00,1.037204e-01,3.197097e+00,7.034525e-01
1.677773e-01,3.684778e-01,1.889820e-02,1.611011e+00,5.334678e+00
1.903261e+00,0.000000e+00,0.000000e+00,2.958332e+00,7.253809e-01
1.444860e-01,4.314995e-01,4.702759e-01,3.415187e+00,1.538246e+00
1.510127e+00,1.623825e-01,2.687477e-01,2.982172e+00,1.431667e+00
7.372969e-02,8.796245e+00,1.304131e-01,9.019220e-02,1.594225e-01
2.715081e-01,1.512590e+00,2.432954e-01,3.248550e+00,5.068561e-01
1.505238e+00,3.223919e-01,0.000000e+00,2.946923e+00,0.000000e+00
1.418322e+00,2.537237e-01,0.000000e+00,3.130724e+00,0.000000e+00
1.532396e+00,2.017377e-01,1.343849e-01,7.864101e-01,5.737216e+00
5.350584e-01,6.612852e+00,0.000000e+00,7.137188e-01,0.000000e+00
1.789423e-01,6.605692e-01,2.475935e-01,3.604360e+00,8.889735e-01
3.594810e-01,0.000000e+00,0.000000e+00,4.119718e+00,2.604957e-01
0.000000e+00,6.064645e-01,2.353419e-01,1.171734e+00,6.125920e+00
1.943817e+00,0.000000e+00,0.000000e+00,8.087934e-01,5.339617e+00
2.018192e-01,1.220205e+00,4.022835e-01,3.310126e+00,1.055355e+00
3.314031e-01,8.039013e+00,0.000000e+00,2.391595e-01,1.690725e-01
1.046399e-01,6.383757e-02,4.792990e-02,4.052675e+00,4.097997e-01
1.334977e+00,2.447864e-01,0.000000e+00,3.343515e+00,0.000000e+00
1.493609e+00,0.000000e+00,2.917104e-01,3.238918e+00,9.956451e-01
3.221311e-01,9.221220e-01,3.382554e-01,3.746147e+00,1.429948e-01
4.854659e+00,5.150775e-01,9.791328e-01,1.357913e+00,1.165572e+00
1.766317e-01,4.474240e-01,2.516530e-01,2.112799e+00,4.307575e+00
1.003930e+00,6.530765e+00,3.553627e-01,7.259375e-01,3.286824e-01
2.248171e-01,1.866984e-01,0.000000e+00,3.964948e+00,4.847520e-01
1.824402e-01,5.013993e-01,0.000000e+00,1.248387e+00,5.915105e+00
1.196749e+00,0.000000e+00,2.618419e-01,3.364283e+00,1.123088e+00
6.948232e+00,9.357440e-01,3.899358e-01,2.844366e-01,4.638534e-01
5.105590e-01,1.384606e+00,6.207730e-01,3.055248e+00,1.102997e+00
1.914920e-01,8.749336e+00,1.117720e-01,2.130158e-01,1.480899e-01
1.437723e+00,4.604891e-03,2.940871e-01,3.051393e+00,1.074091e+00
0.000000e+00,1.694751e+00,7.192732e-02,3.061546e+00,1.142800e+00
1.280161e+00,2.558968e-01,0.000000e+00,7.153465e-01,5.777411e+00
9.025121e-01,1.768341e+00,8.517560e-01,2.043697e+00,2.314894e+00
1.470856e+00,4.466681e+00,2.910835e-01,1.310173e+00,4.472125e-01
3.668354e-01,6.342628e-02,0.000000e+00,4.069937e+00,2.360524e-01
8.450959e-01,1.184444e+00,4.206666e-01,3.082658e+00,9.535156e-01
1.021176e+00,1.269783e+00,8.789156e+00,7.722230e-01,3.127662e-01
3.685239e-01,1.182896e+00,1.933332e-01,3.178005e+00,3.651487e-01
1.158265e+00,0.000000e+00,0.000000e+00,3.851028e+00,0.000000e+00
5.437553e-01,5.212347e-01,0.000000e+00,8.722957e-01,6.122499e+00
7.609365e-01,5.429745e-01,1.036690e-01,3.338919e+00,8.531586e-01
8.497875e-01,4.880145e-01,8.091826e-01,2.201961e+00,3.218260e+00
0.000000e+00,2.574504e-01,1.703330e-01,4.009279e+00,5.499053e-01
6.743743e+00,5.161923e-01,4.592807e-01,5.003547e-01,7.176418e-01
2.615671e+00,9.215950e-01,3.935372e-01,1.093537e+00,3.250015e+00
1.387152e+00,1.257234e+00,4.418639e-01,1.627645e+00,2.578264e+00
1.096197e+00,5.344180e-01,0.000000e+00,3.311811e+00,0.000000e+00
2.057553e-02,8.835763e+00,1.779568e-01,1.538645e-01,1.549149e-01
1.232402e+00,2.678728e-01,4.101194e-01,3.181806e+00,1.215913e+00
1.345055e+00,5.211227e-01,0.000000e+00,2.928131e+00,0.000000e+00
8.652052e-01,9.593060e-01,7.723766e-01,2.298547e+00,2.367674e+00
1.172233e+00,9.492144e-02,0.000000e+00,1.234461e+00,5.454540e+00
1.237505e+00,1.618231e+00,4.978061e-01,1.378173e+00,2.496029e+00
7.433142e+00,3.634320e-01,3.862785e-02,7.043227e-01,0.000000e+00
5.075864e-01,1.426992e+00,1.183112e-01,3.152519e+00,8.859618e-01
1.454876e+00,0.000000e+00,0.000000e+00,3.261494e+00,4.333866e-01
1.808185e-01,2.389503e-02,0.000000e+00,4.041848e+00,2.272485e-01
1.449483e-01,1.387934e+00,3.228351e-01,3.272654e+00,9.074620e-01
1.709336e-01,1.484634e+00,8.738495e-01,2.921904e+00,1.438431e+00
1.719439e+00,0.000000e+00,1.961983e-01,3.145638e+00,6.560221e-01
5.293172e-01,2.041278e-01,2.624638e-01,3.609319e+00,1.092918e+00
8.805094e+00,0.000000e+00,3.491339e-01,0.000000e+00,0.000000e+00
4.986520e-01,1.399002e+00,0.000000e+00,3.325262e+00,4.075366e-01
1.406913e+00,0.000000e+00,0.000000e+00,3.039169e+00,1.018274e+00
1.696677e+00,0.000000e+00,8.690145e-02,3.169818e+00,9.869558e-01
3.803575e-01,4.907949e-02,0.000000e+00,4.137344e+00,1.260343e-02
7.128050e+00,7.411946e-01,6.429658e-01,1.486772e-01,8.180445e-01
8.561617e-01,1.263675e+00,0.000000e+00,3.143434e+00,6.110098e-01
1.866091e+00,0.000000e+00,0.000000e+00,3.025739e+00,1.066552e+00
1.637793e+00,0.000000e+00,0.000000e+00,8.465017e-01,5.626653e+00
1.655718e+00,3.448626e-02,0.000000e+00,7.269602e-01,5.844047e+00
6.816761e-01,3.332982e-01,9.078464e-02,1.262863e+00,5.571244e+00
1.141558e+00,3.080376e-01,1.903681e-01,3.368899e+00,9.228444e-01
8.558754e+00,0.000000e+00,3.393016e-02,0.000000e+00,9.583552e-02
6.718610e+00,7.612100e-01,5.629454e-01,3.299718e-01,8.502711e-01
1.166837e+00,1.247805e+00,8.248294e+00,8.126499e-01,4.008412e-01
2.025003e+00,0.000000e+00,0.000000e+00,7.149678e-01,5.492268e+00
1.151850e+00,0.000000e+00,3.213081e-01,3.325386e+00,1.279641e+00
1.525875e+00,0.000000e+00,9.185430e-02,3.024641e+00,1.379589e+00
4.810042e-01,1.376483e+00,6.915941e-01,2.360914e+00,2.340824e+00
1.562783e+00,0.000000e+00,0.000000e+00,7.073633e-01,5.866789e+00
6.203646e-01,1.278158e+00,5.505001e-01,2.387967e+00,2.272029e+00
1.158190e+00,7.116153e-01,0.000000e+00,3.019299e+00,0.000000e+00
1.404186e+00,1.652950e+00,4.005775e-01,1.390417e+00,2.478229e+00
4.849285e-01,8.093650e-01,5.435578e-01,3.505457e+00,7.168149e-01
8.701078e-01,7.502762e-01,2.822219e-01,3.281750e+00,2.993400e-01
4.145284e-01,8.543228e+00,2.887455e-01,7.394336e-02,3.723372e-02
9.792895e-01,2.679366e-01,6.593722e-02,7.799622e-01,6.361849e+00
2.620112e-01,1.618561e+00,4.836704e-01,3.006799e+00,1.110849e+00
2.002223e-01,1.870574e+00,6.022305e-01,2.874666e+00,1.247681e+00
4.454713e-01,8.152141e+00,2.119400e-01,9.423366e-02,4.214925e-01
1.026279e+00,1.312239e+00,1.052963e-03,2.779754e+00,1.314217e+00
2.043414e-01,8.329769e+00,3.355462e-01,2.314472e-01,3.882232e-01
8.495002e-02,2.920596e-01,5.751703e-01,2.328865e+00,3.914675e+00
7.789422e-01,9.833172e-01,8.455459e-01,2.264536e+00,2.703658e+00
8.033010e-01,3.077597e-01,0.000000e+00,1.056340e+00,5.872387e+00
4.968875e-01,9.928024e-01,7.506111e-01,2.926416e+00,1.456048e+00
3.147116e+00,2.181241e-01,9.458137e-01,1.844246e+00,2.142052e+00
1.811233e+00,0.000000e+00,0.000000e+00,2.979146e+00,1.015911e+00
1.118884e+00,0.000000e+00,0.000000e+00,3.481370e+00,7.819911e-01
5.149701e+00,5.743029e-01,8.815362e-01,1.276823e+00,1.158041e+00
7.855692e-01,7.905500e+00,0.000000e+00,6.434668e-02,3.450213e-01
1.051560e+00,1.457251e-01,1.106507e+00,3.401467e+00,5.507628e-01
2.652045e+00,2.694508e-01,7.428378e-01,1.843131e+00,2.345203e+00
2.305696e+00,1.205582e-02,0.000000e+00,2.808737e+00,6.353849e-01
2.132166e-01,1.571708e+00,6.749769e-01,2.940219e+00,1.303398e+00
6.501723e-01,1.031410e+00,6.659447e-01,2.996090e+00,1.103325e+00
8.128973e+00,1.851599e-01,6.600640e-02,2.141146e-01,1.507010e-01
2.675301e-01,3.855406e-01,2.836818e-01,3.756938e+00,5.176705e-01
1.546228e+00,2.367377e-01,4.684818e-01,3.214218e+00,8.496208e-01
7.760185e-01,1.068831e-01,0.000000e+00,3.938850e+00,1.346051e-01
0.000000e+00,8.488355e+00,1.868689e-01,2.853954e-01,1.997573e-01
7.810535e+00,0.000000e+00,0.000000e+00,3.841643e-03,2.628227e-01
9.042119e-01,6.725457e-01,0.000000e+00,3.260123e+00,0.000000e+00
0.000000e+00,2.073766e+00,1.973689e-01,3.111700e+00,7.076103e-01
1.078372e-01,2.274214e-01,0.000000e+00,4.177959e+00,7.141885e-02
5.380059e+00,5.311099e-01,8.997025e-01,1.242547e+00,1.022019e+00
2.683943e+00,5.641116e-01,5.348538e-01,1.459064e+00,1.891488e+00
9.891040e-01,1.166745e+00,8.511016e+00,8.936763e-01,1.552320e-01
4.266323e-01,4.206001e-01,4.668149e-02,1.459875e+00,5.493858e+00
5.634515e-01,7.873320e-01,4.141541e-01,3.431048e+00,8.214320e-01
1.855725e-01,5.087207e-01,4.486065e-02,3.474521e+00,1.190592e+00
2.626677e+00,3.973030e-01,5.094287e-01,1.487569e+00,3.188354e+00
3.284967e-01,1.510649e+00,2.065735e-01,3.128236e+00,7.755604e-01
1.047137e+00,0.000000e+00,2.152672e-01,3.448047e+00,1.103591e+00
0.000000e+00,1.253062e+00,1.067228e-01,3.572920e+00,6.049596e-01
1.141197e+00,3.091398e-01,0.000000e+00,1.044605e+00,5.681710e+00
6.372789e-01,1.041878e+00,3.636622e-01,3.128180e+00,8.070417e-01
4.669579e-01,7.210220e-01,0.000000e+00,3.564848e+00,5.150653e-01
7.016255e+00,4.458928e-01,5.938069e-01,3.194033e-01,8.238684e-01
1.499731e+00,9.442628e-01,5.681231e-01,1.884008e+00,2.832947e+00
1.116489e+00,8.847130e-01,7.690710e-01,2.782808e+00,1.358146e+00
3.502709e-01,8.054002e+00,1.699848e-01,1.735688e-01,5.290059e-01
1.771251e+00,7.467025e-03,0.000000e+00,3.124211e+00,0.000000e+00
5.552839e-02,8.689364e+00,2.098587e-01,1.994449e-01,4.018281e-02
1.173582e+00,1.647895e+00,7.330073e-01,1.412820e+00,2.969687e+00
7.630051e-01,7.807928e-01,2.820657e-01,3.120485e+00,4.920438e-01
1.254694e+00,0.000000e+00,0.000000e+00,3.682699e+00,3.817038e-01
2.056681e+00,1.376070e+00,8.952853e-02,2.272569e+00,1.009677e+00
8.310072e+00,3.254462e-01,2.700188e-01,0.000000e+00,4.830225e-01
1.089678e+00,1.185374e+00,2.033812e-02,1.478940e+00,2.197959e+00
1.114789e+00,1.367336e+00,8.436755e-01,2.035648e+00,2.440247e+00
1.306547e+00,1.899750e+00,3.386409e-01,1.596209e+00,2.513299e+00
8.163453e-01,7.224424e+00,2.225428e-01,4.675649e-01,2.940138e-01
5.760697e-01,4.808222e+00,1.038562e+00,9.743540e-01,1.501978e+00
4.782853e-01,5.620859e-01,0.000000e+00,7.164089e-01,6.484851e+00
2.052071e+00,0.000000e+00,0.000000e+00,2.895387e+00,7.004299e-01
9.165554e-01,1.386601e+00,9.520556e-01,1.452714e+00,3.750781e+00
2.239089e-01,4.854268e-01,0.000000e+00,3.111799e+00,1.954128e+00
5.868283e-01,1.330099e+00,9.551198e-01,2.263794e+00,2.420670e+00
2.389343e+00,2.379252e-01,0.000000e+00,2.807106e+00,5.452744e-01
6.791983e-01,7.112020e+00,9.265722e-01,4.573796e-01,4.631071e-01
0.000000e+00,8.358461e+00,9.924544e-01,9.007503e-02,4.827160e-01
4.616494e-01,1.569463e+00,8.785523e-01,1.893539e+00,3.051248e+00
9.217188e-01,4.388427e-01,0.000000e+00,8.178663e-01,6.045946e+00
1.119428e+00,0.000000e+00,0.000000e+00,3.458444e+00,9.282681e-01
9.048749e-01,1.553547e+00,7.016603e-01,2.191642e+00,2.252037e+00
7.922240e-01,1.230821e-01,5.028997e-01,2.985260e+00,2.100013e+00
1.614010e+00,3.046757e-01,1.196446e-02,1.099295e+00,5.189510e+00
6.964992e+00,1.496985e+00,3.608991e-01,6.869123e-02,5.696578e-01
1.243595e+00,5.080892e-01,0.000000e+00,3.003489e+00,0.000000e+00
9.743496e-02,1.150041e+00,1.603676e-01,3.315557e+00,3.480316e-01
1.550400e-01,1.031551e+00,2.785546e-01,3.510756e+00,6.101456e-01
1.105698e+00,6.592649e-02,1.157892e-02,3.784796e+00,2.422664e-01
7.499976e-01,0.000000e+00,2.761380e-01,3.494088e+00,1.196482e+00
1.064626e+00,4.402795e-01,0.000000e+00,3.248954e+00,6.065039e-03
1.739265e+00,2.541930e-01,1.856801e-01,2.694605e+00,1.380368e+00
7.961030e-01,1.436679e+00,6.551781e-01,1.583782e+00,3.718339e+00
3.367392e+00,3.731614e-01,3.880863e-01,1.535892e+00,1.690233e+00
3.310228e+00,1.267047e-02,5.150958e-01,2.014906e+00,1.954707e+00
9.506621e-01,9.701022e-01,2.363215e-02,3.208770e+00,2.010858e-01
9.495892e-01,6.827783e+00,5.944715e-02,4.448421e-01,1.922860e-01
3.460962e-01,1.216906e+00,0.000000e+00,3.240502e+00,8.000614e-01
2.756827e+00,9.022764e-01,7.657137e-01,1.610026e+00,2.424641e+00
1.058044e+00,4.887529e-01,0.000000e+00,3.223328e+00,0.000000e+00
1.233059e+00,1.135540e+00,7.063554e-01,2.228922e+00,2.252958e+00
5.882211e-01,6.578812e+00,0.000000e+00,6.680625e-01,9.205902e-02
1.484456e+00,1.441178e+00,4.091614e-01,1.331426e+00,2.589082e+00
1.642588e+00,0.000000e+00,0.000000e+00,3.345466e+00,8.160388e-01
1.133312e-01,1.080465e+00,0.000000e+00,3.724880e+00,2.135329e-01
3.071271e+00,6.182286e-01,5.778671e-01,1.200935e+00,1.823784e+00
3.463103e-01,8.389143e+00,0.000000e+00,9.733540e-02,0.000000e+00
1.763030e-01,9.076015e-01,9.711194e-01,2.335079e+00,3.170227e+00
1.207932e+00,8.028008e-01,0.000000e+00,3.225841e+00,0.000000e+00
2.129919e-01,8.186438e+00,2.695520e-02,1.865794e-01,8.525482e-02
1.189606e+00,0.000000e+00,0.000000e+00,3.208289e+00,0.000000e+00
3.494647e+00,2.818547e-01,5.951991e-01,8.904836e-01,3.419264e+00
7.366319e-01,4.638096e+00,1.369612e+00,8.818479e-01,1.809752e+00
2.754674e-01,8.121744e+00,1.858476e-01,2.184744e-01,3.112449e-01
9.304303e-01,1.268514e-01,4.227962e-01,3.304376e+00,1.353636e+00
6.856794e-02,8.121271e+00,4.187127e-01,2.549633e-01,2.430294e-01
7.984470e-01,3.992574e-01,0.000000e+00,2.879570e+00,3.656578e-02
3.139779e-01,1.437666e+00,3.526468e-01,3.291432e+00,3.194474e-01
8.233364e-01,4.943782e+00,1.101003e+00,6.726398e-01,1.822962e+00
6.176543e-01,4.936166e-01,0.000000e+00,3.430605e+00,0.000000e+00
4.390511e-01,1.710248e+00,7.968499e-01,2.777739e+00,1.295922e+00
4.947143e-01,1.320384e-01,2.497412e-01,3.632126e+00,1.156709e+00
5.801980e-01,1.264543e+00,3.971940e-01,3.007168e+00,9.666438e-01
3.720559e-01,1.239651e+00,5.676512e-03,3.369689e+00,6.453193e-01
1.883467e-01,1.790527e+00,3.292259e-01,3.131303e+00,8.024768e-01
1.690179e+00,0.000000e+00,0.000000e+00,3.429750e+00,3.699786e-01
1.474419e+00,6.818314e-01,6.602635e-02,3.113120e+00,4.665561e-01
5.887070e-01,1.125712e+00,8.463874e-01,2.326992e+00,2.483735e+00
2.085885e-01,2.303704e+00,9.884451e-01,2.505016e+00,1.112567e+00
1.457306e+00,3.250784e-01,1.594716e-01,8.737551e-01,5.581605e+00
4.573783e-01,1.470149e+00,4.776176e-02,3.285050e+00,6.247791e-01
9.214554e-01,4.632459e-01,4.903684e-01,3.355620e+00,4.074292e-01
5.115267e-01,1.152510e+00,9.266468e-01,2.424991e+00,2.311057e+00
6.455965e-01,1.247308e+00,4.036647e-01,2.761552e+00,1.240383e+00
2.309454e+00,2.681747e-01,0.000000e+00,2.642272e+00,7.749932e-01
5.480969e-01,1.145947e+00,1.014908e+00,2.368019e+00,2.360433e+00
5.430835e+00,5.268757e-01,9.097598e-01,1.125496e+00,1.187483e+00
6.906380e+00,9.071530e-01,3.194211e-02,3.437782e-01,5.649486e-01
4.836000e-01,4.398086e-01,3.845487e-01,3.412753e+00,1.229490e+00
1.479421e+00,1.178546e-01,0.000000e+00,3.229129e+00,0.000000e+00
1.772594e-01,8.674129e+00,1.453834e-01,7.889520e-02,2.403021e-01
2.717992e+00,5.142438e-01,6.587702e-01,1.006355e+00,3.608238e+00
3.503592e-01,8.728256e+00,0.000000e+00,7.804930e-02,4.576746e-02
2.090914e-02,6.353182e-01,3.044323e-01,1.133392e+00,5.989467e+00
2.575130e+00,0.000000e+00,0.000000e+00,1.888406e-01,5.630431e+00
5.924011e-03,1.943309e-01,1.309893e-01,4.018634e+00,5.506651e-01
1.168503e+00,0.000000e+00,0.000000e+00,3.397325e+00,9.920419e-01
4.827810e-01,1.105825e+00,3.944283e-01,3.173124e+00,5.435998e-01
4.993287e-01,8.373966e+00,1.624913e-02,2.251337e-01,1.029502e-01
3.746879e-01,8.531125e+00,1.633553e-01,7.534261e-02,3.489511e-01
1.196083e+00,5.474295e-01,0.000000e+00,3.338951e+00,0.000000e+00
1.069454e+00,1.390018e-01,0.000000e+00,8.138947e-01,6.084469e+00
1.409009e+00,5.624842e-01,0.000000e+00,3.115874e+00,0.000000e+00
6.099322e-02,8.864956e+00,2.606006e-01,6.274449e-02,1.427582e-01
4.286535e-01,7.688581e+00,0.000000e+00,4.509142e-01,2.585752e-03
1.028893e+00,4.450347e-01,4.668654e-01,2.997384e+00,1.684218e+00
3.071979e-01,7.800778e+00,1.492016e-01,4.195220e-01,2.470819e-01
1.739412e+00,8.280257e-02,1.010290e-01,2.902432e+00,1.034084e+00
1.862507e+00,4.107611e-01,1.219623e-02,2.882629e+00,5.838352e-01
1.452430e+00,2.483388e-02,0.000000e+00,7.748304e-01,5.972079e+00
1.412864e-01,1.538610e+00,9.443978e-02,3.372710e+00,4.652782e-01
8.713371e-01,8.943508e-01,4.177458e-01,1.864904e+00,3.720933e+00
1.414865e+00,0.000000e+00,0.000000e+00,3.229739e+00,6.014280e-01
1.233201e+00,6.826584e-01,9.569460e+00,8.414880e-01,4.545223e-02
8.555567e+00,0.000000e+00,0.000000e+00,0.000000e+00,0.000000e+00
4.743387e-01,5.075568e+00,1.349222e+00,8.216634e-01,1.619652e+00
1.166802e+00,1.165805e+00,9.371286e-01,2.784187e+00,1.115389e+00
1.771877e+00,0.000000e+00,0.000000e+00,5.413529e-01,6.081634e+00
4.394466e-01,4.800942e+00,1.631315e+00,8.137745e-01,1.903569e+00
1.295645e+00,1.212011e-01,0.000000e+00,3.282180e+00,0.000000e+00
4.447262e-01,6.386743e-01,1.249838e-02,7.577273e-01,6.506648e+00
2.433938e+00,1.222101e+00,7.542102e-01,2.170671e+00,9.971482e-01
6.036250e-01,7.884313e+00,5.212471e-02,2.135956e-01,6.127739e-01
4.230388e-01,6.081992e-01,0.000000e+00,1.057754e+00,5.904398e+00
2.518676e+00,2.160356e-01,6.448367e-01,1.754762e+00,2.779949e+00
1.008532e+00,4.223513e-01,0.000000e+00,3.529783e+00,3.751215e-01
6.114049e-01,1.170083e+00,8.816634e-01,2.756885e+00,1.425412e+00
0.000000e+00,4.816617e-01,0.000000e+00,3.902557e+00,5.144616e-01
0.000000e+00,9.279502e+00,1.458993e-01,0.000000e+00,0.000000e+00
1.329958e+00,4.668281e-01,0.000000e+00,3.061940e+00,0.000000e+00
7.145379e-01,1.300471e+00,8.502549e-02,3.327768e+00,3.143437e-02
0.000000e+00,1.164569e+00,3.495152e-01,3.491014e+00,7.205970e-01
1.212151e+00,9.653694e-01,1.035710e+01,3.543156e-01,0.000000e+00
0.000000e+00,9.682559e-01,6.536216e-01,3.525934e+00,8.456000e-01
2.287707e+00,1.320831e-02,0.000000e+00,2.739441e+00,8.243633e-01
6.828193e-01,9.928033e-01,0.000000e+00,3.367029e+00,0.000000e+00
0.000000e+00,9.149570e+00,2.995708e-01,0.000000e+00,5.325718e-02
7.854741e-01,2.392426e-01,0.000000e+00,9.561141e-01,5.934430e+00
5.821546e-01,1.659588e+00,3.899026e-01,2.764163e+00,1.293840e+00
6.798975e-01,5.607691e-01,7.141245e-02,3.594153e+00,5.771925e-01
8.219142e-01,5.399065e+00,0.000000e+00,5.300970e-01,1.753385e+00
5.931879e-01,3.301263e-01,4.136550e-02,1.071773e+00,6.070034e+00
1.104207e+00,0.000000e+00,1.576662e-01,3.455759e+00,8.999592e-01
2.291260e+00,3.252295e-01,7.359099e-01,2.043107e+00,2.509597e+00
2.443130e-01,2.791837e-01,1.442497e-01,3.809425e+00,8.093543e-01
2.987696e+00,2.442878e-01,3.311298e-01,2.052523e+00,2.137347e+00
2.726723e-01,1.451631e+00,7.527005e-01,3.012083e+00,1.253633e+00
1.032873e+00,1.196721e+00,6.897206e-01,2.249940e+00,2.426091e+00
7.969559e-01,1.865508e+00,6.124211e+00,1.162424e+00,8.814564e-01
4.872070e+00,5.325928e-01,8.982811e-01,1.447435e+00,1.126676e+00
0.000000e+00,9.144356e-01,3.295061e-02,3.716561e+00,4.621879e-01
3.444646e-01,8.607603e+00,2.051135e-01,1.063365e-01,1.616225e-01
9.709321e-01,0.000000e+00,0.000000e+00,3.856501e+00,2.117851e-01
2.301443e-01,1.595668e+00,7.348557e-01,2.976035e+00,1.147264e+00
5.841342e-01,7.814312e+00,4.401792e-02,4.246931e-01,7.007164e-02
2.502665e-01,1.165997e+00,1.119914e+00,2.995437e+00,1.299641e+00
1.409624e+00,7.515024e-01,6.981061e-02,3.324231e+00,0.000000e+00
1.090486e+00,4.218977e-02,0.000000e+00,1.010271e+00,5.633899e+00
0.000000e+00,2.038764e+00,2.642952e-01,3.144297e+00,6.284760e-01
1.111033e+00,1.092808e+00,9.519938e+00,6.250567e-01,1.319977e-01
4.273771e-01,3.400212e-01,5.073260e-01,3.719831e+00,6.548915e-01
2.830326e-01,8.225446e+00,1.684510e-01,1.577609e-01,4.656512e-01
2.308066e+00,7.039478e-01,5.455258e-01,1.477199e+00,3.239084e+00
2.374276e+00,0.000000e+00,0.000000e+00,6.031481e-01,5.563531e+00
1.436874e+00,1.221086e+00,1.235024e-01,1.938414e+00,2.270507e+00
1.761687e+00,1.323770e+00,8.754865e-01,1.552507e+00,2.922757e+00
2.172612e+00,4.351811e-01,4.233714e-02,3.017483e+00,5.531403e-02
1.655916e-02,9.156445e+00,1.739329e-01,2.883894e-02,5.716154e-02
1.279931e+00,4.089922e-01,0.000000e+00,3.101099e+00,0.000000e+00
1.140371e+00,1.166717e+00,9.211821e+00,6.547713e-01,1.573145e-01
8.168624e-01,1.244439e-01,1.412897e-01,3.760040e+00,3.697663e-01
6.907687e-01,1.644853e-01,2.748097e-01,3.671908e+00,5.712171e-01
1.471048e+00,4.089612e-01,3.249232e-01,3.222376e+00,8.922019e-01
2.500328e+00,2.704297e-01,5.099165e-01,2.051198e+00,2.338174e+00
5.457659e-01,8.228661e+00,1.963037e-01,7.596656e-02,3.052677e-01
4.250020e+00,6.122993e-01,1.033592e+00,1.113851e+00,2.190079e+00
9.102003e-02,8.465392e+00,1.967258e-01,3.482023e-01,8.392759e-02
3.462270e-01,1.287614e+00,2.921332e-01,3.317980e+00,3.454871e-01
2.106807e-01,0.000000e+00,0.000000e+00,4.232298e+00,0.000000e+00
9.563936e-01,2.134017e-01,2.167225e-01,3.635632e+00,5.874264e-01
6.859636e+00,8.247574e-02,0.000000e+00,0.000000e+00,0.000000e+00
1.764990e+00,1.311703e+00,2.757126e-02,1.382984e+00,2.256635e+00
4.745197e-01,3.356836e-01,0.000000e+00,1.094244e+00,6.025785e+00
2.261775e-01,1.202628e+00,0.000000e+00,3.493916e+00,4.345099e-01
1.281828e+00,0.000000e+00,1.248492e-02,3.507463e+00,7.159240e-01
1.247679e+00,1.277191e+00,3.403851e-01,1.594151e+00,2.497393e+00
1.286377e+00,3.243740e-01,5.586281e-01,2.727741e+00,2.116686e+00
1.775344e+00,1.020035e+00,7.027530e-01,2.535872e+00,8.394218e-01
1.039890e+00,3.733337e-01,0.000000e+00,3.371719e+00,0.000000e+00
6.909583e+00,5.873240e-01,5.896706e-01,3.116629e-01,7.694101e-01
1.056756e+00,1.206858e+00,1.356344e-01,3.201336e+00,2.430792e-03
2.492722e-01,1.525604e+00,2.713480e-01,3.263455e+00,3.012348e-01
9.354123e-01,3.733631e-01,5.961911e-01,2.198428e+00,3.456152e+00
1.018181e+00,2.877387e-01,0.000000e+00,3.597125e+00,2.972785e-01
1.745345e+00,0.000000e+00,4.326946e-02,3.092472e+00,1.033875e+00
1.342502e+00,4.698718e-01,0.000000e+00,3.270368e+00,0.000000e+00
1.172046e+00,9.725025e-01,1.044511e+01,4.337359e-01,3.244776e-03
3.208570e-01,1.509727e+00,3.442872e-02,3.263742e+00,5.808682e-01
6.903315e+00,4.450434e-01,3.722016e-01,4.282617e-01,8.445310e-01
1.886955e+00,0.000000e+00,0.000000e+00,6.350454e-01,5.788138e+00
1.270292e+00,3.155366e-01,4.359922e-01,2.264880e+00,3.083715e+00
4.580349e-01,1.028899e+00,3.310568e-01,3.251493e+00,9.963714e-01
7.735619e-01,6.203866e-02,0.000000e+00,9.760152e-01,6.170025e+00
3.483978e-01,8.329542e+00,2.294783e-01,1.647265e-01,3.723025e-01
1.862379e+00,0.000000e+00,8.433746e-02,3.124764e+00,9.893277e-01
7.906085e+00,1.102998e-01,0.000000e+00,0.000000e+00,0.000000e+00
1.049138e+00,1.858953e-01,3.190669e-01,3.315438e+00,1.104533e+00
1.088706e+00,4.894738e+00,0.000000e+00,1.190015e+00,2.997991e-01
3.260104e-01,2.851779e-01,1.567888e-01,3.935961e+00,3.968502e-01
1.401147e-01,3.668158e-01,2.878121e-01,3.852003e+00,5.527738e-01
4.565263e-01,5.017026e+00,1.399933e+00,8.250049e-01,1.786834e+00
8.901992e-01,4.949568e-01,6.478932e-01,3.165900e+00,1.022179e+00
0.000000e+00,1.373305e+00,3.955674e-01,3.293119e+00,9.260560e-01
1.353675e+00,1.282818e+00,6.651362e-01,2.059161e+00,2.281369e+00
2.186514e+00,1.180761e+00,3.390988e-01,1.172368e+00,3.018267e+00
5.253499e-01,4.288311e-01,2.917506e-01,9.591933e-01,6.131508e+00
2.594070e+00,9.238206e-01,3.111057e-01,1.108752e+00,3.294634e+00
2.429937e-01,3.763025e-01,2.904558e-01,1.272348e+00,5.828705e+00
