3.309809e+00,1.847116e+00,9.327510e-01,6.870268e-02,1.736468e+00,4.733365e-01,0.000000e+00
3.664766e+00,1.968163e+00,1.261911e-01,0.000000e+00,1.173055e+00,7.450944e-01,0.000000e+00
2.938180e+00,1.661888e+00,8.267919e-01,1.564103e+00,1.518787e+00,4.047145e-01,0.000000e+00
3.871972e+00,1.638939e+00,0.000000e+00,1.594359e+00,0.000000e+00,0.000000e+00,0.000000e+00
3.768101e+00,1.223256e+00,0.000000e+00,2.200899e+00,2.814981e-01,4.359359e-01,0.000000e+00
2.791661e+00,1.921745e+00,1.081884e+00,1.453615e-01,2.708293e+00,6.856461e-01,0.000000e+00
3.632830e+00,1.556132e+00,8.975163e-01,8.095378e-01,0.000000e+00,9.521129e-01,6.667289e-02
3.432054e+00,1.263682e+00,9.316906e-03,2.151278e+00,1.180395e+00,5.699420e-01,2.292644e-02
3.109097e+00,1.888554e+00,1.305084e+00,1.356947e-01,1.713855e+00,1.777338e-01,8.071299e-02
2.886634e+00,1.068670e+00,1.061772e+00,1.854588e+00,1.929685e+00,1.126970e+00,0.000000e+00
2.853788e+00,1.432169e+00,0.000000e+00,2.388138e+00,1.662208e+00,8.220601e-01,1.053262e-01
3.582845e+00,1.409040e+00,4.578886e-02,1.550779e+00,1.195313e+00,4.322369e-01,0.000000e+00
2.217582e+00,1.359013e+00,2.354453e+00,3.863899e-01,3.201398e+00,1.457706e+00,0.000000e+00
3.147877e+00,1.703345e+00,7.871195e-01,2.526546e-01,1.970468e+00,8.733245e-01,4.411027e-02
3.396971e+00,1.355774e+00,5.958803e-01,1.961092e+00,2.558574e-01,6.788856e-01,1.110632e-01
3.009649e+00,1.496075e+00,0.000000e+00,2.169701e+00,1.121635e+00,1.231393e+00,9.701536e-02
3.632185e+00,1.782412e+00,9.143670e-01,4.628486e-01,0.000000e+00,5.343687e-01,2.203052e-01
2.999567e+00,2.067486e+00,1.381734e+00,1.916488e-01,1.453241e+00,0.000000e+00,1.591524e-01
2.623082e+00,1.421083e+00,1.319992e+00,0.000000e+00,4.847634e+00,3.318315e-01,0.000000e+00
2.465599e+00,1.610586e+00,0.000000e+00,1.214827e+00,4.360765e+00,5.576894e-01,0.000000e+00
2.680063e+00,1.255776e+00,5.624779e-01,1.670394e+00,3.692225e+00,0.000000e+00,8.248822e-02
2.118190e+00,1.244899e+00,0.000000e+00,1.516439e+00,6.337066e+00,1.522344e-02,0.000000e+00
3.562913e+00,1.359422e+00,9.029450e-01,1.873878e+00,0.000000e+00,1.694785e-01,9.421361e-02
3.609881e+00,1.564063e+00,4.163875e-01,1.837587e+00,0.000000e+00,3.665315e-01,1.140047e-03
3.109345e+00,1.639132e+00,1.051435e+00,1.056549e-02,2.539644e+00,5.452506e-01,0.000000e+00
3.698883e+00,1.457804e+00,0.000000e+00,1.991728e+00,3.284247e-01,2.423408e-01,0.000000e+00
2.865643e+00,1.584957e+00,1.209701e-01,1.099148e+00,2.543957e+00,8.871597e-01,2.814867e-01
2.548314e+00,1.872959e+00,1.613525e+00,4.335314e-01,1.819271e+00,3.643209e-01,4.172785e-01
3.099292e+00,1.510604e+00,7.683513e-01,1.786113e+00,1.251561e+00,9.647662e-02,1.941628e-01
3.581178e+00,1.416605e+00,5.753726e-01,1.701000e+00,0.000000e+00,2.053936e-01,3.797248e-01
3.277193e+00,2.122561e+00,3.343497e-01,2.172305e-01,1.140689e+00,2.175485e-01,3.488792e-01
2.946864e+00,1.945879e+00,9.388076e-01,3.169568e-01,2.147240e+00,2.021355e-01,2.406734e-01
3.547341e+00,1.592861e+00,7.761735e-01,1.782402e+00,0.000000e+00,0.000000e+00,0.000000e+00
3.722405e+00,1.364241e+00,5.203693e-01,1.807987e+00,0.000000e+00,2.725795e-01,1.440672e-01
2.874732e+00,1.311366e+00,1.386300e+00,5.299308e-01,1.453144e+00,1.571972e+00,3.358597e-01
3.453922e+00,1.799545e+00,7.108604e-01,4.902970e-01,6.057315e-01,4.446759e-01,3.608104e-01
3.398425e+00,1.170028e+00,0.000000e+00,1.832692e+00,1.187577e+00,1.280646e+00,9.010033e-02
3.724152e+00,2.149305e+00,9.954455e-02,1.056411e-01,3.304692e-02,9.350528e-01,1.501478e-01
3.620498e+00,1.072676e+00,7.146391e-01,1.850766e+00,6.568657e-01,6.202399e-01,0.000000e+00
3.569756e+00,1.462793e+00,3.104612e-01,2.103407e+00,0.000000e+00,2.160483e-01,2.653065e-01
3.280419e+00,1.327368e+00,9.453224e-01,5.655345e-01,2.529078e+00,6.830607e-01,0.000000e+00
3.384311e+00,1.699435e+00,4.241282e-01,0.000000e+00,2.466357e+00,7.163488e-01,1.266152e-02
3.216841e+00,1.738020e+00,8.111929e-02,1.437977e-01,3.234954e+00,7.558242e-01,0.000000e+00
3.074906e+00,1.840359e+00,1.870861e+00,5.642178e-01,4.778395e-01,4.118893e-01,1.083352e-01
3.619735e+00,1.591020e+00,1.282496e+00,7.304723e-01,0.000000e+00,7.259600e-01,0.000000e+00
3.338449e+00,1.667092e+00,1.659791e-01,2.262340e+00,3.101822e-01,1.448850e-01,1.498580e-01
3.117348e+00,2.012098e+00,9.907220e-01,2.077822e-01,8.883414e-01,9.111540e-01,2.271709e-01
3.531197e+00,1.503875e+00,1.008203e+00,1.357582e+00,2.874984e-01,0.000000e+00,1.853585e-01
4.246646e+00,7.482016e-01,2.925099e-01,1.518029e+00,3.293627e-02,1.152800e+00,0.000000e+00
2.708656e+00,1.025799e+00,3.516273e-01,2.067431e+00,2.177645e+00,1.724851e+00,2.730610e-01
2.772518e+00,1.515112e+00,0.000000e+00,1.112786e+00,3.214644e+00,7.749944e-01,1.958252e-01
3.677805e+00,1.545372e+00,9.305441e-01,6.236185e-01,3.313793e-01,1.065749e+00,1.328540e-02
2.433140e+00,1.574227e+00,7.985587e-01,1.086529e-01,4.449713e+00,1.239242e+00,8.969214e-02
3.387163e+00,1.959104e+00,1.007377e+00,2.604529e-02,4.410118e-01,1.229912e+00,1.112425e-01
2.963681e+00,1.497275e+00,6.774927e-01,0.000000e+00,3.572771e+00,9.931701e-01,0.000000e+00
2.895423e+00,1.490774e+00,2.197099e-01,1.836008e+00,2.011721e+00,1.794915e-01,3.928217e-01
3.451743e+00,1.333528e+00,2.381615e-01,1.364848e+00,1.387485e+00,4.927946e-01,1.445962e-01
2.983063e+00,2.049800e+00,1.492922e+00,2.264216e-01,1.089560e+00,4.902266e-01,1.381332e-01
3.255883e+00,1.276847e+00,7.664819e-02,2.478206e+00,1.164309e+00,6.665357e-01,0.000000e+00
3.113204e+00,7.939582e-01,0.000000e+00,8.067077e-01,4.857584e+00,9.999235e-01,0.000000e+00
3.323200e+00,1.620287e+00,4.066729e-01,2.289641e+00,3.785789e-01,0.000000e+00,8.665157e-02
3.060677e+00,1.029689e+00,1.219660e+00,1.754688e+00,1.637173e+00,1.144015e+00,0.000000e+00
2.176706e+00,1.091121e+00,1.116338e-01,1.279577e+00,5.956726e+00,9.541894e-01,1.149320e-02
3.289134e+00,1.709874e+00,6.987700e-01,4.780034e-01,7.114142e-01,1.330926e+00,2.326744e-01
3.023373e+00,1.644849e+00,6.994390e-01,1.379655e+00,1.496418e+00,3.690470e-01,1.558473e-01
2.657427e+00,1.371870e+00,2.971111e-01,1.632485e+00,3.802742e+00,3.545037e-01,0.000000e+00
2.964242e+00,1.950176e+00,3.929215e-01,6.092916e-01,1.597744e+00,1.053304e+00,2.068311e-01
3.008842e+00,1.852098e+00,6.782575e-01,3.591393e-01,1.442709e+00,9.303637e-01,3.299022e-01
3.124888e+00,1.277819e+00,1.996720e-01,1.391988e+00,2.830876e+00,8.097514e-01,0.000000e+00
3.840252e+00,1.299404e+00,0.000000e+00,1.430491e+00,4.233288e-01,1.053233e+00,6.216714e-02
3.303310e+00,1.569495e+00,2.781254e-01,1.654189e+00,1.347742e+00,8.377045e-04,1.234635e-01
2.756199e+00,1.022554e+00,0.000000e+00,1.826818e+00,3.723900e+00,8.461454e-01,2.125847e-01
3.229874e+00,2.136122e+00,4.603057e-01,1.786396e-01,1.454471e+00,6.369792e-01,0.000000e+00
2.885201e+00,2.132504e+00,9.066297e-01,4.439915e-01,1.456106e+00,4.582716e-01,1.529748e-01
2.512324e+00,1.416510e+00,1.602945e+00,0.000000e+00,3.496779e+00,1.377082e+00,9.819414e-02
3.233347e+00,1.630133e+00,1.373542e+00,9.235292e-01,6.704896e-02,1.262885e+00,1.603499e-02
2.523866e+00,1.413873e+00,2.331327e+00,6.192106e-01,1.976841e+00,1.164118e+00,1.294966e-02
2.877523e+00,2.129680e+00,9.225341e-01,2.134145e-01,1.935782e+00,6.081774e-01,1.854106e-01
3.351716e+00,1.248443e+00,5.956928e-01,1.890640e+00,1.095871e+00,6.205983e-02,2.521183e-01
2.735572e+00,1.102624e+00,1.970789e-01,1.385276e+00,3.591391e+00,1.547565e+00,0.000000e+00
3.114607e+00,1.781286e+00,2.564314e-01,1.697946e+00,1.016171e+00,6.429031e-02,3.444278e-01
2.668253e+00,1.422010e+00,3.296587e-01,1.531864e+00,2.649066e+00,5.653769e-01,5.000741e-01
2.905506e+00,1.605188e+00,1.875253e+00,1.242766e-01,1.772839e+00,1.226540e+00,0.000000e+00
3.224854e+00,1.108815e+00,1.653994e-01,1.776071e+00,2.480117e+00,4.500977e-01,0.000000e+00
2.999924e+00,1.512033e+00,0.000000e+00,1.361381e+00,2.659192e+00,3.165332e-01,1.739645e-01
3.349217e+00,1.254364e+00,1.126618e+00,8.583342e-01,2.025773e+00,6.143938e-01,0.000000e+00
3.247573e+00,1.730768e+00,1.557970e+00,7.705077e-01,7.641344e-01,9.715928e-03,8.086414e-02
3.245152e+00,1.784330e+00,7.681243e-01,1.556160e-01,1.011884e+00,1.557229e+00,1.184077e-01
3.136812e+00,1.560667e+00,5.372019e-01,2.088273e+00,9.175515e-01,1.132300e-01,1.403204e-01
3.268185e+00,1.774411e+00,5.174251e-01,8.334137e-01,1.573257e+00,3.567950e-01,0.000000e+00
2.874275e+00,1.303726e+00,8.072662e-01,1.609019e+00,2.644755e+00,3.576019e-01,0.000000e+00
3.499687e+00,1.781445e+00,1.206848e+00,6.789246e-01,2.001605e-01,6.554103e-01,0.000000e+00
3.319508e+00,1.273569e+00,6.188049e-01,2.729165e+00,0.000000e+00,5.148529e-01,6.552726e-02
2.786196e+00,1.877820e+00,8.464430e-01,5.993996e-02,3.000466e+00,4.457521e-01,2.667678e-01
3.709429e+00,1.594074e+00,5.439199e-03,1.239376e+00,1.103650e+00,2.783176e-01,0.000000e+00
2.788382e+00,1.406023e+00,2.508646e+00,0.000000e+00,2.466867e+00,6.297336e-01,1.130456e-02
3.556842e+00,1.554561e+00,2.482334e-01,1.409482e+00,7.145392e-01,2.610964e-01,1.389569e-01
3.076920e+00,1.501947e+00,0.000000e+00,1.263750e+00,3.171588e+00,9.005956e-02,0.000000e+00
2.993404e+00,1.432548e+00,0.000000e+00,1.146943e+00,2.700782e+00,6.224650e-01,2.677388e-01
3.563505e+00,1.627913e+00,5.533158e-02,2.042886e+00,4.663039e-02,7.820891e-02,1.578352e-01
3.762129e+00,2.069997e+00,0.000000e+00,7.352887e-01,0.000000e+00,5.596205e-01,0.000000e+00
2.378814e+00,1.671068e+00,0.000000e+00,8.711518e-01,5.134340e+00,0.000000e+00,2.227500e-01
2.964567e+00,1.405578e+00,0.000000e+00,2.195127e+00,1.522141e+00,6.977742e-01,2.388170e-01
3.408780e+00,1.925118e+00,4.331155e-01,2.545945e-01,1.605145e+00,3.512900e-02,1.905643e-01
3.173679e+00,1.595651e+00,7.765678e-01,1.994301e+00,6.149471e-01,2.674681e-01,6.266934e-02
3.448616e+00,1.817797e+00,4.606353e-01,2.154922e-01,8.760224e-01,1.119843e+00,2.835833e-01
2.861572e+00,1.441917e+00,1.097403e+00,0.000000e+00,2.691999e+00,1.805615e+00,8.982666e-02
4.240956e+00,1.496312e+00,0.000000e+00,0.000000e+00,2.292092e-01,1.466594e+00,0.000000e+00
3.296394e+00,1.730142e+00,0.000000e+00,1.610503e+00,1.179183e+00,6.263063e-02,1.136510e-01
3.270759e+00,1.706942e+00,4.828328e-01,4.214166e-01,1.745398e+00,1.013943e+00,3.744819e-02
3.172400e+00,1.917655e+00,1.179091e+00,5.357197e-01,7.540859e-02,9.553907e-01,2.197419e-01
3.137198e+00,9.722536e-01,1.052599e+00,1.468826e+00,1.983588e+00,6.506222e-01,0.000000e+00
3.463554e+00,1.420793e+00,4.464959e-01,1.943251e+00,3.207336e-01,4.507130e-01,1.370114e-01
3.070798e+00,1.902327e+00,9.081146e-01,2.351697e-01,1.229568e+00,1.039557e+00,2.474502e-01
3.495171e+00,2.062219e+00,5.833106e-03,1.449879e+00,0.000000e+00,0.000000e+00,1.868644e-01
3.091630e+00,1.378698e+00,7.362015e-01,1.773238e-01,2.080786e+00,1.789860e+00,1.387329e-01
3.254858e+00,1.415523e+00,1.248193e+00,7.178473e-01,1.581945e+00,3.209904e-01,1.999552e-01
3.477831e+00,1.862036e+00,1.544955e-01,7.521549e-01,7.523586e-02,8.586802e-01,4.774257e-01
2.217633e+00,9.999975e-01,6.365073e-01,2.495783e+00,3.742154e+00,1.006927e+00,3.681060e-02
3.109070e+00,1.963671e+00,1.442035e+00,2.764162e-01,1.427745e+00,0.000000e+00,4.973693e-02
3.295657e+00,1.274417e+00,6.403553e-01,1.046876e+00,1.463747e+00,2.802604e-01,4.909572e-01
3.339220e+00,1.275731e+00,9.672492e-01,8.496156e-01,2.010141e+00,3.193221e-01,0.000000e+00
3.408943e+00,1.598613e+00,7.040105e-01,1.721705e-01,1.515926e+00,1.279644e+00,0.000000e+00
2.703425e+00,1.237369e+00,1.501746e+00,1.644746e+00,1.817522e+00,9.019566e-01,6.781913e-02
3.091357e+00,1.191510e+00,4.883328e-01,1.014136e+00,3.145850e+00,5.660572e-01,7.110016e-02
2.796028e+00,1.593436e+00,3.082980e-01,2.271600e+00,1.286758e+00,0.000000e+00,4.252425e-01
2.670008e+00,1.428021e+00,3.108792e-01,2.278062e+00,1.708452e+00,6.686667e-01,3.431917e-01
3.642527e+00,1.341963e+00,3.395981e-01,1.234098e+00,1.069192e+00,6.430184e-01,6.997411e-02
3.094223e+00,1.821276e+00,1.455768e+00,1.287565e-01,1.087947e+00,8.268085e-01,2.003906e-01
2.372072e+00,1.133853e+00,2.120431e+00,7.374752e-01,2.188563e+00,1.843141e+00,2.344720e-01
3.052433e+00,1.473191e+00,0.000000e+00,1.944743e+00,2.039263e+00,3.583761e-01,5.490377e-02
3.551991e+00,1.806887e+00,1.181362e+00,8.786709e-01,0.000000e+00,3.660533e-01,5.153270e-03
2.522584e+00,1.392247e+00,0.000000e+00,1.326191e+00,3.676138e+00,1.390492e+00,5.377186e-02
3.402787e+00,1.629953e+00,9.026624e-01,1.022732e+00,5.933523e-01,4.953528e-01,1.042902e-01
3.201930e+00,1.946006e+00,5.460785e-01,5.725494e-01,1.141342e+00,9.923542e-01,7.309657e-02
2.946288e+00,1.201371e+00,7.496730e-01,2.202487e+00,1.475687e+00,8.160347e-01,6.135267e-02
3.812499e+00,1.721422e+00,2.090977e-01,1.382774e+00,0.000000e+00,2.005707e-01,0.000000e+00
3.241748e+00,1.907941e+00,1.033560e-01,1.613034e-01,1.324684e+00,1.614478e+00,2.183813e-01
3.070169e+00,2.019822e+00,5.454062e-01,2.390662e-01,9.596644e-01,7.407636e-01,4.948149e-01
3.371502e+00,1.754045e+00,1.835712e+00,3.087194e-02,8.540745e-01,3.509290e-01,0.000000e+00
3.430477e+00,1.776307e+00,9.752347e-01,1.900928e-01,1.171049e+00,5.007663e-01,1.670037e-01
3.099852e+00,1.302756e+00,1.805854e+00,6.421123e-01,1.214334e+00,1.106590e+00,0.000000e+00
3.269105e+00,1.468470e+00,0.000000e+00,2.075408e+00,1.545063e+00,3.507010e-01,6.992427e-02
3.840550e+00,1.529344e+00,3.511626e-01,4.668340e-01,9.137793e-01,8.168181e-01,5.158059e-02
3.336488e+00,1.679312e+00,8.661506e-01,0.000000e+00,1.121628e+00,1.693208e+00,1.040867e-01
2.665154e+00,1.428977e+00,1.332068e-01,1.685521e+00,2.990254e+00,6.428332e-01,3.148101e-01
3.412896e+00,1.373223e+00,3.345523e-01,2.211272e+00,2.979171e-01,3.552495e-01,2.329330e-01
2.873848e+00,1.794971e+00,1.032818e+00,4.025214e-01,1.549953e+00,1.001066e+00,3.004182e-01
3.794441e+00,1.681336e+00,6.169759e-01,5.377310e-01,0.000000e+00,1.151449e+00,0.000000e+00
2.981772e+00,1.721008e+00,0.000000e+00,1.984707e+00,1.574887e+00,0.000000e+00,2.340364e-01
2.933275e+00,1.770195e+00,8.705551e-01,3.111279e-01,2.414303e+00,1.006447e+00,3.802100e-03
3.835394e+00,1.656297e+00,0.000000e+00,1.740757e+00,0.000000e+00,1.227200e-01,6.276512e-02
2.575802e+00,1.129631e+00,1.065260e+00,2.178555e+00,2.288936e+00,7.855499e-01,0.000000e+00
2.859928e+00,9.030447e-01,1.336579e+00,1.995080e+00,1.465787e+00,1.331199e+00,6.793742e-02
2.617279e+00,1.252474e+00,1.240900e+00,2.176044e+00,1.593386e+00,5.488706e-01,3.725408e-02
2.528520e+00,1.304760e+00,9.606081e-01,1.858783e+00,2.452135e+00,7.446369e-01,1.589011e-01
3.702039e+00,1.688649e+00,9.231135e-01,0.000000e+00,4.167792e-01,8.671215e-01,1.083406e-01
2.557277e+00,1.348226e+00,1.416219e+00,1.172980e+00,3.373169e+00,3.906146e-01,0.000000e+00
2.663835e+00,1.725751e+00,1.505385e+00,3.906062e-01,3.080649e+00,2.776503e-01,0.000000e+00
3.412690e+00,1.497941e+00,7.890427e-01,6.656089e-01,1.850469e+00,5.975761e-01,0.000000e+00
2.957944e+00,1.668089e+00,1.981207e+00,3.655706e-01,1.038197e+00,8.397658e-01,2.167492e-02
3.096864e+00,1.968867e+00,7.014533e-01,0.000000e+00,1.486253e+00,9.463883e-01,2.578300e-01
3.226634e+00,1.464597e+00,6.711319e-01,0.000000e+00,2.965586e+00,8.105531e-01,0.000000e+00
3.746141e+00,1.953136e+00,8.783019e-01,3.763859e-01,0.000000e+00,2.421841e-01,0.000000e+00
3.376931e+00,1.643998e+00,1.812462e+00,8.910120e-01,0.000000e+00,2.706206e-01,0.000000e+00
3.280654e+00,1.839838e+00,6.565982e-01,4.459130e-01,7.639688e-01,5.481181e-01,4.151337e-01
3.345111e+00,1.755196e+00,8.980052e-01,7.470914e-01,0.000000e+00,1.243656e+00,2.823181e-01
2.676231e+00,1.209582e+00,1.894321e+00,3.273550e-01,3.144421e+00,1.142901e+00,0.000000e+00
2.374171e+00,1.464481e+00,2.421627e+00,4.876134e-01,2.527848e+00,6.471663e-01,1.193370e-01
2.419466e+00,1.488680e+00,0.000000e+00,1.173262e+00,3.440152e+00,1.225677e+00,4.476833e-01
3.131758e+00,2.181541e+00,6.527951e-01,3.713380e-01,9.746440e-01,0.000000e+00,4.198050e-01
3.447960e+00,2.006386e+00,5.665540e-01,1.179755e-01,1.310544e+00,5.990950e-01,1.969091e-02
2.672268e+00,1.672600e+00,1.627931e+00,5.022368e-02,2.481827e+00,1.051017e+00,8.313498e-02
3.339712e+00,1.542822e+00,6.417271e-01,1.132871e+00,4.876127e-01,1.281501e+00,1.285938e-01
2.875391e+00,1.950950e+00,1.468827e+00,4.022119e-01,1.206020e+00,8.542676e-01,1.078562e-01
2.682001e+00,2.281101e+00,1.121679e+00,5.510508e-01,8.031069e-01,3.489809e-01,4.757386e-01
3.143402e+00,1.937309e+00,1.439634e+00,7.415589e-01,0.000000e+00,5.718276e-01,1.675100e-01
2.665148e+00,1.532579e+00,5.856251e-01,1.499712e+00,3.450939e+00,2.007874e-01,2.087320e-02
2.409892e+00,1.647808e+00,9.870571e-01,1.001261e+00,3.010428e+00,9.852861e-01,3.680304e-02
3.382052e+00,1.948419e+00,8.891749e-01,9.235349e-01,0.000000e+00,3.508828e-01,1.808528e-01
2.954096e+00,2.366364e+00,1.401285e+00,1.069473e-01,6.203490e-01,2.426207e-01,1.643716e-01
2.900508e+00,1.768172e+00,1.985665e+00,7.009135e-01,0.000000e+00,1.186388e+00,1.368265e-01
3.427564e+00,1.744323e+00,5.273859e-01,1.904502e+00,8.193101e-02,0.000000e+00,5.028115e-02
2.383374e+00,1.379243e+00,1.118757e+00,0.000000e+00,4.871778e+00,1.317647e+00,0.000000e+00
2.502481e+00,1.141951e+00,2.215857e+00,0.000000e+00,2.514378e+00,1.767833e+00,3.056180e-01
3.047131e+00,1.548615e+00,1.113596e+00,1.091260e+00,8.732070e-01,1.340260e-01,6.266635e-01
3.034705e+00,1.946335e+00,2.553998e-01,1.523206e-01,2.633863e+00,1.061774e+00,0.000000e+00
2.838006e+00,1.810203e+00,4.953251e-01,0.000000e+00,3.738282e+00,6.809045e-01,0.000000e+00
3.365299e+00,1.892123e+00,7.023967e-02,2.030155e+00,0.000000e+00,0.000000e+00,2.137374e-01
2.850311e+00,1.466105e+00,1.709140e-01,1.482099e+00,3.652816e+00,1.168980e-01,0.000000e+00
2.762778e+00,1.729831e+00,5.678823e-01,1.316310e+00,2.539084e+00,3.411016e-01,7.368258e-02
2.963729e+00,1.765361e+00,4.669922e-01,1.089055e-01,3.475675e+00,5.713674e-01,0.000000e+00
3.516875e+00,1.842120e+00,6.636317e-01,2.222209e-01,4.413595e-01,1.222180e+00,1.202983e-01
3.498379e+00,1.971744e+00,4.208872e-01,4.707665e-01,0.000000e+00,1.254173e+00,2.082789e-01
3.209862e+00,2.148867e+00,4.746692e-01,3.574570e-02,1.467234e+00,6.426188e-01,2.076152e-01
3.204375e+00,1.877621e+00,1.568858e+00,9.788514e-01,0.000000e+00,2.427480e-01,8.003429e-02
3.521721e+00,1.927190e+00,1.520623e-01,1.627394e+00,1.864696e-01,1.130480e-01,2.847200e-02
2.432605e+00,8.499676e-01,2.093627e+00,9.770870e-01,3.748482e+00,1.188532e+00,0.000000e+00
2.550870e+00,1.686125e+00,6.565577e-01,8.965125e-01,2.378424e+00,1.020264e+00,3.507566e-01
2.859234e+00,1.438793e+00,2.667621e+00,1.042788e+00,2.103889e-01,9.404948e-01,0.000000e+00
2.509954e+00,1.278578e+00,1.073659e+00,2.227300e-01,2.875898e+00,2.271821e+00,3.874799e-01
3.190398e+00,1.746202e+00,4.722535e-01,1.875201e+00,7.164910e-01,3.188783e-02,7.727653e-02
2.599102e+00,1.758594e+00,2.013904e+00,3.752221e-01,1.981003e+00,8.424735e-01,1.649082e-02
2.263699e+00,1.260234e+00,1.604874e+00,1.194517e+00,3.749793e+00,3.710432e-01,1.497423e-01
3.054749e+00,1.678545e+00,0.000000e+00,5.231559e-01,3.496824e+00,3.602694e-01,0.000000e+00
3.554310e+00,1.875619e+00,5.032050e-01,0.000000e+00,1.374778e+00,8.932746e-01,0.000000e+00
3.107740e+00,1.949576e+00,0.000000e+00,1.480964e+00,8.648074e-01,0.000000e+00,4.358560e-01
3.138582e+00,2.213610e+00,7.743086e-01,5.450506e-01,1.246014e+00,1.674973e-01,0.000000e+00
2.986195e+00,1.326990e+00,1.510885e+00,1.955415e+00,3.599700e-01,1.139630e+00,0.000000e+00
2.797905e+00,1.735996e+00,8.808665e-01,0.000000e+00,3.500802e+00,6.818689e-01,0.000000e+00
3.055944e+00,2.044101e+00,1.241799e+00,3.993123e-01,4.868763e-01,6.282902e-01,2.682559e-01
2.931408e+00,2.041321e+00,8.163339e-01,3.993129e-01,1.495486e+00,8.063039e-01,2.084327e-01
3.213784e+00,1.799726e+00,7.444744e-01,1.237530e-01,1.894901e+00,1.114246e+00,0.000000e+00
2.420890e+00,8.000130e-01,2.729265e-01,1.985085e+00,3.183544e+00,2.444175e+00,1.247259e-01
2.778987e+00,2.069155e+00,8.375157e-01,3.629321e-01,2.434510e+00,6.578669e-01,3.915122e-02
3.166400e+00,1.871069e+00,3.268538e-01,1.465016e+00,1.134957e+00,0.000000e+00,1.804553e-01
3.359250e+00,1.577076e+00,0.000000e+00,1.892825e+00,3.906857e-01,1.219931e+00,0.000000e+00
2.926153e+00,2.044568e+00,6.814471e-01,4.788097e-01,1.250425e+00,6.705366e-01,4.491914e-01
2.889225e+00,2.178298e+00,5.036842e-01,3.106843e-01,1.857055e+00,3.183211e-01,2.877430e-01
3.612302e+00,2.189236e+00,6.359547e-02,6.040604e-01,0.000000e+00,4.927591e-01,1.850806e-01
3.338223e+00,1.668711e+00,1.162755e+00,0.000000e+00,1.510894e+00,6.596596e-01,1.737259e-01
2.932102e+00,1.340283e+00,2.642520e+00,3.545481e-01,7.541538e-01,1.454635e+00,0.000000e+00
2.652183e+00,1.231584e+00,0.000000e+00,1.011209e+00,5.279943e+00,4.476653e-01,0.000000e+00
3.263826e+00,2.028496e+00,6.416246e-01,2.662906e-01,4.471545e-01,6.584239e-01,4.061885e-01
2.902084e+00,1.755173e+00,4.811678e-01,2.503892e-01,1.994446e+00,1.673994e+00,2.270754e-01
3.062192e+00,1.477234e+00,0.000000e+00,2.165223e+00,1.497849e+00,4.825682e-01,9.443830e-02
3.171515e+00,1.809428e+00,7.015932e-01,1.396803e+00,5.103134e-01,8.645105e-01,1.044335e-01
3.038737e+00,1.419968e+00,1.170860e+00,9.514004e-01,6.952136e-01,2.073420e+00,6.556293e-02
3.121189e+00,2.294700e+00,0.000000e+00,7.714666e-01,1.173862e+00,4.313113e-01,1.118655e-01
3.355381e+00,1.244026e+00,1.393556e+00,4.883395e-01,8.295709e-01,2.075610e+00,2.498088e-03
3.459820e+00,1.592149e+00,8.952313e-01,1.263138e+00,5.289398e-01,5.033593e-01,0.000000e+00
2.457975e+00,1.634994e+00,2.626332e+00,1.628723e-02,2.589447e+00,5.608681e-01,0.000000e+00
2.411728e+00,1.438732e+00,2.266825e+00,1.030005e-01,2.928921e+00,1.031966e+00,8.291268e-02
3.269802e+00,2.012934e+00,7.896423e-01,2.085774e-01,7.333448e-01,7.380762e-01,2.779906e-01
3.333028e+00,1.908952e+00,7.805668e-01,3.723585e-02,5.956537e-01,1.173173e+00,3.006818e-01
2.804436e+00,1.926164e+00,1.771463e+00,2.504116e-01,7.843836e-01,1.007494e+00,2.040840e-01
3.257341e+00,1.646029e+00,7.611381e-01,7.602293e-01,1.260395e+00,7.074237e-01,1.764201e-01
3.722395e+00,1.522019e+00,0.000000e+00,7.625565e-01,1.156802e+00,9.754872e-01,0.000000e+00
2.941103e+00,1.488124e+00,7.782575e-01,2.320571e+00,2.352212e-01,6.736426e-01,3.262218e-01
3.167674e+00,1.682482e+00,1.960243e+00,4.841368e-02,4.562031e-01,1.350124e+00,9.389995e-02
3.016338e+00,2.197255e+00,7.705562e-01,5.985911e-01,8.026996e-01,1.737710e-01,3.160962e-01
3.165556e+00,1.817489e+00,9.303444e-01,1.014658e+00,0.000000e+00,1.035271e+00,2.849457e-01
3.323617e+00,1.680789e+00,4.879057e-01,1.997928e+00,1.536327e-01,0.000000e+00,1.758779e-01
3.125216e+00,2.353129e+00,9.052881e-01,3.164146e-01,2.108108e-01,3.612933e-01,3.533302e-01
3.209150e+00,1.355645e+00,0.000000e+00,1.589283e+00,1.491457e+00,1.215491e+00,1.419956e-01
2.603839e+00,1.813583e+00,0.000000e+00,1.986147e+00,2.124833e+00,2.235434e-01,3.724702e-01
2.162865e+00,1.427516e+00,7.848926e-01,2.315705e+00,3.022445e+00,9.087924e-01,9.317892e-02
2.680997e+00,1.649730e+00,6.508325e-01,0.000000e+00,3.279840e+00,1.715540e+00,2.163643e-01
3.138756e+00,2.269844e+00,4.340837e-01,5.693773e-01,3.991984e-01,4.769008e-01,4.424852e-01
2.149252e+00,1.592110e+00,2.275443e+00,5.606335e-01,2.866579e+00,5.759925e-01,1.194372e-01
3.356973e+00,1.512848e+00,2.324426e-01,1.813706e+00,7.534262e-01,0.000000e+00,2.710283e-01
2.898362e+00,1.572071e+00,7.151695e-01,1.233592e+00,1.403284e+00,8.922428e-01,3.006891e-01
2.741770e+00,1.945816e+00,8.877013e-01,2.303234e-01,1.914841e+00,1.119298e+00,3.346298e-01
2.725783e+00,1.853939e+00,1.508481e+00,6.259452e-02,2.299349e+00,7.818512e-01,4.448189e-02
3.293755e+00,1.899350e+00,1.060125e+00,9.013142e-01,5.084594e-01,4.644409e-01,0.000000e+00
2.904576e+00,1.887974e+00,5.837359e-01,5.344239e-01,2.765797e+00,3.099929e-01,0.000000e+00
2.667862e+00,1.188688e+00,2.342323e+00,1.462182e-01,2.624446e+00,1.382248e+00,0.000000e+00
2.783192e+00,1.790558e+00,2.868690e-01,6.939552e-02,3.985215e+00,7.692672e-01,0.000000e+00
2.746628e+00,1.554134e+00,2.064649e+00,3.136508e-01,1.444314e+00,1.040784e+00,1.390591e-01
3.375602e+00,1.720313e+00,7.337021e-01,1.243798e+00,1.222894e-01,8.299654e-01,8.913338e-02
2.870049e+00,1.698566e+00,1.452940e+00,0.000000e+00,2.977162e+00,6.182190e-01,5.307187e-03
3.484100e+00,1.204961e+00,1.634408e+00,9.976943e-01,9.515100e-02,1.272018e+00,0.000000e+00
2.813287e+00,1.160162e+00,2.564710e-01,3.915001e-01,3.770289e+00,2.209235e+00,1.276819e-01
3.234071e+00,1.599651e+00,1.487933e+00,9.707298e-01,0.000000e+00,1.061989e+00,1.231400e-01
2.626693e+00,1.622319e+00,7.237594e-01,2.326426e-01,3.896422e+00,8.841802e-01,1.151084e-01
2.516430e+00,1.684865e+00,1.300670e+00,0.000000e+00,2.425175e+00,1.385981e+00,4.490991e-01
2.373387e+00,1.251033e+00,2.274652e+00,0.000000e+00,4.091417e+00,9.848594e-01,0.000000e+00
3.218474e+00,1.785552e+00,1.433045e+00,9.862081e-02,4.282641e-01,1.321207e+00,1.733850e-01
3.131929e+00,2.164974e+00,4.963800e-01,1.760862e-01,1.038990e+00,5.636761e-01,4.686879e-01
3.072925e+00,1.249464e+00,9.421829e-01,2.191436e+00,3.241490e-01,9.600592e-01,2.976404e-01
3.404074e+00,8.440962e-01,1.612433e+00,1.708568e+00,8.004617e-01,7.884894e-01,0.000000e+00
3.723053e+00,1.405030e+00,6.336096e-01,1.726022e+00,0.000000e+00,8.864641e-02,1.968937e-01
3.402723e+00,1.676385e+00,1.256896e+00,0.000000e+00,1.539283e+00,7.850045e-01,0.000000e+00
3.056823e+00,1.654039e+00,1.441986e+00,0.000000e+00,2.056547e+00,6.163696e-01,6.372065e-02
3.332094e+00,1.230791e+00,1.348844e-01,1.184056e+00,1.604857e+00,1.504957e+00,2.283861e-01
3.020813e+00,1.200331e+00,0.000000e+00,1.432189e+00,3.178316e+00,1.189381e+00,0.000000e+00
3.278853e+00,1.708928e+00,7.688674e-02,2.120038e+00,5.230818e-01,0.000000e+00,2.248654e-01
3.664515e+00,1.340361e+00,4.283582e-01,1.270942e+00,1.195026e+00,4.679800e-01,0.000000e+00
3.759926e+00,8.520675e-01,2.170847e-01,1.696846e+00,1.247519e+00,9.646464e-01,0.000000e+00
3.038634e+00,1.925971e+00,1.123334e+00,3.673241e-01,1.338711e+00,8.516823e-01,0.000000e+00
3.131262e+00,7.651063e-01,1.617117e+00,1.743098e+00,1.042071e+00,1.440486e+00,0.000000e+00
3.111649e+00,1.999920e+00,6.511751e-01,2.081244e-01,1.459793e+00,7.171817e-01,2.302310e-01
3.270340e+00,1.468600e+00,1.082345e+00,2.200134e+00,2.352257e-01,1.912437e-01,5.405537e-02
3.564147e+00,1.648497e+00,3.045129e-01,1.349017e+00,8.077827e-01,2.693135e-01,0.000000e+00
3.231992e+00,2.043199e+00,0.000000e+00,0.000000e+00,1.120125e+00,1.553928e+00,2.406742e-01
3.379299e+00,1.615697e+00,1.678287e+00,7.482773e-01,0.000000e+00,8.725356e-01,0.000000e+00
2.599466e+00,1.304544e+00,9.824249e-01,2.229627e+00,1.806179e+00,5.868998e-01,2.680501e-01
2.908212e+00,1.401757e+00,1.387223e+00,2.510842e-05,2.799128e+00,1.355802e+00,0.000000e+00
3.209011e+00,1.236321e+00,1.328212e+00,0.000000e+00,2.196035e+00,1.527116e+00,1.088117e-01
3.320770e+00,1.445376e+00,1.904479e+00,0.000000e+00,6.077205e-01,1.351027e+00,6.906847e-02
3.010993e+00,1.696232e+00,1.899529e+00,1.774773e-01,8.714656e-01,6.176414e-01,3.403233e-01
3.167038e+00,1.882759e+00,8.473987e-01,0.000000e+00,1.652071e+00,1.079703e+00,2.263405e-02
3.912582e+00,1.125257e+00,8.798483e-01,0.000000e+00,1.288123e+00,1.411192e+00,0.000000e+00
3.225837e+00,8.543521e-01,0.000000e+00,1.444317e+00,3.666695e+00,6.198907e-01,0.000000e+00
3.312916e+00,1.896114e+00,8.183437e-01,1.675291e-01,1.223547e+00,8.386331e-01,2.532541e-02
3.109311e+00,1.177468e+00,1.444518e+00,1.965144e+00,2.724703e-01,9.150616e-01,1.358759e-01
3.663142e+00,7.356711e-01,0.000000e+00,1.412081e+00,2.457944e+00,7.425443e-01,1.013514e-01
2.697278e+00,1.407675e+00,0.000000e+00,1.485235e+00,3.087304e+00,5.335389e-01,4.315002e-01
2.832013e+00,1.260851e+00,2.781885e-01,1.578727e+00,2.663371e+00,7.910632e-01,2.186489e-01
2.063376e+00,2.961209e-01,4.012975e+00,1.343801e+00,2.570350e+00,7.621844e-01,4.270694e-01
3.598816e+00,1.113437e+00,2.029545e+00,0.000000e+00,1.050007e-01,6.596516e-01,5.709569e-01
1.994512e+00,4.988602e-01,3.883989e+00,7.855725e-02,2.859754e+00,1.926232e+00,2.732981e-01
2.994666e+00,9.044880e-01,2.699178e+00,0.000000e+00,1.931478e+00,9.358304e-01,3.114807e-01
3.532589e+00,3.870981e-01,6.763807e-01,1.490308e+00,1.562268e+00,1.793695e+00,4.014283e-01
3.365985e+00,6.386531e-01,1.275723e+00,9.200412e-01,6.333800e-01,2.162295e+00,5.759423e-01
2.245645e+00,5.090793e-01,3.593565e+00,2.736047e+00,2.285574e-01,3.801860e-01,5.936318e-01
3.066382e+00,7.995530e-01,2.609467e+00,0.000000e+00,2.003392e+00,1.559384e-01,5.204284e-01
3.164214e+00,8.270042e-02,1.593211e+00,1.904014e+00,1.602328e+00,2.093825e+00,2.306810e-01
2.084050e+00,7.484275e-01,4.322486e+00,1.120532e-01,2.613813e+00,5.722770e-01,4.142560e-01
3.155330e+00,1.799631e-01,2.220272e+00,2.064090e+00,8.467726e-01,1.201328e+00,3.248822e-01
3.007124e+00,6.171231e-01,1.717747e+00,0.000000e+00,4.597455e+00,2.038063e-01,1.578185e-01
2.545533e+00,5.622430e-01,1.086522e+00,1.693251e+00,4.447724e+00,2.914222e-01,2.991256e-01
3.388309e+00,1.457669e-01,2.825551e+00,1.953522e+00,0.000000e+00,1.083955e-01,6.533311e-01
2.627514e+00,7.004319e-01,3.487902e+00,0.000000e+00,1.251788e+00,1.721479e+00,4.681900e-01
2.551428e+00,0.000000e+00,4.859246e+00,2.012938e+00,6.583851e-01,3.008845e-01,1.007836e-01
3.461669e+00,9.932933e-01,2.987306e-01,9.499072e-01,1.046799e+00,1.045143e+00,8.278244e-01
3.417699e+00,4.431022e-02,3.133989e+00,1.699058e+00,8.411520e-02,0.000000e+00,4.657046e-01
3.595114e+00,8.130370e-01,1.279500e-01,1.835549e+00,0.000000e+00,9.990391e-01,9.574771e-01
2.367069e+00,0.000000e+00,5.149460e+00,1.061656e+00,8.613573e-01,3.872624e-01,7.833149e-01
3.367875e+00,7.435453e-01,2.752192e+00,0.000000e+00,6.209506e-01,5.012017e-01,6.968046e-01
2.677603e+00,4.204805e-01,4.333769e+00,5.282636e-02,2.308827e+00,5.105963e-01,2.452467e-01
2.613270e+00,0.000000e+00,4.112267e+00,1.851249e+00,1.903014e+00,0.000000e+00,5.924766e-02
2.398310e+00,6.933718e-01,3.678885e+00,2.815581e-02,1.705246e+00,1.460010e+00,6.107593e-01
2.610750e+00,8.177412e-01,2.030534e+00,3.191783e-02,2.500869e+00,2.305315e+00,4.279921e-01
3.886934e+00,1.669783e-01,9.983177e-01,1.821854e+00,7.543775e-02,1.482096e+00,4.866809e-01
2.723703e+00,6.009666e-02,3.808869e+00,4.632836e-01,3.512008e+00,5.314857e-01,0.000000e+00
2.555075e+00,5.311863e-01,4.153739e+00,1.159341e+00,4.701552e-01,1.010826e+00,3.824755e-01
3.524917e+00,3.542146e-01,1.940367e+00,0.000000e+00,1.744660e+00,2.654852e+00,0.000000e+00
2.774982e+00,6.194075e-01,3.428860e+00,0.000000e+00,1.518384e+00,1.443546e+00,4.661449e-01
1.999559e+00,3.539071e-01,4.469970e+00,8.516646e-01,2.466718e+00,9.662583e-01,3.155641e-01
2.949364e+00,1.394883e+00,8.205533e-01,0.000000e+00,3.109212e+00,4.595323e-01,6.017453e-01
2.545218e+00,5.272838e-01,2.487531e+00,0.000000e+00,3.605049e+00,1.747899e+00,3.746825e-01
2.164436e+00,2.617472e-02,2.273693e+00,2.116650e+00,3.376345e+00,2.199543e+00,2.137001e-01
3.639997e+00,6.269174e-01,2.061995e+00,0.000000e+00,1.143481e+00,1.446147e+00,3.079177e-01
3.011568e+00,7.450397e-01,2.386617e+00,2.270251e+00,0.000000e+00,3.581352e-01,3.845424e-01
3.998280e+00,5.937167e-01,1.918156e+00,1.477412e-01,0.000000e+00,0.000000e+00,1.013972e+00
2.867039e+00,2.158151e-01,2.261797e+00,1.994499e+00,1.706050e+00,8.331546e-01,4.673492e-01
2.914747e+00,5.814131e-01,3.418316e+00,2.662551e-01,7.851294e-01,1.572559e+00,4.673625e-01
2.802396e+00,8.599540e-01,2.911878e+00,4.528310e-01,1.297947e+00,9.424576e-01,5.296784e-01
2.199951e+00,5.154997e-01,2.604539e+00,3.591219e-01,2.600168e+00,2.295854e+00,8.145252e-01
2.730828e+00,7.145807e-01,3.943135e+00,4.684748e-01,7.281612e-01,8.351753e-01,4.766223e-01
3.675772e+00,1.099433e+00,9.673571e-01,3.806604e-03,5.189303e-01,1.520657e+00,6.292905e-01
1.924109e+00,7.337887e-01,3.957616e+00,4.916971e-01,2.523247e+00,8.974287e-01,5.212640e-01
2.191361e+00,7.041271e-01,2.722363e+00,1.611932e+00,2.747334e+00,3.330775e-01,4.880811e-01
2.891999e+00,4.133354e-01,2.325978e+00,1.045590e+00,2.960427e+00,1.386632e-01,3.942239e-01
2.543290e+00,2.442698e-01,5.428920e-01,1.632229e+00,5.947735e+00,1.278767e-01,3.795435e-01
3.404360e+00,2.029396e-02,3.383143e+00,7.035485e-01,1.461706e+00,1.395650e+00,0.000000e+00
3.482874e+00,6.287225e-01,2.651994e+00,6.295369e-01,2.492251e-02,1.056042e+00,3.845134e-01
3.203148e+00,5.340975e-01,1.922468e+00,2.237520e+00,2.297711e-01,1.061084e+00,3.119122e-01
1.872280e+00,6.814743e-01,4.989110e+00,1.826524e-02,3.302648e+00,4.711583e-01,9.903221e-02
2.560874e+00,3.204015e-02,3.656365e+00,2.311881e+00,9.008460e-01,1.222215e+00,1.574335e-01
1.665830e+00,1.660818e-01,2.609849e+00,1.710209e+00,5.297982e+00,8.192336e-01,3.224888e-01
2.517256e+00,3.531033e-01,3.733399e+00,1.282433e+00,1.989336e+00,9.653222e-01,1.466439e-01
3.768447e+00,2.710690e-01,1.693080e+00,1.711369e+00,5.464135e-01,5.188024e-01,4.075261e-01
2.733263e+00,0.000000e+00,3.885987e+00,1.955506e+00,7.275307e-01,0.000000e+00,4.384944e-01
3.080898e+00,3.439840e-01,1.330479e+00,8.935440e-01,4.650640e+00,6.248152e-01,0.000000e+00
2.698542e+00,8.465671e-01,9.263467e-01,1.280263e+00,2.970875e+00,5.324177e-01,7.045116e-01
1.812573e+00,3.233706e-01,5.492622e+00,7.366081e-01,2.326325e+00,4.771121e-01,2.175468e-01
2.279935e+00,3.378829e-01,3.723154e+00,2.718071e+00,3.524077e-01,1.901995e-01,6.128266e-01
2.280216e+00,5.527483e-01,3.582576e+00,0.000000e+00,4.283425e+00,5.063194e-01,1.821263e-01
3.154951e+00,6.464721e-01,1.967904e+00,0.000000e+00,1.949501e+00,1.751179e+00,5.211595e-01
3.984607e+00,1.209331e+00,4.249244e-01,1.791632e-01,0.000000e+00,8.806512e-01,8.547521e-01
3.695732e+00,7.061527e-01,0.000000e+00,1.645142e+00,5.127856e-01,1.389829e+00,7.166245e-01
1.796248e+00,7.552351e-01,3.626285e+00,8.374570e-02,3.774865e+00,8.415135e-01,5.212507e-01
2.811684e+00,4.271177e-01,2.809447e+00,0.000000e+00,3.553388e+00,1.162954e+00,1.874354e-01
2.884556e+00,7.619724e-01,3.960644e+00,8.254899e-01,8.216811e-03,4.867651e-01,4.370947e-01
3.118844e+00,6.372383e-01,1.149593e+00,2.276786e+00,5.238649e-01,5.019811e-01,9.032942e-01
2.913524e+00,4.056573e-01,4.570510e+00,6.564792e-01,4.776643e-01,2.214300e-01,3.822032e-01
2.971733e+00,6.724794e-02,3.423536e+00,1.232018e+00,2.778728e+00,0.000000e+00,0.000000e+00
3.149058e+00,7.826577e-01,2.265234e+00,1.772321e+00,0.000000e+00,2.361876e-01,5.834409e-01
2.973658e+00,3.684428e-01,2.800590e+00,6.476594e-01,1.134964e+00,2.154877e+00,4.328788e-01
3.894241e+00,5.996751e-01,3.848248e-01,8.392902e-01,1.288962e+00,1.040380e+00,5.647383e-01
2.998429e+00,7.538564e-01,2.086226e+00,0.000000e+00,2.479165e+00,8.734171e-01,6.166518e-01
3.864424e+00,2.927600e-01,9.141822e-01,1.276530e+00,1.670657e+00,1.347714e-01,5.599397e-01
2.990479e+00,9.777609e-01,2.253781e+00,7.052138e-01,5.948673e-01,6.786899e-01,7.520808e-01
2.460972e+00,2.857262e-01,3.143148e+00,1.567246e+00,3.295637e+00,4.526678e-01,0.000000e+00
1.894004e+00,1.357298e-01,4.377102e+00,2.369271e-01,4.759381e+00,1.087223e+00,0.000000e+00
2.119035e+00,5.030042e-01,2.341190e+00,2.128468e+00,2.224996e+00,1.374198e+00,5.353579e-01
4.026873e+00,7.883495e-01,5.332299e-01,5.667011e-01,3.009086e-01,1.752714e+00,5.086305e-01
2.847367e+00,6.991573e-01,2.881028e+00,5.237056e-01,9.753937e-01,1.504366e+00,5.524982e-01
3.476460e+00,4.806386e-01,1.676554e+00,1.299065e+00,7.844974e-01,1.221216e+00,3.828778e-01
3.380958e+00,0.000000e+00,2.628789e+00,6.036782e-01,2.096419e+00,8.159325e-01,4.896274e-01
2.119016e+00,2.120215e-01,1.641708e+00,9.965363e-01,5.643389e+00,1.157064e+00,5.190919e-01
3.004877e+00,4.355405e-01,1.568860e+00,2.255946e+00,1.027072e+00,9.237974e-01,6.073161e-01
3.064290e+00,6.516486e-01,3.292334e+00,1.055407e+00,3.329112e-01,4.929856e-01,3.113176e-01
2.150146e+00,1.987046e-01,3.217620e+00,1.868835e+00,2.914154e+00,1.875213e-01,5.959136e-01
2.808525e+00,8.372685e-01,2.530186e+00,2.715171e-01,1.494319e+00,9.900170e-01,7.669776e-01
1.336111e+00,1.204791e-01,4.480603e+00,5.840781e-01,5.195221e+00,1.377398e+00,7.788203e-02
3.838651e+00,7.274739e-01,1.100897e-01,0.000000e+00,1.378550e+00,2.454669e+00,6.884979e-01
1.517070e+00,2.195124e-01,2.159467e+00,1.744984e+00,3.625245e+00,2.903282e+00,7.850825e-01
3.053387e+00,5.205807e-01,2.466107e+00,5.493183e-01,2.289049e+00,1.607199e-02,5.083315e-01
1.999698e+00,0.000000e+00,4.743193e+00,1.047831e+00,3.586103e+00,3.231977e-01,0.000000e+00
3.358648e+00,1.143066e+00,1.598264e+00,1.968096e-01,5.618425e-01,6.410606e-01,8.208886e-01
2.596368e+00,3.900083e-01,4.448735e+00,6.707682e-01,1.439123e+00,3.003851e-01,4.029765e-01
2.937783e+00,5.157969e-01,2.948720e+00,1.256029e+00,1.060861e+00,0.000000e+00,7.313924e-01
2.014677e+00,3.924036e-01,4.066340e+00,1.590511e+00,3.560352e+00,0.000000e+00,0.000000e+00
2.931208e+00,5.368517e-01,2.473235e+00,7.086414e-01,2.569909e+00,1.032671e+00,1.708929e-01
2.937089e+00,6.840157e-01,1.852450e+00,2.243343e-01,2.209951e+00,1.817734e+00,4.692124e-01
2.919290e+00,1.091322e+00,2.517795e+00,0.000000e+00,2.191869e+00,6.163616e-01,2.746565e-01
3.271109e+00,9.319021e-01,1.661541e+00,0.000000e+00,2.265689e+00,8.769398e-01,3.354157e-01
3.458970e+00,6.228209e-01,1.884231e+00,7.231274e-01,0.000000e+00,1.628625e+00,7.768399e-01
1.927516e+00,5.922927e-01,4.749547e+00,3.694482e-01,2.040850e+00,7.837577e-01,4.782100e-01
2.687264e+00,1.024589e+00,2.844852e+00,7.947523e-01,1.328984e+00,3.030994e-01,5.606624e-01
3.435465e+00,1.318480e+00,2.055613e+00,0.000000e+00,0.000000e+00,1.265937e-01,7.660316e-01
1.954662e+00,8.571257e-01,3.528813e+00,1.237786e+00,1.382113e+00,1.785722e+00,3.193646e-01
2.329685e+00,5.538289e-01,2.442024e+00,2.225981e-01,3.329273e+00,2.529027e+00,3.114187e-01
2.268407e+00,8.107543e-01,2.751116e+00,0.000000e+00,4.151694e+00,8.404873e-01,3.468662e-01
2.449986e+00,4.552399e-01,2.686032e+00,6.716832e-01,4.595513e+00,4.783385e-01,6.335183e-02
3.162378e+00,7.110543e-01,2.366691e+00,5.480281e-01,1.832672e+00,4.915620e-01,3.401679e-01
2.723753e+00,8.833727e-01,1.739340e+00,2.934463e-01,3.720855e+00,9.347338e-01,2.740901e-01
2.999576e+00,4.869290e-01,2.097965e+00,2.060708e-01,1.562104e+00,2.621430e+00,5.385642e-01
3.350024e+00,8.845112e-01,2.528137e+00,5.271347e-01,0.000000e+00,9.831757e-01,5.209088e-01
3.099486e+00,6.479041e-01,3.491053e+00,1.011948e+00,0.000000e+00,3.832585e-01,4.254790e-01
3.068309e+00,7.347778e-01,3.308651e+00,1.164047e+00,0.000000e+00,1.031538e+00,2.048452e-01
2.839609e+00,7.993252e-01,2.563569e+00,0.000000e+00,2.388826e+00,6.673759e-01,5.003265e-01
2.328106e+00,4.597339e-01,3.371731e+00,9.902697e-01,2.960822e+00,1.527681e-01,4.537788e-01
3.175408e+00,6.402371e-01,1.602003e+00,2.234447e+00,0.000000e+00,3.555803e-01,7.964306e-01
2.584013e+00,2.872965e-01,3.819313e+00,1.070583e+00,2.663160e+00,3.717082e-02,1.444534e-01
2.465086e+00,1.944875e-01,2.343502e+00,1.488194e+00,4.719425e+00,6.465625e-01,0.000000e+00
2.905083e+00,6.960817e-01,1.041356e+00,4.148998e-01,4.167453e+00,1.344166e+00,2.137555e-01
3.304028e+00,1.497150e+00,1.008738e-01,9.602044e-02,2.457534e+00,6.731111e-01,4.064939e-01
3.014935e+00,1.119796e+00,1.365748e+00,0.000000e+00,1.987978e+00,1.501655e+00,5.011898e-01
3.328149e+00,1.141829e+00,1.853844e+00,1.320028e-01,8.082443e-01,6.686812e-01,5.946986e-01
2.754154e+00,5.605437e-01,2.152773e+00,0.000000e+00,4.942024e+00,8.054336e-01,0.000000e+00
3.556006e+00,1.206530e+00,1.718785e+00,3.442916e-01,7.618528e-02,8.951562e-01,4.736475e-01
3.401697e+00,7.166977e-01,1.807604e+00,4.468926e-01,7.805561e-01,1.506221e+00,4.894829e-01
3.236641e+00,9.162060e-01,2.146656e+00,6.041116e-01,0.000000e+00,1.340058e+00,6.993977e-01
3.229969e+00,9.187637e-01,1.668973e+00,1.601365e-02,1.014955e+00,2.000656e+00,5.753389e-01
2.600556e+00,3.369631e-01,6.194803e-01,7.976740e-01,6.411425e+00,7.185846e-01,2.551713e-01
2.924760e+00,1.184451e+00,2.267179e+00,5.705105e-01,0.000000e+00,7.844304e-01,9.067407e-01
2.920257e+00,8.891759e-01,6.739199e-01,2.531049e-01,2.031404e+00,2.658386e+00,7.021341e-01
3.109946e+00,5.652219e-01,2.847939e+00,1.404934e+00,4.327057e-01,5.008540e-01,5.183111e-01
3.630792e+00,6.957317e-01,1.412440e+00,1.155852e+00,7.835550e-01,9.032928e-01,2.803997e-01
1.589807e+00,5.644196e-01,4.924443e+00,0.000000e+00,3.317038e+00,1.132019e+00,1.310157e-01
3.096242e+00,1.148314e+00,2.135285e+00,0.000000e+00,1.366670e+00,5.464537e-01,5.182535e-01
3.064137e+00,6.917780e-01,2.646520e+00,4.834441e-01,8.408834e-01,1.630553e+00,3.596756e-01
3.476944e+00,1.116798e+00,1.641650e+00,6.698588e-01,0.000000e+00,4.514874e-01,6.629152e-01
2.722312e+00,5.638733e-01,3.271943e+00,1.939691e+00,4.292974e-01,3.879065e-01,4.373911e-01
3.221750e+00,1.052941e+00,2.344727e+00,0.000000e+00,6.582115e-01,1.080966e+00,5.428143e-01
2.594370e+00,1.344122e+00,1.773058e+00,9.272525e-01,8.556899e-01,2.189437e-01,1.024918e+00
2.324638e+00,6.585096e-01,2.657782e+00,3.573714e-01,2.393775e+00,2.253723e+00,4.851276e-01
2.333948e+00,7.044553e-01,3.359067e+00,1.457233e-01,2.821620e+00,6.319053e-01,4.957913e-01
2.648796e+00,8.787476e-01,2.090632e+00,3.770771e-01,2.086210e+00,1.334595e+00,6.595009e-01
3.301249e+00,1.461808e+00,6.626531e-01,4.501151e-01,4.646995e-01,2.171053e-01,1.106331e+00
2.572767e+00,6.729749e-01,3.363353e+00,5.597353e-01,2.008253e+00,3.234424e-01,5.028547e-01
3.983105e+00,1.318237e+00,6.058740e-01,7.835831e-01,0.000000e+00,2.367395e-01,4.654600e-01
3.058531e+00,9.893921e-01,1.410136e+00,4.615989e-02,1.775092e+00,1.552306e+00,6.842521e-01
3.591158e+00,2.413827e-01,2.267559e+00,9.386325e-01,1.718506e-01,1.746246e+00,4.375822e-01
3.123182e+00,6.865992e-01,2.243530e+00,0.000000e+00,2.170972e+00,1.264243e+00,4.372763e-01
3.339412e+00,4.922739e-01,2.980846e+00,6.933086e-01,0.000000e+00,1.427599e+00,4.013123e-01
1.619203e+00,0.000000e+00,3.504885e+00,0.000000e+00,6.630919e+00,1.747455e+00,0.000000e+00
1.977350e+00,6.912599e-01,4.794410e+00,7.572083e-02,2.360358e+00,6.802325e-01,3.921974e-01
2.963934e+00,8.551026e-01,2.046147e+00,1.907999e-01,1.969475e+00,1.126550e+00,5.442061e-01
2.222857e+00,6.529831e-01,3.791915e+00,4.536121e-01,1.636268e+00,1.599050e+00,4.822318e-01
2.186300e+00,0.000000e+00,4.887951e+00,1.880083e+00,1.867195e+00,3.709120e-01,0.000000e+00
3.334510e+00,5.660733e-01,2.899141e+00,1.708079e+00,0.000000e+00,4.296240e-01,1.885778e-01
2.748168e+00,4.396311e-01,3.219768e+00,1.345337e+00,1.378456e+00,5.264854e-01,4.912513e-01
1.960513e+00,4.872934e-01,4.032721e+00,0.000000e+00,3.962826e+00,1.330728e+00,1.680240e-01
2.718563e+00,8.403945e-01,1.478740e+00,5.484428e-02,1.900342e+00,2.580371e+00,7.753505e-01
1.752657e+00,4.293085e-01,3.902363e+00,1.912736e+00,2.589582e+00,8.589557e-01,2.769452e-01
2.805714e+00,7.998412e-01,3.598770e+00,1.027450e-01,1.098467e+00,7.767550e-01,4.514250e-01
3.620432e+00,1.587970e-01,2.106817e+00,0.000000e+00,2.006387e+00,2.374908e+00,0.000000e+00
3.233468e+00,5.678846e-01,2.819316e+00,0.000000e+00,7.543327e-01,1.886073e+00,4.530932e-01
3.549402e+00,4.816073e-01,1.112396e+00,5.437579e-01,6.032034e-01,2.863854e+00,5.664053e-01
1.557205e+00,4.636784e-01,5.118918e+00,1.922313e-01,2.835768e+00,1.311261e+00,2.610219e-01
2.577878e+00,9.858934e-01,2.754572e+00,0.000000e+00,2.291130e+00,1.136480e+00,4.799493e-01
2.644900e+00,0.000000e+00,3.512453e+00,2.098450e+00,1.293368e+00,8.379583e-01,3.147421e-01
2.833690e+00,4.969038e-01,3.211313e+00,1.869688e-01,2.440682e+00,1.153718e+00,1.514786e-01
2.973893e+00,1.060563e+00,2.926359e+00,0.000000e+00,9.844909e-01,6.482273e-01,4.422244e-01
2.566608e+00,9.279707e-02,4.091005e+00,2.335206e+00,1.125511e+00,3.376441e-01,1.099071e-01
2.796230e+00,8.751744e-01,3.312102e+00,3.885663e-01,6.013979e-01,4.999744e-01,7.605478e-01
2.890346e+00,2.118186e-01,4.323428e+00,1.599219e+00,2.185257e-01,4.287605e-02,3.804542e-01
2.003978e+00,2.149220e-01,4.151215e-01,4.814747e-01,5.181915e+00,1.162828e+00,1.983790e+00
4.355546e+00,8.427772e-02,3.610457e-01,9.969068e-01,0.000000e+00,6.192456e-01,1.412796e+00
3.387992e+00,5.405028e-01,8.687240e-01,1.554134e-01,2.563787e+00,3.043503e-01,1.262000e+00
3.428259e+00,8.434526e-02,9.746140e-01,7.909148e-01,2.751599e+00,7.512255e-01,1.025936e+00
3.790624e+00,0.000000e+00,1.949714e+00,2.492366e-01,3.861441e-01,1.924819e+00,1.083082e+00
3.448844e+00,3.270453e-02,2.290876e+00,1.168150e+00,6.519245e-01,7.411771e-01,9.455851e-01
3.654403e+00,6.651347e-01,3.382657e-01,3.198293e-01,1.748584e+00,2.015202e-01,1.432684e+00
4.327300e+00,0.000000e+00,4.267807e-01,8.509043e-01,0.000000e+00,2.188252e-01,1.794171e+00
3.891893e+00,6.483660e-01,1.533505e-01,6.624347e-02,2.163832e+00,2.065857e-01,1.284918e+00
3.956672e+00,4.715963e-01,1.163417e-01,9.513164e-01,6.169786e-01,4.124157e-01,1.433368e+00
3.452719e+00,0.000000e+00,5.230487e-02,9.996680e-01,4.373965e+00,2.245652e-01,9.308944e-01
4.061457e+00,4.148306e-01,1.412696e-01,0.000000e+00,6.994616e-01,0.000000e+00,2.031990e+00
2.769184e+00,4.963059e-01,9.083742e-01,1.358522e+00,2.086949e+00,4.912391e-02,1.700562e+00
3.278566e+00,0.000000e+00,3.870120e-01,9.670779e-01,2.902335e+00,3.689108e-01,1.737286e+00
3.848370e+00,2.813970e-01,4.568138e-01,0.000000e+00,1.618977e+00,7.779160e-02,1.843622e+00
3.384908e+00,9.720812e-02,2.926088e-01,1.172563e+00,2.075380e+00,1.709364e+00,1.117260e+00
4.230078e+00,9.560989e-02,0.000000e+00,1.090269e+00,8.477007e-01,4.904598e-01,1.305834e+00
3.299892e+00,5.615173e-01,1.249179e+00,3.757352e-02,2.130169e+00,2.113771e-01,1.499304e+00
3.142421e+00,4.354445e-01,5.620208e-01,7.161451e-02,2.800192e+00,4.463808e-02,1.936899e+00
3.524639e+00,9.988197e-02,1.358866e+00,1.312028e+00,0.000000e+00,8.828249e-02,1.860933e+00
4.513497e+00,0.000000e+00,0.000000e+00,7.585877e-01,0.000000e+00,1.174225e-01,1.846045e+00
3.312370e+00,0.000000e+00,4.461426e-01,1.278940e+00,3.510228e+00,0.000000e+00,1.079661e+00
4.354296e+00,3.221420e-01,0.000000e+00,3.349306e-01,1.154864e+00,1.020626e-01,1.394883e+00
3.265307e+00,0.000000e+00,7.580654e-01,1.845733e+00,1.861947e+00,1.099425e+00,1.084810e+00
3.953169e+00,2.372195e-01,8.685898e-01,2.531162e-01,1.449196e+00,9.378255e-01,1.052222e+00
3.842133e+00,0.000000e+00,1.641421e+00,5.875827e-01,6.283709e-01,0.000000e+00,1.664515e+00
3.754424e+00,7.175814e-03,4.369919e-02,0.000000e+00,4.928995e+00,0.000000e+00,1.076279e+00
1.845837e+00,1.692001e-02,2.079481e+00,8.186703e-01,5.074124e+00,1.259426e+00,1.250904e+00
3.061453e+00,1.672315e-01,2.723627e-01,1.022938e+00,4.195874e+00,3.409039e-01,1.115727e+00
3.905079e+00,3.296293e-01,5.634288e-01,0.000000e+00,1.455639e+00,2.156102e-01,1.790288e+00
3.986511e+00,5.178580e-02,3.905006e-01,1.348767e+00,6.683945e-01,0.000000e+00,1.629354e+00
3.738621e+00,5.059117e-01,4.736627e-01,1.623901e-01,1.655672e+00,1.224696e-02,1.722274e+00
3.793279e+00,1.009202e-01,1.300267e+00,1.545135e+00,1.445705e-01,6.024709e-01,1.048554e+00
4.239665e+00,4.586197e-02,4.114893e-01,9.236786e-01,0.000000e+00,8.911549e-02,1.797719e+00
3.758202e+00,6.945296e-02,1.004564e+00,1.144633e+00,4.332866e-01,1.964807e-01,1.598357e+00
3.233183e+00,7.314217e-01,0.000000e+00,0.000000e+00,2.435163e+00,0.000000e+00,2.107832e+00
4.840740e+00,0.000000e+00,3.780520e-01,3.492916e-01,0.000000e+00,0.000000e+00,1.268096e+00
3.960740e+00,2.506696e-01,2.099422e-02,1.202829e+00,5.617574e-02,1.188592e-01,2.001915e+00
3.566105e+00,4.432289e-01,0.000000e+00,1.660571e+00,1.613403e+00,1.513345e-01,1.278483e+00
3.521070e+00,4.931800e-01,2.763726e-01,1.931358e-01,2.679961e+00,9.129006e-01,1.126769e+00
4.031992e+00,0.000000e+00,9.123196e-01,1.428078e+00,7.341460e-01,1.692991e-02,1.131891e+00
3.214991e+00,6.881487e-01,2.452689e-01,4.805144e-01,2.033320e+00,5.284006e-01,1.739060e+00
4.165195e+00,0.000000e+00,5.196459e-01,0.000000e+00,1.258491e+00,2.088851e-01,1.752218e+00
4.180586e+00,2.692291e-02,2.389057e-01,1.142812e+00,1.301789e-01,0.000000e+00,1.840867e+00
3.094240e+00,0.000000e+00,9.428850e-01,1.160633e+00,3.110178e+00,0.000000e+00,1.458909e+00
3.769227e+00,1.788203e-01,8.437214e-01,0.000000e+00,1.834632e+00,0.000000e+00,1.820042e+00
3.592831e+00,1.892410e-01,3.970105e-01,7.853781e-03,2.668985e+00,6.503212e-01,1.669925e+00
3.724205e+00,2.689441e-01,0.000000e+00,4.224714e-01,2.027206e+00,1.451092e-01,1.718281e+00
3.995668e+00,1.893049e-01,0.000000e+00,0.000000e+00,2.738312e+00,0.000000e+00,1.579200e+00
3.124476e+00,2.766668e-01,1.890884e-01,0.000000e+00,2.901133e+00,4.612957e-01,2.316656e+00
4.155271e+00,7.310671e-02,7.845817e-01,7.487663e-01,0.000000e+00,1.250168e-01,1.765901e+00
3.601786e+00,0.000000e+00,9.692603e-01,1.108470e+00,1.142051e+00,5.543172e-01,1.511100e+00
4.277080e+00,1.507175e-01,4.523330e-01,0.000000e+00,0.000000e+00,6.379465e-01,1.927812e+00
3.554360e+00,4.686950e-01,5.228747e-01,2.114235e-01,1.154009e+00,2.403491e-01,2.056063e+00
4.167613e+00,0.000000e+00,5.050027e-01,5.710436e-01,4.894014e-01,0.000000e+00,1.972464e+00
3.786874e+00,0.000000e+00,2.576122e-01,9.135863e-01,1.972702e+00,8.379565e-01,1.431906e+00
3.618442e+00,1.153032e-01,4.039693e-01,9.149260e-02,1.695874e+00,1.213353e+00,1.886881e+00
3.048749e+00,3.240587e-01,1.894032e+00,0.000000e+00,3.131740e+00,6.325476e-01,1.138103e+00
4.864983e+00,0.000000e+00,0.000000e+00,2.933571e-01,4.931018e-02,2.312966e-01,1.446082e+00
3.526199e+00,0.000000e+00,9.154511e-01,8.222621e-01,1.238513e+00,1.266653e+00,1.511646e+00
3.638228e+00,1.055585e-01,1.047133e+00,1.240386e+00,0.000000e+00,7.490541e-01,1.693236e+00
3.175501e+00,7.684617e-02,1.009072e+00,9.509974e-02,4.695680e+00,2.339788e-01,1.172547e+00
4.021225e+00,0.000000e+00,2.902970e-01,8.906051e-01,1.370220e+00,1.329833e-01,1.584857e+00
2.208001e+00,9.642830e-02,1.648895e-01,1.036171e+00,5.697816e+00,1.951259e-01,1.791522e+00
3.695582e+00,7.016007e-03,2.727059e-01,0.000000e+00,4.474741e+00,3.892059e-01,1.144067e+00
4.061669e+00,2.235537e-01,4.331708e-01,0.000000e+00,1.035184e+00,3.464696e-01,1.785001e+00
4.599652e+00,0.000000e+00,1.086374e+00,5.226712e-01,0.000000e+00,5.010978e-01,9.835105e-01
3.672117e+00,3.395150e-01,5.831860e-01,0.000000e+00,3.214209e+00,2.185317e-01,1.148676e+00
3.897928e+00,1.374078e-01,7.723231e-01,1.340793e+00,7.846930e-02,5.261064e-01,1.467141e+00
3.390646e+00,5.091279e-01,8.217965e-01,0.000000e+00,2.661497e+00,3.034060e-01,1.508377e+00
3.778900e+00,0.000000e+00,3.945919e-01,8.265160e-01,1.742424e+00,0.000000e+00,1.829925e+00
4.285814e+00,0.000000e+00,4.225727e-01,5.925103e-01,6.586554e-02,2.397431e-01,1.951452e+00
2.739135e+00,0.000000e+00,1.754859e+00,9.574525e-01,2.470862e+00,2.821725e-01,1.694123e+00
3.962621e+00,1.061957e-02,3.508925e-01,9.476868e-01,1.941731e+00,3.486323e-01,1.287870e+00
2.872624e+00,2.371277e-01,1.210249e+00,8.989963e-02,4.785293e+00,1.576349e-01,1.268926e+00
3.495778e+00,4.558616e-01,1.782726e+00,2.781585e-01,1.274632e+00,5.697598e-01,1.119075e+00
2.755237e+00,3.335810e-01,5.520406e-01,3.964458e-01,4.239952e+00,1.391857e+00,1.200466e+00
3.835983e+00,0.000000e+00,2.901097e-01,1.203782e+00,1.367650e+00,4.663658e-01,1.499570e+00
3.538664e+00,3.568853e-01,1.232396e-01,5.236367e-01,2.897191e+00,3.000526e-01,1.395445e+00
3.957210e+00,1.341978e-01,0.000000e+00,3.228795e-01,1.394279e+00,0.000000e+00,2.152352e+00
4.402090e+00,4.733264e-02,7.237034e-01,1.235379e+00,0.000000e+00,0.000000e+00,1.197349e+00
3.199919e+00,0.000000e+00,3.009154e+00,1.158516e+00,3.686344e-01,3.250590e-01,1.185757e+00
3.550317e+00,3.765253e-02,9.686810e-01,1.043773e+00,1.447889e+00,3.517848e-01,1.632953e+00
3.188259e+00,0.000000e+00,1.843039e+00,1.057733e+00,2.391615e+00,6.541681e-01,9.010800e-01
3.008925e+00,3.511605e-01,1.755878e+00,4.633997e-01,1.334352e+00,3.928133e-01,1.898208e+00
3.082458e+00,1.029897e-01,5.004001e-01,9.416349e-01,1.917475e+00,4.705113e-01,2.156536e+00
4.320384e+00,0.000000e+00,2.434920e-02,1.134529e+00,5.491199e-01,3.269245e-01,1.413277e+00
2.962807e+00,0.000000e+00,0.000000e+00,1.134005e+00,4.609097e+00,0.000000e+00,1.530295e+00
3.258749e+00,2.643434e-01,6.712763e-01,1.034889e+00,2.807051e+00,4.620410e-02,1.391348e+00
3.060255e+00,6.809537e-02,1.092439e+00,1.548903e+00,2.480854e+00,1.236514e-01,1.429913e+00
2.960874e+00,0.000000e+00,2.894401e+00,1.075154e+00,1.582668e+00,4.465022e-01,1.172028e+00
4.244802e+00,1.055282e-01,1.872230e-01,6.226116e-01,2.297199e-01,0.000000e+00,2.014824e+00
3.722059e+00,2.700389e-02,9.529227e-01,2.034952e-01,1.285092e+00,4.594251e-01,1.984907e+00
3.078987e+00,3.881989e-01,7.642761e-01,3.909327e-01,1.722834e+00,2.632259e-01,2.221310e+00
3.271681e+00,0.000000e+00,1.488787e-01,4.883161e-01,4.403149e+00,1.396723e-02,1.567446e+00
4.102450e+00,0.000000e+00,4.955637e-01,9.772685e-01,1.379734e-01,7.299286e-02,1.905305e+00
3.266500e+00,4.071794e-01,4.303616e-01,7.783903e-01,1.980493e+00,4.168373e-01,1.796826e+00
2.695255e+00,1.068635e-01,2.001025e+00,2.200558e-01,3.048742e+00,7.353874e-01,1.553480e+00
3.092734e+00,0.000000e+00,5.000921e-01,1.497364e-01,3.528527e+00,9.459269e-01,1.874069e+00
4.127609e+00,2.193885e-02,2.642957e-01,1.069132e+00,5.600798e-01,1.183538e-01,1.817909e+00
4.010342e+00,5.480401e-03,7.254397e-01,9.788610e-01,0.000000e+00,3.064047e-01,1.908607e+00
3.348834e+00,6.528601e-02,2.432890e+00,9.562904e-01,5.819020e-01,2.968801e-01,1.315470e+00
3.759121e+00,1.979184e-01,5.570405e-01,1.034662e+00,7.128682e-02,1.566680e-01,2.053127e+00
3.374866e+00,2.878819e-01,1.365285e+00,8.379888e-01,1.210957e+00,7.547803e-01,1.244305e+00
3.303747e+00,3.369507e-01,5.683970e-01,1.419070e+00,2.246768e+00,7.357255e-01,1.089842e+00
2.912876e+00,5.332899e-01,2.380904e+00,2.179467e-01,1.405603e+00,1.770431e-01,1.525898e+00
4.258006e+00,0.000000e+00,1.919744e-01,7.776534e-01,0.000000e+00,0.000000e+00,2.114063e+00
3.153858e+00,2.607466e-01,8.629168e-03,6.369777e-01,3.071008e+00,1.144742e+00,1.598134e+00
3.194610e+00,6.793460e-01,5.419352e-01,2.341663e-01,2.174842e+00,4.779458e-01,1.663986e+00
3.370866e+00,4.765115e-01,3.213019e-01,6.315655e-02,2.597706e+00,0.000000e+00,1.876178e+00
3.714846e+00,0.000000e+00,1.431074e+00,9.512322e-01,1.349511e+00,1.219326e+00,8.416301e-01
3.813811e+00,2.461958e-01,4.373780e-01,8.462811e-01,2.430141e-01,1.200026e-01,2.118158e+00
3.000465e+00,4.286214e-01,7.379445e-01,5.164941e-01,2.111124e+00,1.965413e-01,2.138769e+00
3.061524e+00,2.181047e-01,1.078206e+00,3.893283e-01,3.239037e+00,7.471646e-01,1.379786e+00
3.936460e+00,3.563817e-01,0.000000e+00,0.000000e+00,1.172957e+00,0.000000e+00,2.184878e+00
2.399981e+00,0.000000e+00,2.439741e+00,1.107629e+00,3.695698e+00,3.616225e-01,1.121372e+00
3.897162e+00,0.000000e+00,1.227634e-01,4.259007e-01,2.783297e+00,1.395386e-01,1.616099e+00
3.833118e+00,5.963457e-02,4.567236e-01,6.074415e-01,1.557956e+00,1.006132e+00,1.346160e+00
3.296246e+00,2.309438e-01,2.171108e+00,1.521455e-01,1.298766e+00,2.186397e-02,1.638298e+00
4.236923e+00,0.000000e+00,1.141656e+00,1.171504e+00,6.079099e-01,4.056315e-01,7.621025e-01
3.177181e+00,2.719237e-01,1.920680e+00,3.131781e-01,2.129198e+00,4.995532e-01,1.322005e+00
3.414409e+00,2.041864e-01,1.146262e-01,1.123213e+00,1.432236e+00,0.000000e+00,2.230661e+00
4.539057e+00,0.000000e+00,7.311833e-04,0.000000e+00,1.367358e+00,3.595182e-01,1.483678e+00
3.365890e+00,4.728053e-01,3.926738e-01,6.955444e-01,6.701958e-01,1.508774e-01,2.305218e+00
3.919007e+00,5.680210e-02,7.130525e-01,1.052585e+00,0.000000e+00,5.261718e-01,1.802976e+00
3.272653e+00,0.000000e+00,9.256126e-02,2.249077e-01,5.892912e+00,2.469974e-01,8.621969e-01
3.282190e+00,0.000000e+00,6.584670e-01,1.239751e+00,2.114679e+00,1.058729e-02,1.873287e+00
3.935710e+00,5.785261e-02,7.238911e-01,8.047754e-01,0.000000e+00,3.702689e-01,2.046483e+00
3.671356e+00,1.906651e-01,1.300040e+00,4.076158e-02,1.795208e+00,2.898407e-01,1.481188e+00
4.186100e+00,1.662729e-01,5.565420e-01,1.053285e+00,0.000000e+00,0.000000e+00,1.641780e+00
3.626309e+00,1.129479e-01,1.080483e+00,1.242992e+00,4.256456e-01,5.512288e-01,1.559055e+00
3.120101e+00,1.113396e-01,2.703303e+00,6.999624e-02,1.418890e+00,4.415150e-01,1.491798e+00
3.589523e+00,8.420727e-02,4.094252e-01,9.400240e-02,2.404494e+00,4.447268e-01,1.945550e+00
3.169707e+00,2.473883e-01,0.000000e+00,0.000000e+00,4.043287e+00,4.048875e-01,1.734973e+00
2.272975e+00,0.000000e+00,3.868277e+00,1.269462e+00,1.578232e+00,9.948486e-01,1.039431e+00
3.134597e+00,1.670393e-01,2.618993e+00,0.000000e+00,1.787926e+00,2.663108e-01,1.415253e+00
3.975762e+00,1.429579e-01,4.129639e-01,4.798365e-01,1.596403e+00,3.039518e-01,1.373692e+00
3.099307e+00,3.308975e-01,1.807644e+00,1.299167e-01,1.618159e+00,4.159738e-01,1.772379e+00
3.593557e+00,7.340025e-02,4.725425e-01,1.223620e+00,1.625753e+00,2.475515e-01,1.584985e+00
3.748171e+00,6.081738e-02,4.989526e-01,1.099816e+00,4.160729e-01,7.216296e-01,1.837265e+00
2.672684e+00,1.183731e-01,0.000000e+00,9.894393e-01,4.192252e+00,9.161475e-01,1.738694e+00
2.862681e+00,0.000000e+00,2.113468e-01,9.839559e-01,5.027858e+00,1.747527e+00,6.970746e-01
4.198029e+00,8.627056e-02,3.083956e-01,8.650649e-01,1.750598e+00,2.013919e-01,1.042124e+00
4.688664e+00,2.123307e-02,9.637094e-01,4.547424e-01,2.860318e-02,2.836583e-01,1.166300e+00
3.900071e+00,1.900351e-01,0.000000e+00,2.769702e-01,1.297587e+00,0.000000e+00,2.160093e+00
4.042783e+00,1.811236e-01,0.000000e+00,1.128439e+00,0.000000e+00,0.000000e+00,2.055319e+00
3.997615e+00,7.182330e-03,1.402643e+00,0.000000e+00,1.533617e+00,0.000000e+00,1.484888e+00
3.898733e+00,1.515565e-01,5.807269e-01,8.337711e-01,3.349606e-02,9.336657e-02,2.120322e+00
3.196139e+00,5.726535e-01,9.752138e-02,9.069762e-01,3.355730e+00,0.000000e+00,1.304258e+00
3.521232e+00,1.263255e-01,2.593175e-01,4.037802e-01,2.715067e+00,1.921127e-01,1.765072e+00
4.026315e+00,1.494903e-01,8.149558e-02,1.280571e+00,0.000000e+00,2.605805e-01,1.873614e+00
3.738619e+00,6.497317e-01,1.019099e-01,3.918907e-02,1.734824e+00,6.424364e-02,1.704935e+00
4.227827e+00,2.289132e-01,0.000000e+00,4.321971e-01,8.163344e-01,0.000000e+00,1.733156e+00
2.696746e+00,1.138138e-01,0.000000e+00,0.000000e+00,5.457624e+00,0.000000e+00,2.056266e+00
3.574849e+00,4.640711e-01,9.225278e-01,1.319021e-01,2.145127e+00,7.655734e-02,1.442822e+00
3.844558e+00,2.216721e-01,3.300259e-01,9.237735e-01,1.500629e-01,8.689104e-01,1.824623e+00
3.646265e+00,3.227510e-01,6.001567e-01,3.897210e-01,1.748215e+00,1.221500e-01,1.682483e+00
3.049679e+00,0.000000e+00,1.418766e+00,1.110363e+00,1.815805e+00,2.121822e+00,1.063060e+00
3.662742e+00,2.544457e-01,9.808292e-01,1.461567e+00,9.267355e-02,1.273278e-01,1.529193e+00
3.120446e+00,5.085899e-01,1.510255e+00,0.000000e+00,1.946565e+00,6.940397e-02,1.822193e+00
2.221985e+00,1.402224e-01,2.594391e+00,1.671145e-01,5.321508e+00,5.234720e-01,8.724752e-01
3.475940e+00,1.707178e-01,5.696066e-01,5.075627e-01,1.970195e+00,7.287051e-01,1.710305e+00
3.683419e+00,4.454411e-01,4.712436e-01,6.576245e-02,1.191695e+00,2.088677e-01,1.946432e+00
3.043420e+00,7.138264e-01,7.473971e-01,1.625958e-01,1.973754e+00,5.760617e-01,1.842728e+00
4.040518e+00,2.298278e-01,1.619707e-01,6.159276e-01,0.000000e+00,3.061319e-01,2.086061e+00
3.488314e+00,5.049983e-01,6.886617e-01,0.000000e+00,1.228860e+00,2.561277e-01,1.982714e+00
2.809141e+00,2.115168e-01,1.990391e+00,7.135517e-01,3.370760e+00,4.067857e-01,1.027095e+00
3.387895e+00,4.069275e-01,3.528446e-01,9.931493e-02,2.738704e+00,0.000000e+00,1.817448e+00
2.947064e+00,2.947543e-01,0.000000e+00,5.524927e-01,3.844288e+00,6.734424e-02,1.940555e+00
3.797043e+00,2.972215e-01,0.000000e+00,8.700399e-01,3.548567e-01,1.858060e-01,2.173866e+00
3.182275e+00,1.815121e-01,8.553413e-01,1.250158e+00,1.443606e+00,0.000000e+00,2.042252e+00
4.624573e+00,0.000000e+00,5.702870e-01,4.732084e-01,0.000000e+00,1.891767e-01,1.442812e+00
3.618776e+00,2.454839e-01,6.386108e-02,1.096059e+00,2.351551e+00,6.484474e-02,1.401607e+00
3.180151e+00,3.603144e-01,2.422885e+00,2.922927e-01,1.124629e+00,2.339985e-01,1.395024e+00
3.304575e+00,0.000000e+00,0.000000e+00,0.000000e+00,5.716372e+00,0.000000e+00,1.275900e+00
2.639015e+00,2.951150e-01,2.319374e+00,2.879060e-01,2.049332e+00,5.339766e-01,1.724346e+00
2.601708e+00,1.711238e-01,2.512602e+00,3.024369e-01,2.465715e+00,2.151203e-01,1.745098e+00
3.501742e+00,3.389503e-02,2.392110e-02,0.000000e+00,3.998011e+00,1.086138e+00,1.425098e+00
3.384232e+00,2.547734e-01,6.207645e-01,6.014883e-01,1.531453e+00,4.307871e-01,1.997773e+00
4.349298e+00,0.000000e+00,7.106205e-01,3.214707e-01,5.372174e-02,8.091799e-01,1.731927e+00
2.850082e+00,0.000000e+00,2.844445e+00,1.289108e+00,1.678387e+00,0.000000e+00,1.285087e+00
2.037390e+00,0.000000e+00,8.918715e-01,9.797126e-01,4.603126e+00,2.501906e+00,1.425427e+00
2.383114e+00,3.637093e-02,1.322764e+00,7.124214e-01,4.283766e+00,2.493775e-01,1.921008e+00
3.333889e+00,0.000000e+00,4.876680e-01,7.929907e-01,3.173359e+00,2.033850e-01,1.648066e+00
3.343537e+00,4.176964e-01,9.997322e-01,3.174216e-01,2.187637e+00,3.198335e-01,1.542304e+00
3.640705e+00,9.254595e-02,1.028439e+00,1.279350e+00,2.819074e-02,7.881114e-01,1.755873e+00
3.142283e+00,4.037862e-01,5.244494e-01,4.366090e-01,1.848861e+00,2.885811e-01,2.281195e+00
3.863128e+00,4.775847e-01,3.488824e-01,0.000000e+00,2.174451e+00,1.541957e-01,1.453422e+00
3.564230e+00,2.134306e-01,1.643555e-01,1.073158e+00,1.998886e+00,0.000000e+00,1.805178e+00
2.318578e+00,8.376119e-02,1.985673e+00,6.674312e-01,4.403997e+00,6.021798e-01,1.251814e+00
3.274568e+00,1.304901e-01,0.000000e+00,3.766158e-02,4.676151e+00,2.049183e-01,1.642824e+00
4.024446e+00,0.000000e+00,1.103011e+00,9.645145e-01,4.662347e-02,4.188043e-01,1.526082e+00
4.308364e+00,0.000000e+00,6.260365e-01,7.999285e-01,4.873017e-02,2.702908e-01,1.665063e+00
3.722263e+00,5.443270e-01,1.425111e-01,0.000000e+00,2.078382e+00,0.000000e+00,1.807497e+00
3.070902e+00,0.000000e+00,2.789887e-02,7.084065e-02,5.099063e+00,5.626127e-01,1.447110e+00
3.409668e+00,2.906561e-01,6.984030e-01,8.370401e-01,1.183106e+00,6.845333e-01,1.779058e+00
2.981769e+00,0.000000e+00,1.048176e+00,9.342195e-01,3.194417e+00,1.360550e+00,1.156772e+00
3.967166e+00,1.611235e-01,8.601660e-01,0.000000e+00,1.425206e+00,1.196907e-01,1.614118e+00
2.988934e+00,3.665738e-01,1.461973e+00,6.004475e-01,2.199879e+00,7.584770e-02,1.636399e+00
3.163210e+00,4.140578e-02,1.098323e+00,1.616269e+00,2.373198e+00,1.053915e+00,9.373908e-01
2.814512e+00,1.873522e-01,2.086888e+00,3.348531e-01,2.775110e+00,5.213954e-01,1.459231e+00
3.769535e+00,1.714514e-01,6.437095e-01,2.043005e-01,1.189280e+00,4.131367e-01,1.987718e+00
3.951899e+00,5.561527e-01,5.420186e-01,6.997744e-01,1.058480e-01,3.183398e-01,1.495425e+00
3.898853e+00,1.590228e-01,1.903825e-01,1.292972e+00,0.000000e+00,4.772209e-01,1.912949e+00
3.086307e+00,3.048239e-01,1.332180e-01,1.682352e-01,2.724550e+00,5.319863e-01,2.233016e+00
3.972806e+00,2.142829e-01,4.140842e-01,1.003846e+00,0.000000e+00,1.751191e-01,2.000267e+00
3.508102e+00,1.134695e-01,4.282459e-01,3.809776e-01,1.593234e+00,4.937735e-01,2.138071e+00
3.140888e+00,0.000000e+00,2.321361e+00,4.998420e-01,1.768986e+00,3.990178e-01,1.442028e+00
3.321956e+00,1.988069e-01,2.523520e+00,1.819494e-01,1.094462e+00,4.529500e-01,1.323444e+00
4.561787e+00,0.000000e+00,7.139102e-01,4.018691e-01,0.000000e+00,4.837449e-01,1.406891e+00
4.244849e+00,0.000000e+00,7.003185e-01,3.899465e-01,4.763990e-01,2.707185e-01,1.774904e+00
3.450275e+00,2.264377e-01,3.248623e-01,5.424922e-01,2.195400e+00,2.102785e+00,1.172982e+00
4.389783e+00,0.000000e+00,5.052825e-01,6.556278e-01,0.000000e+00,5.794739e-01,1.512376e+00
4.118969e+00,0.000000e+00,8.512248e-01,9.554741e-01,0.000000e+00,1.701700e-01,1.678326e+00
3.427798e+00,0.000000e+00,6.581304e-01,7.741752e-01,2.173865e+00,1.823577e+00,1.089737e+00
3.693484e+00,0.000000e+00,1.507329e+00,0.000000e+00,2.190445e+00,1.502931e-01,1.443782e+00
4.175409e+00,0.000000e+00,3.261285e-01,0.000000e+00,2.739013e+00,1.322337e-01,1.204665e+00
2.906676e+00,1.394248e-01,2.794222e+00,0.000000e+00,2.389824e+00,6.390935e-01,1.191844e+00
3.915330e+00,5.224734e-01,1.555814e-01,2.968191e-01,1.759087e+00,3.774766e-01,1.318705e+00
3.116890e+00,1.360652e-01,2.835877e-01,4.823210e-01,3.248148e+00,4.249372e-02,2.061819e+00
4.449671e+00,0.000000e+00,0.000000e+00,0.000000e+00,1.062419e+00,0.000000e+00,1.875175e+00
2.829588e+00,1.747674e-01,5.457629e-01,6.330067e-01,4.517413e+00,3.543828e-01,1.494290e+00
2.451608e+00,1.203965e-02,3.974960e-01,8.364903e-01,4.616672e+00,2.251211e+00,1.304577e+00
4.056392e+00,4.186840e-01,0.000000e+00,1.008685e+00,0.000000e+00,9.373534e-01,1.420580e+00
2.481528e+00,0.000000e+00,1.140097e+00,1.465672e+00,3.529165e+00,2.465738e+00,7.361847e-01
3.358028e+00,6.452575e-01,0.000000e+00,1.136950e-01,3.478351e+00,4.965912e-01,1.229834e+00
3.431271e+00,2.792135e-01,6.948137e-01,3.960658e-01,2.142778e+00,6.046547e-01,1.617119e+00
2.649095e+00,2.160362e-01,2.832293e+00,3.927492e-01,2.201082e+00,7.255890e-02,1.542442e+00
3.997925e+00,1.451741e-01,2.689451e-01,6.170850e-01,8.626064e-01,4.478785e-01,1.762559e+00
2.201020e+00,4.934444e-01,1.287819e+00,2.051891e-01,3.994329e+00,1.464932e+00,1.568442e+00
3.605072e+00,1.180539e-01,1.886619e-01,9.758527e-01,1.217676e+00,4.949243e-01,1.993793e+00
4.062167e+00,0.000000e+00,1.620780e+00,6.439337e-01,0.000000e+00,4.064337e-01,1.441178e+00
3.991334e+00,1.141772e-01,2.491839e-01,1.022329e+00,0.000000e+00,3.681410e-01,1.943592e+00
3.255648e+00,3.153611e-01,0.000000e+00,3.188231e-01,2.861955e+00,2.037430e-01,2.047273e+00
3.783140e+00,3.924614e-02,1.822412e+00,9.634022e-01,2.253864e-01,4.604770e-01,1.356531e+00
3.866125e+00,4.134101e-01,4.229527e-01,2.699422e-01,1.379303e+00,1.965196e-01,1.667689e+00
2.939792e+00,5.239907e-01,2.006977e-01,2.335200e-01,2.870558e+00,4.148884e-01,2.068308e+00
3.271965e+00,0.000000e+00,1.674836e+00,1.663455e+00,9.637546e-01,3.004963e-01,1.378288e+00
3.477274e+00,8.546796e-01,0.000000e+00,2.941822e-01,1.828484e+00,2.306138e-01,1.568146e+00
4.368364e+00,3.479896e-02,4.905373e-01,4.515361e-01,2.342544e-01,3.736676e-01,1.807064e+00
4.451870e+00,3.284868e-02,3.356751e-02,1.234501e-01,7.301949e-01,1.934905e-01,1.901323e+00
3.193744e+00,5.047889e-02,6.683442e-01,5.308335e-01,2.940862e+00,4.345140e-02,1.947368e+00
3.743421e+00,0.000000e+00,5.676242e-01,1.497222e+00,3.549397e-01,0.000000e+00,1.894637e+00
3.633825e+00,0.000000e+00,5.764580e-01,8.272931e-01,1.675177e+00,9.717219e-01,1.513322e+00
4.288837e+00,2.579668e-01,4.732600e-01,8.572571e-01,0.000000e+00,1.612038e-01,1.549836e+00
3.163206e+00,2.047163e-01,9.435594e-01,1.429464e+00,1.237815e+00,4.815686e-01,1.678350e+00
3.378956e+00,3.997156e-01,1.173727e+00,1.798768e-01,1.467270e+00,4.503992e-01,1.652972e+00
3.008408e+00,0.000000e+00,1.122049e+00,5.018278e-01,5.162040e+00,0.000000e+00,1.026461e+00
2.826212e+00,4.884470e-01,1.270344e+00,9.143902e-02,4.026988e+00,2.745173e-01,1.234931e+00
3.000421e+00,3.426575e-01,1.473675e+00,2.738583e-01,2.543348e+00,7.821333e-01,1.405477e+00
2.678106e+00,1.902616e-01,2.339452e+00,2.382308e-01,2.577687e+00,2.777310e-01,1.604328e+00
3.408956e+00,5.982474e-01,4.413643e-01,3.802787e-02,1.854891e+00,5.155335e-01,1.737141e+00
1.805571e+00,1.453956e-01,3.920263e+00,3.041420e-01,4.518556e+00,6.662928e-01,7.933082e-01
2.877251e+00,2.792767e-01,2.315097e+00,2.770053e-01,2.057220e+00,1.993508e-01,1.508557e+00
2.776101e+00,6.484057e-03,2.330839e+00,1.032686e+00,2.480260e+00,1.093219e+00,9.980867e-01
3.500845e+00,5.599731e-01,0.000000e+00,2.638598e-01,3.193429e+00,2.980015e-01,1.219223e+00
2.950780e+00,4.460531e-01,6.340084e-01,0.000000e+00,2.218623e+00,3.003600e-01,2.424630e+00
3.799182e+00,6.430902e-01,3.674657e-01,8.016845e-01,5.272033e-01,3.110455e-01,1.499386e+00
3.711228e+00,1.877552e-01,5.188822e-01,5.186471e-01,1.544752e+00,0.000000e+00,1.840020e+00
3.446199e+00,6.928982e-01,2.158088e-01,3.966895e-01,1.847276e+00,0.000000e+00,1.621319e+00
1.988375e+00,0.000000e+00,1.203767e+00,1.182653e+00,4.769840e+00,2.448683e+00,1.036351e+00
2.433712e+00,0.000000e+00,9.867271e-02,8.694532e-01,5.906766e+00,1.866308e-01,1.659900e+00
2.429506e+00,0.000000e+00,1.571845e+00,1.008659e+00,3.898532e+00,2.253865e-01,1.589842e+00
2.793235e+00,0.000000e+00,1.674583e+00,1.648822e-01,2.915555e+00,2.812626e-01,2.064363e+00
2.793000e+00,1.192608e-01,2.360562e+00,0.000000e+00,2.524579e+00,0.000000e+00,1.884213e+00
2.644668e+00,1.796617e-01,2.259464e+00,2.430376e-01,3.014006e+00,1.067947e-01,1.638654e+00
2.615085e+00,1.604390e-01,2.234844e+00,0.000000e+00,2.852805e+00,3.640657e-01,1.862049e+00
3.510300e+00,3.023346e-01,5.797863e-01,6.263590e-01,1.085008e+00,0.000000e+00,2.140340e+00
2.875634e+00,1.120598e-01,1.525103e+00,6.958258e-01,2.582826e+00,2.876742e-01,1.771206e+00
2.994002e+00,5.030647e-01,5.637695e-01,3.157967e-01,2.468208e+00,0.000000e+00,2.141681e+00
4.257614e+00,8.738711e-02,2.482591e-01,3.530034e-01,6.617597e-01,0.000000e+00,1.989482e+00
3.398464e+00,5.087332e-01,0.000000e+00,3.423684e-01,2.269439e+00,1.406316e-01,1.970215e+00
3.924893e+00,0.000000e+00,2.627732e-01,1.011586e+00,2.976405e-01,0.000000e+00,2.176322e+00
4.186295e+00,1.006720e-01,0.000000e+00,6.699109e-01,2.652075e-01,0.000000e+00,2.157134e+00
3.359518e+00,3.247120e-01,1.036763e-01,0.000000e+00,3.165353e+00,0.000000e+00,1.899329e+00
2.740936e+00,2.080926e-01,1.903662e+00,0.000000e+00,3.154395e+00,3.234508e-01,1.657485e+00
2.710099e+00,0.000000e+00,3.523026e+00,6.132071e-01,1.755522e+00,2.304622e-01,1.103175e+00
3.454072e+00,0.000000e+00,1.537630e-01,6.362384e-01,4.512206e+00,1.024550e-01,1.147612e+00
3.086493e+00,5.092679e-02,5.756562e-01,6.858501e-02,4.987212e+00,5.153120e-01,1.266657e+00
2.895438e+00,0.000000e+00,2.747145e+00,0.000000e+00,3.143431e+00,1.853719e-01,1.307320e+00
2.769030e+00,9.540290e-02,2.358743e+00,6.783324e-01,2.686274e+00,1.281404e+00,9.801543e-01
2.992224e+00,4.365655e-01,1.377208e+00,3.190234e-01,2.327464e+00,2.919958e-01,1.660026e+00
3.356112e+00,1.707969e-02,1.513613e+00,3.270724e-01,1.274866e+00,4.755757e-01,2.008939e+00
2.992415e+00,1.710713e-01,9.244851e-01,1.217808e-01,4.342453e+00,6.483587e-01,1.297793e+00
2.712234e+00,4.360861e-01,9.621209e-02,8.175691e-01,5.361958e+00,2.754195e-01,1.093041e+00
4.230350e+00,1.232808e-01,3.799919e-01,5.907217e-01,0.000000e+00,6.379057e-02,1.974572e+00
2.157715e+00,0.000000e+00,1.585973e+00,0.000000e+00,7.053101e+00,3.628780e-01,1.053913e+00
2.959772e+00,3.710931e-01,3.518849e-01,1.871490e-01,3.327540e+00,1.499133e-01,2.173276e+00
2.594122e+00,4.302076e-03,2.640428e+00,2.556039e-01,2.982762e+00,4.240030e-01,1.620287e+00
2.918978e+00,0.000000e+00,2.861982e+00,2.030292e-01,2.332248e+00,2.487063e-01,1.446697e+00
3.058274e+00,4.816070e-02,1.029451e+00,2.355203e-01,3.909354e+00,1.656117e-01,1.580612e+00
3.879317e+00,4.022193e-01,5.233843e-01,1.167508e+00,2.571477e-01,0.000000e+00,1.578940e+00
3.866532e+00,9.513283e-02,1.259168e+00,6.735010e-01,2.161101e-01,6.091553e-01,1.584693e+00
4.186923e+00,3.614152e-01,8.429942e-01,8.140821e-01,0.000000e+00,1.338677e-01,1.368373e+00
3.425345e+00,5.462009e-01,1.752751e-01,1.171373e-01,1.852599e+00,3.994970e-01,2.038059e+00
2.788030e+00,3.828624e-02,4.028840e+00,9.210654e-01,9.520318e-01,1.482017e-01,1.043483e+00
3.204274e+00,5.387208e-01,0.000000e+00,1.311406e-02,2.121779e+00,0.000000e+00,2.460667e+00
3.508701e+00,0.000000e+00,1.426572e+00,1.087604e+00,0.000000e+00,4.910236e-01,1.972602e+00
3.386920e+00,1.466554e-01,1.885012e+00,9.130173e-01,1.021876e-01,2.576571e-01,1.866233e+00
3.338528e+00,3.288798e-01,5.146554e-01,6.170373e-01,1.281294e+00,4.434893e-02,2.218757e+00
2.578748e+00,9.546261e-02,2.799402e+00,4.688689e-01,3.015694e+00,1.703230e-01,1.356504e+00
3.314704e+00,4.512128e-02,4.017475e-01,1.064030e+00,1.597995e+00,7.511142e-02,2.279243e+00
2.922394e+00,0.000000e+00,0.000000e+00,4.738937e-01,5.816038e+00,0.000000e+00,1.456583e+00
3.710143e+00,2.549818e-02,1.212799e+00,9.287556e-01,2.215861e-01,2.845001e-01,1.811652e+00
3.084923e+00,6.245288e-01,0.000000e+00,9.284943e-02,2.360027e+00,1.023678e-01,2.285387e+00
3.959457e+00,1.508587e-01,5.526317e-01,5.469388e-01,5.832537e-01,6.791833e-02,1.982428e+00
3.018540e+00,2.967707e-01,1.009824e+00,2.628119e-01,2.562862e+00,0.000000e+00,2.136757e+00
3.815062e+00,0.000000e+00,9.621274e-01,1.155296e+00,4.657878e-02,3.099720e-01,1.977772e+00
2.933695e+00,2.798889e-02,2.244751e+00,0.000000e+00,2.974096e+00,7.901394e-01,1.410687e+00
2.841382e+00,5.834277e-01,1.056328e+00,5.260789e-01,3.794168e+00,4.053861e-01,1.048202e+00
3.087476e+00,3.127853e-01,1.022455e+00,5.449768e-01,1.902611e+00,9.585306e-01,1.686058e+00
3.865340e+00,0.000000e+00,8.444217e-01,1.014381e+00,3.160265e-01,4.562311e-01,1.806482e+00
2.852313e+00,1.018601e-01,2.018887e+00,3.881849e-01,2.315258e+00,3.657007e-01,1.717436e+00
3.361461e+00,1.529979e-01,1.335799e+00,1.455929e+00,2.183068e-01,6.031101e-01,1.676380e+00
3.390457e+00,1.032918e-01,3.577790e-01,1.049793e+00,9.698601e-01,4.664347e-01,2.207976e+00
2.898519e+00,3.671648e-01,3.800506e-01,7.969440e-01,2.055136e+00,6.503467e-03,2.478978e+00
3.577844e+00,1.650670e-01,4.319755e-01,3.861954e-01,1.463633e+00,0.000000e+00,2.306810e+00
3.026505e+00,3.002046e-01,7.357128e-01,2.246035e-01,3.391415e+00,1.440290e-01,1.845938e+00
3.619349e+00,3.668522e-01,1.109203e+00,1.022788e+00,0.000000e+00,1.146246e+00,1.445924e+00
3.887599e+00,0.000000e+00,1.296733e+00,6.395816e-01,4.968745e-01,7.411696e-02,1.737263e+00
4.055921e+00,1.185213e-01,0.000000e+00,5.684996e-01,7.699141e-01,0.000000e+00,2.029622e+00
3.690440e+00,1.731020e-01,8.855608e-01,8.132536e-01,1.026689e-02,5.083440e-01,1.996283e+00
3.266544e+00,7.747730e-01,0.000000e+00,3.069358e-01,2.238941e+00,0.000000e+00,1.885225e+00
2.975434e+00,3.852432e-01,2.121305e-01,3.072557e-01,2.773748e+00,1.624463e-02,2.348367e+00
2.866580e+00,5.775039e-01,1.187921e+00,1.584760e-01,3.976748e+00,3.339725e-01,1.133040e+00
3.998726e+00,0.000000e+00,5.275786e-01,8.137845e-01,9.745129e-02,4.821251e-01,2.032568e+00
2.624373e+00,2.688733e-01,2.436525e+00,3.418519e-01,2.353072e+00,0.000000e+00,1.729281e+00
1.869601e+00,1.510422e-01,1.675383e+00,4.751959e-01,4.598864e+00,2.200784e-01,2.141778e+00
2.886963e+00,1.494278e-02,2.106779e+00,6.237172e-01,1.732719e+00,6.253972e-02,1.996473e+00
2.730517e+00,0.000000e+00,3.337120e+00,6.286549e-01,1.398017e+00,5.791370e-01,1.443377e+00
3.528322e+00,0.000000e+00,3.942682e-01,7.599452e-01,2.155292e+00,1.227181e+00,1.480165e+00
3.272144e+00,7.972934e-01,0.000000e+00,3.382310e-01,3.003041e+00,2.705265e-01,1.316678e+00
2.398425e+00,3.572312e-01,5.872731e-01,4.541709e-01,4.506057e+00,2.236733e-01,1.987903e+00
2.716225e+00,0.000000e+00,0.000000e+00,6.326186e-01,6.580040e+00,0.000000e+00,1.124091e+00
3.346649e+00,3.617811e-01,3.543203e-01,3.006659e-01,1.842650e+00,2.836872e-01,2.157888e+00
2.773533e+00,4.225922e-01,5.006591e-01,3.446639e-01,3.102905e+00,2.083493e+00,1.441284e+00
2.971636e+00,3.725662e-01,9.682980e-01,5.282250e-01,1.339762e+00,8.272171e-01,2.142655e+00
3.757099e+00,2.145406e-01,2.822926e-01,9.133433e-01,1.262989e+00,1.156276e-01,1.823925e+00
3.531491e+00,6.769554e-01,0.000000e+00,7.274429e-01,1.499831e+00,0.000000e+00,1.777703e+00
2.833597e+00,7.516090e-02,1.542013e+00,4.533557e-01,2.509657e+00,1.679930e+00,1.521241e+00
3.087090e+00,0.000000e+00,1.967422e+00,5.390742e-01,2.357470e+00,1.987362e+00,8.237626e-01
3.409890e+00,2.225089e-01,9.767324e-01,9.882080e-01,1.856787e+00,6.765780e-01,1.214009e+00
3.747988e+00,5.744712e-01,0.000000e+00,1.359038e-01,9.228066e-01,0.000000e+00,2.132389e+00
3.177816e+00,1.475828e-01,1.221169e+00,4.712934e-01,2.892120e+00,1.311822e+00,1.085306e+00
3.664506e+00,4.063593e-01,0.000000e+00,0.000000e+00,1.573906e+00,0.000000e+00,2.243447e+00
3.423333e+00,5.619279e-01,5.588842e-01,0.000000e+00,2.817167e+00,0.000000e+00,1.547950e+00
2.838186e+00,2.000403e-01,2.181618e+00,3.602553e-01,2.009506e+00,1.667398e-01,1.809932e+00
3.333265e+00,2.313109e-01,1.002943e+00,8.648795e-01,7.119955e-01,6.590393e-01,1.925279e+00
3.387656e+00,0.000000e+00,0.000000e+00,6.841241e-01,3.573278e+00,0.000000e+00,1.672801e+00
3.342377e+00,3.130635e-01,4.916406e-01,4.187029e-01,1.913435e+00,1.406842e-01,2.157151e+00
3.804455e+00,6.182712e-02,4.112480e-01,9.213854e-01,8.232520e-01,5.584486e-01,1.739124e+00
3.371264e+00,3.460508e-01,0.000000e+00,0.000000e+00,2.572348e+00,0.000000e+00,2.182607e+00
3.476470e+00,3.856124e-01,4.714951e-01,0.000000e+00,1.907660e+00,0.000000e+00,2.058998e+00
3.034476e+00,2.591087e-02,2.503272e+00,1.565473e+00,6.611771e-01,5.708026e-01,1.219557e+00
3.049138e+00,0.000000e+00,8.453237e-01,1.302075e+00,3.694795e+00,0.000000e+00,1.215721e+00
3.595452e+00,4.114817e-01,9.671145e-01,1.910911e-01,1.169690e+00,2.817013e-01,1.770962e+00
3.787921e+00,2.038196e-01,3.498793e-01,5.430519e-01,1.303814e+00,4.290549e-02,1.914083e+00
3.354042e+00,4.676465e-01,2.624817e-01,2.593783e-01,1.711114e+00,0.000000e+00,2.306589e+00
3.839476e+00,2.355189e-01,1.234860e-01,9.835660e-01,1.796045e-01,0.000000e+00,2.298721e+00
3.993214e+00,0.000000e+00,3.669776e-01,1.144523e+00,0.000000e+00,1.820407e-01,2.103752e+00
2.509431e+00,2.042288e-01,2.128557e+00,1.103848e+00,2.815302e+00,1.104632e+00,1.042433e+00
2.969243e+00,3.262058e-01,2.122493e-01,8.973251e-01,3.394869e+00,6.356764e-01,1.551207e+00
2.984014e+00,5.337717e-02,0.000000e+00,6.705961e-01,5.464520e+00,0.000000e+00,1.380793e+00
3.186543e+00,3.995672e-01,0.000000e+00,0.000000e+00,2.842355e+00,2.399864e-02,2.315524e+00
3.837097e+00,1.955424e-01,4.549124e-02,1.161202e+00,6.647022e-01,0.000000e+00,1.979159e+00
3.094349e+00,3.042266e-01,1.505041e+00,9.201544e-01,1.776811e+00,1.367850e+00,1.080635e+00
2.990294e+00,3.319307e-01,1.568961e+00,1.185690e-01,2.474555e+00,2.449735e-01,1.776569e+00
3.210394e+00,2.311391e-01,4.403378e-01,5.803043e-01,1.984166e+00,7.911690e-01,2.016230e+00
2.676093e+00,7.222375e-01,9.759185e-01,1.967010e-01,3.997027e+00,4.597960e-01,1.224877e+00
3.536524e+00,3.622623e-01,0.000000e+00,3.445703e-01,1.225007e+00,0.000000e+00,2.435269e+00
2.946294e+00,3.210337e-01,1.592382e+00,0.000000e+00,2.640073e+00,3.661865e-01,1.648906e+00
3.332967e+00,1.292004e-01,5.509197e-01,4.753245e-01,1.976143e+00,5.340781e-01,2.060787e+00
3.474088e+00,0.000000e+00,4.788439e-01,8.927483e-01,2.593130e+00,2.029994e-01,1.608753e+00
3.705181e+00,9.971830e-02,1.060747e+00,1.222512e+00,0.000000e+00,3.706085e-01,1.761959e+00
3.468880e+00,5.767940e-01,3.342294e-01,3.077909e-01,1.159888e+00,2.642608e-01,1.938863e+00
2.952114e+00,1.052894e+00,4.646848e-01,5.113256e-01,1.985457e+00,3.299933e-01,1.553163e+00
3.502625e+00,4.023866e-01,4.650611e-01,3.828003e-01,1.274182e+00,0.000000e+00,2.114665e+00
2.993767e+00,7.529001e-01,2.158263e-01,5.726947e-01,2.146035e+00,1.299156e-01,1.970316e+00
3.794548e+00,5.490534e-01,4.513615e-01,7.134960e-01,0.000000e+00,1.083500e+00,1.523951e+00
3.751378e+00,5.194991e-01,2.805973e-01,0.000000e+00,2.241773e+00,0.000000e+00,1.457691e+00
2.970761e+00,2.887034e-01,1.937020e+00,3.373502e-01,2.426822e+00,4.363447e-01,1.428966e+00
3.595807e+00,0.000000e+00,2.657132e+00,7.860841e-01,0.000000e+00,1.191039e-01,1.335626e+00
2.624671e+00,4.665622e-01,1.126326e+00,3.180438e-01,3.739545e+00,8.357913e-01,1.413577e+00
3.616090e+00,3.135227e-01,1.288485e+00,9.239478e-01,4.546137e-01,5.912247e-01,1.386814e+00
2.977018e+00,5.012884e-01,8.803966e-01,3.875763e-01,3.388976e+00,0.000000e+00,1.573482e+00
4.161751e+00,0.000000e+00,1.588452e+00,8.382747e-01,0.000000e+00,4.719769e-01,1.008330e+00
4.059628e+00,1.416982e-01,5.248379e-01,1.921617e-01,1.543759e+00,6.253504e-01,1.418982e+00
4.093770e+00,2.578752e-01,2.077511e-01,7.884789e-01,0.000000e+00,4.376332e-01,1.790441e+00
3.156875e+00,8.038404e-02,2.062504e+00,6.686360e-02,2.942536e+00,7.693655e-01,9.866146e-01
2.664482e+00,4.461647e-01,1.460259e+00,5.493208e-01,2.890015e+00,1.088599e+00,1.284411e+00
3.182059e+00,1.279233e-01,2.353069e+00,2.062576e-01,1.698202e+00,0.000000e+00,1.575547e+00
2.870645e+00,0.000000e+00,2.404704e+00,8.872277e-01,1.568210e+00,1.658476e+00,1.068002e+00
2.937400e+00,2.348455e-01,2.704330e+00,2.387807e-01,1.491088e+00,3.552804e-01,1.571481e+00
3.274221e+00,2.013830e-01,1.527532e+00,0.000000e+00,2.067506e+00,4.348248e-01,1.709692e+00
3.866592e+00,0.000000e+00,6.507725e-01,1.356902e+00,0.000000e+00,7.024124e-01,1.716343e+00
4.129521e+00,0.000000e+00,1.125556e+00,8.817659e-01,0.000000e+00,0.000000e+00,1.682359e+00
3.514282e+00,0.000000e+00,1.468563e+00,1.670757e-01,2.864192e+00,5.406991e-02,1.325658e+00
3.286026e+00,1.324906e-01,2.662548e+00,9.894814e-01,0.000000e+00,3.796906e-01,1.419060e+00
4.100380e+00,2.350159e-01,5.300561e-01,6.469614e-01,0.000000e+00,3.216986e-01,1.745587e+00
3.903557e+00,3.155536e-01,8.990201e-01,4.066018e-01,0.000000e+00,1.621790e+00,1.382722e+00
3.782301e+00,2.335003e-01,8.248127e-01,7.067163e-02,1.523782e+00,1.937830e-01,1.788194e+00
3.443425e+00,6.397737e-01,7.225575e-01,0.000000e+00,2.068465e+00,7.377445e-02,1.558716e+00
3.274705e+00,4.248292e-01,0.000000e+00,7.143453e-02,2.251590e+00,1.172669e-01,2.400631e+00
4.233311e+00,0.000000e+00,4.839094e-01,7.922009e-01,4.985813e-01,7.847214e-02,1.786691e+00
4.010396e+00,5.685506e-02,8.264497e-01,8.662265e-01,0.000000e+00,5.546015e-01,1.775338e+00
2.836215e+00,0.000000e+00,2.155326e+00,5.949890e-01,2.143594e+00,2.046920e+00,1.114104e+00
3.789310e+00,2.027022e-01,4.753608e-02,1.058483e+00,2.256108e+00,0.000000e+00,1.300903e+00
3.519937e+00,0.000000e+00,1.131971e+00,1.170056e+00,1.465785e+00,1.800478e-01,1.385931e+00
3.338795e+00,7.225874e-01,9.931281e-01,4.010359e-01,1.700247e+00,5.974663e-01,1.155674e+00
3.499419e+00,2.747321e-01,1.206996e+00,0.000000e+00,1.584396e+00,2.728562e-01,1.777822e+00
3.723948e+00,0.000000e+00,2.687117e+00,9.276398e-01,0.000000e+00,8.917087e-01,7.962042e-01
3.964315e+00,1.507920e-01,5.499488e-01,6.985629e-01,1.409767e-01,2.393031e-01,2.014207e+00
3.882490e+00,4.599236e-01,9.243026e-02,0.000000e+00,1.593540e+00,1.781505e-01,1.732728e+00
3.376919e+00,5.705819e-01,8.387406e-01,4.243463e-01,1.631090e+00,7.963793e-02,1.685702e+00
3.267831e+00,6.798441e-01,1.033626e+00,1.723572e-01,1.838751e+00,6.762245e-01,1.408731e+00
4.759227e+00,0.000000e+00,6.034166e-01,0.000000e+00,3.714246e-01,4.638277e-02,1.367084e+00
4.391374e+00,1.299652e-01,3.004960e-01,0.000000e+00,8.781012e-01,1.455248e-01,1.677910e+00
4.058481e+00,1.649461e-01,9.966833e-01,6.008710e-01,7.843797e-01,1.015394e+00,1.023162e+00
3.826616e+00,4.428346e-01,1.514640e-01,0.000000e+00,1.255153e+00,5.727139e-02,2.075723e+00
3.448424e+00,3.200024e-01,1.054327e+00,0.000000e+00,2.310248e+00,4.527441e-01,1.537357e+00
3.942152e+00,5.267373e-02,2.495796e+00,3.569042e-01,4.287155e-01,6.800235e-01,9.086685e-01
3.421089e+00,0.000000e+00,0.000000e+00,9.167663e-02,4.414170e+00,0.000000e+00,1.730658e+00
3.364148e+00,3.446442e-01,1.202403e+00,0.000000e+00,3.187435e+00,3.195313e-02,1.279291e+00
4.025772e+00,3.065649e-02,6.452030e-01,8.162720e-01,0.000000e+00,1.824996e-01,2.083138e+00
3.212667e+00,3.922222e-01,9.942422e-01,2.794876e-01,2.702743e+00,6.700406e-03,1.604841e+00
3.294738e+00,1.541986e-01,5.994597e-01,8.893808e-01,1.998288e+00,2.383792e-01,1.935702e+00
3.430189e+00,4.084856e-01,1.043128e+00,2.223872e-01,1.937334e+00,5.924939e-01,1.528883e+00
4.161976e+00,0.000000e+00,1.964995e+00,0.000000e+00,1.293144e+00,7.075964e-01,5.438696e-01
3.999337e+00,0.000000e+00,7.037888e-01,1.022616e+00,1.752299e-01,3.283919e-01,1.800564e+00
4.392601e+00,0.000000e+00,1.222280e+00,2.668104e-01,0.000000e+00,1.559193e-01,1.576749e+00
2.359378e+00,0.000000e+00,3.514804e+00,1.088410e+00,2.197481e+00,9.921482e-01,9.386910e-01
3.851079e+00,5.075923e-01,0.000000e+00,2.258898e-01,2.427720e+00,1.213715e+00,8.021532e-01
4.415251e+00,0.000000e+00,3.317665e-01,7.304121e-01,0.000000e+00,2.506755e-01,1.739097e+00
3.323163e+00,3.579855e-01,2.763077e-01,1.037048e+00,3.245337e+00,4.687469e-01,1.084354e+00
3.958221e+00,1.579736e-01,4.869017e-01,1.127229e+00,1.428281e-01,3.539379e-01,1.705820e+00
4.014954e+00,0.000000e+00,0.000000e+00,1.349221e-01,2.582122e+00,2.901898e-01,1.446140e+00
4.707205e+00,0.000000e+00,8.886899e-01,1.139073e-01,0.000000e+00,1.600098e-01,1.392981e+00
2.708748e+00,0.000000e+00,3.161562e-01,7.832083e-01,6.357837e+00,8.615684e-01,7.565713e-01
2.616997e+00,3.246447e-01,2.938237e-01,8.059548e-01,3.571775e+00,5.581343e-01,2.024049e+00
3.704368e+00,2.956202e-01,9.146539e-01,0.000000e+00,2.253042e+00,4.591015e-01,1.306067e+00
3.873315e+00,2.818663e-01,6.791645e-01,0.000000e+00,7.783222e-01,6.270048e-01,1.899335e+00
